Kids,HouseholdSize,Sex,Vehicles,Food,Housing,Alcohol,Debt,income_category
0,3,male,0,71.916,349.4,16.659,59.05,High
4,5,female,1,48.162,288.99,17.344,76.842,Medium
2,3,female,2,61.355,299.56,18.861,47.805,Low
0,2,male,0,55.09,300.69,16.811,85.109,High
0,1,female,1,53.758,258.07,14.131,68.687,Medium
0,1,male,0,34.579,261.11,13.446,32.706,Low
3,6,male,1,70.244,460.16,15.23,106.113,Medium
3,5,male,1,70.791,305.78,20.721,55.882,Medium
2,4,male,2,42.568,269.13,18.642,59.616,Medium
3,4,female,3,84.147,280.3,19.232,60.249,Low
2,4,male,1,70.803,446.4,18.548,83.838,Medium
0,1,male,1,47.502,262.48,17.516,62.976,Low
0,2,female,2,52.217,304,17.698,60.907,Medium
0,2,male,2,47.573,363.89,17.222,38.41,Medium
0,2,male,1,57.777,306.75,15.974,77.002,Low
0,2,male,2,28.822,290.79,17.311,91.867,Medium
0,1,female,0,58.329,305.46,13.319,56.123,Low
0,1,male,1,63.18,312.38,16.214,82.291,Medium
0,1,female,1,58.564,288.12,15.051,35.762,Medium
0,1,female,2,62.259,312.09,19.398,71.142,Low
0,2,male,2,63.856,380.33,16.657,49.713,High
0,2,female,2,72.222,389.65,13.657,50.008,Medium
0,3,male,1,61.731,290.19,18.19,66.531,Low
0,1,female,0,44.248,277.65,17.892,87.825,Low
0,3,male,1,58.967,312.59,15.699,58.969,Low
0,3,male,1,27.29,294.4,11.766,64.736,Medium
1,4,female,2,81.06,368.36,14.387,80.157,High
2,4,male,1,71.063,316.67,17.798,49.901,Medium
1,3,male,2,54.481,301.43,20.511,43.63,High
0,2,male,1,61.027,387.57,12.053,40.061,Medium
0,3,female,0,60.233,303.99,11.788,34.775,High
3,5,male,1,54.182,314.13,13.896,46.374,Medium
0,2,male,1,53.011,285.77,14.831,70.541,Medium
0,1,male,0,58.877,284.43,16.483,42.178,Medium
0,2,male,1,45.401,328.15,17.74,69.367,Medium
1,3,male,1,60.762,351.33,16.142,0,Medium
0,1,male,2,55.79,335.25,16.796,71.764,High
4,5,female,0,63.014,287.95,16.382,49.821,Medium
0,1,male,2,63.012,282.84,19.923,46.834,Medium
0,2,female,0,62.471,384.55,14.987,65.529,Medium
0,1,female,1,54.124,304.62,19.747,44.315,Low
1,3,male,2,67.892,299.74,18.806,40.718,Medium
0,2,male,1,67.723,329.86,22.147,69.787,Medium
0,2,female,2,57.682,346.95,15.449,79.195,Medium
2,4,male,2,62.741,315.57,21.089,56.643,High
1,3,male,1,66.415,384.19,19.648,80.424,Medium
0,3,male,2,36.963,362.66,14.178,63.331,Medium
0,1,male,1,41.243,265.24,16.102,65.231,Low
0,2,male,1,49.845,310.23,16.201,55.12,Medium
0,1,female,2,78.445,304.22,16.607,51.348,Medium
0,1,male,1,52.472,300.23,18.25,84.508,High
1,3,female,2,63.521,318.66,18.595,125.451,Medium
0,2,male,1,64.451,359.77,14.513,100.631,High
0,1,female,3,68.405,329.55,19.656,43.126,Medium
0,2,male,1,60.886,422.87,20.387,56.911,Medium
1,4,male,1,52.98,320.92,18.544,46.708,Medium
0,1,female,0,59.589,387.83,15.849,74.65,Low
2,4,male,2,46.281,424.26,15.934,57.132,High
1,2,female,1,66,389.47,17.611,44.877,Low
0,1,male,2,67.556,417.05,19.191,49.978,Medium
2,4,male,2,40.055,239.56,17.357,115.398,High
1,3,female,1,57.303,384.3,15.8,56.438,High
0,1,female,0,74.798,314.1,16.674,55.424,Medium
3,5,male,0,54.458,353.79,18.695,60.351,Medium
1,3,male,0,85.692,337.33,14.288,63.054,Medium
2,4,male,1,61.486,374.4,13.429,54.66,High
0,2,male,1,72.817,406.93,11.448,51.737,High
0,2,male,1,50.625,284.9,14.106,67.847,Medium
0,1,male,2,56.813,255,15.827,44.683,Medium
1,2,female,0,81.572,445.48,11.465,74.306,Low
0,1,female,2,55.003,295.47,17.102,49.735,Medium
1,3,male,2,60.647,346.92,17.193,24.248,High
0,2,female,1,62.484,513.9,17.53,45.609,Medium
3,5,male,2,37.611,263.32,21.652,61.648,Medium
0,2,male,1,66.254,337.23,15.059,70.745,Low
0,2,female,1,50.36,258.6,15.685,68.747,Medium
2,5,male,2,52.116,323.93,16.83,48.304,Medium
0,1,male,1,49.175,311.97,17.233,43.972,Medium
0,1,male,0,46.721,278.37,13.358,76.123,Medium
0,2,male,1,36.312,247.24,14.988,33.953,Medium
1,3,male,0,75.15,344.44,19.391,44.119,Medium
0,2,male,0,63.519,194.94,19.166,47.209,Medium
0,2,male,1,57.419,301.17,15.268,53.831,Medium
1,3,male,0,42.201,450.54,16.178,0,Medium
0,1,female,1,70.38,306.77,16.54,42.121,Low
3,6,male,0,75.594,432.41,22.648,72.188,High
0,1,female,0,55.357,248.1,17.062,55.628,Low
0,2,male,1,36.784,320.35,16.453,54.873,High
0,3,female,2,82.462,307.35,17.57,83.425,Medium
0,1,female,0,49.153,321.71,16.436,61.727,Low
0,1,female,1,63.102,364.46,23.166,65.121,Low
0,2,male,1,51.697,512.64,16.657,60.28,Medium
1,3,male,1,52.115,366.04,14.406,75.865,Medium
1,3,male,1,64.669,281.9,13.677,67.097,Medium
0,1,male,1,66.135,308.28,15.416,0,Low
0,2,male,0,67.035,373.4,17.305,75.828,Medium
0,2,male,1,88.334,441.4,18.389,52.085,High
0,3,female,1,67.139,304.79,16.948,42.943,High
0,2,male,0,71.383,318.19,26.273,60.173,Medium
1,3,male,0,41.951,297.64,21.425,75.142,Medium
0,2,male,1,48.464,352.02,18.695,54.247,Low
2,4,male,1,61.439,294.13,19.487,60.596,Medium
3,5,male,1,80.935,385.76,17.297,46.818,Medium
2,4,female,0,75.736,398.85,19.496,68.96,Medium
0,2,male,2,63.54,420.97,18.198,73.254,High
2,4,male,0,43.635,300.33,11.417,54.608,Medium
0,2,female,1,22.978,211.89,18.844,77.234,Medium
0,1,female,0,55.263,263.74,20.722,63.27,Medium
0,1,male,1,55.218,292.47,11.485,101.987,Medium
0,2,male,1,72.049,362.16,16.951,45.718,Medium
0,1,male,0,80.532,316,17.981,42.251,Low
0,2,female,0,48.767,337.39,15.041,77.266,Medium
0,1,male,1,63.591,263.36,12.599,52.186,Low
0,1,female,1,51.155,277.42,13.965,NA,Low
0,1,female,3,70.503,386.58,14.559,61.88,Low
2,4,male,1,52.095,266.27,17.648,59.72,Medium
0,1,female,3,37.787,224,19.986,66.624,Medium
0,1,male,1,57.372,350.42,23.322,87.243,Medium
0,2,male,1,51.971,312.91,23.643,53.611,Medium
0,1,female,1,42.599,340.91,21.41,75.246,Low
0,1,female,1,52.487,310.07,8.739,58.214,Medium
5,7,male,1,48.071,275.86,16.469,61.789,High
0,2,female,1,41.388,290.92,16.091,61.619,Medium
0,2,male,1,62.936,349.99,21.291,20.637,Medium
2,4,male,1,60.272,283.94,18.354,56.937,Medium
2,4,male,0,50.161,314.25,19.902,52.869,Medium
0,1,female,1,71.236,457.94,15.741,61.186,Low
0,2,male,0,58.79,367.32,14.174,62.188,Medium
0,2,female,2,47.454,285.45,18.482,77.49,Medium
2,4,male,0,51.288,376.94,18.116,70.051,High
0,1,female,1,63.221,358.82,13.61,66.625,Low
0,1,male,4,46.796,285,19.694,67.52,Medium
2,4,male,1,56.334,270.86,16.697,74.659,Medium
0,1,female,1,36.451,277.55,12.606,51.591,Low
0,2,female,1,87.936,341.35,18.494,78.83,Medium
1,3,male,0,55.598,299.94,15.199,64.876,Medium
0,3,male,2,61.534,343.3,17.882,106.338,Medium
2,4,male,2,62.27,290.66,19.573,60.84,Medium
0,2,male,5,50.026,261.58,16.306,56.452,Medium
0,1,male,0,64.942,334.25,15.193,50.602,Low
1,2,female,1,62.552,327.8,13.62,55.338,Low
0,1,female,2,57.414,350.53,14.199,58.616,Low
0,1,female,1,51.662,311.24,19.282,104.524,Low
4,6,male,1,63.703,362.13,22.244,74.498,Medium
0,1,female,2,40.236,324.34,11.491,76.433,Low
0,1,female,2,49.56,269.22,13.662,0,Low
3,5,male,0,54.91,302.89,21.037,36.353,Medium
2,4,male,1,28.118,294.09,15.181,60.362,High
2,3,female,1,61.071,364.4,19.18,82.247,Medium
2,4,male,0,34.044,203.53,19.768,58.299,Medium
0,2,male,2,52.748,236.79,15.386,61.63,High
0,3,male,1,69.562,299.56,13.117,19.807,Medium
0,1,female,1,63.146,256.28,14.103,48.291,Low
2,3,female,0,76.92,341.76,17.09,46.524,Low
0,1,male,1,29.499,299.38,17.584,65.537,Low
0,2,male,0,37.206,319.84,18.563,54.101,High
0,2,male,1,68.93,261.75,17.042,39.77,High
0,1,male,3,47.492,376.71,14.136,48.616,Low
2,4,male,0,48.13,294.18,21.45,75.477,Medium
0,1,female,3,68.914,304.74,13.772,42.362,Low
0,3,male,3,54.374,399.08,15.31,63.67,Low
0,1,male,0,51.326,268.34,14.89,58.944,Low
0,1,male,2,61.976,334.8,18.731,56.116,Medium
2,4,male,0,39.02,284.25,17.104,76.598,Medium
0,2,male,2,47.774,256.68,15.939,75.66,Low
4,5,female,1,47.232,342.57,13.811,53.945,Medium
0,2,male,2,56.236,313.87,16.189,56.975,Medium
1,3,male,0,49.075,331.09,19.598,64.017,Medium
0,1,female,0,50.93,300.98,18.081,81.815,Low
0,1,female,2,43.815,277.5,19.481,54.151,Low
0,2,female,2,59.997,307.94,19.693,58.838,Medium
1,5,male,3,60.939,287.82,14.783,55.993,High
0,1,female,0,39.268,366.53,17.889,62.782,Low
2,4,male,1,58.501,324.86,21.069,67.051,High
2,4,male,0,40.262,281.71,19.983,55.361,Medium
0,1,female,2,44.136,285.93,18.175,97.063,Medium
0,1,female,1,44.131,288.68,12.448,61.459,Low
0,2,male,1,37.145,346.31,14.738,68.28,High
0,2,female,0,31.04,232.16,14.93,70.776,Medium
0,2,male,2,47.921,245.33,14.634,62.664,High
0,1,female,2,73.383,329.56,19.218,32.884,Low
0,1,male,1,64.029,358.27,17.668,64.459,Medium
0,2,male,1,60.067,284.64,14.437,88.097,Medium
0,4,male,0,89.755,292.39,18.988,60.841,Medium
2,5,female,1,56.111,227.09,18.379,79.096,High
0,1,female,1,70.454,354.72,22.109,51.229,Medium
0,1,male,1,54.629,301.17,26.115,77.877,Low
0,2,male,2,30.08,246.18,18.99,68.666,Medium
0,2,male,2,54.488,266.79,13.388,53.292,Medium
0,2,male,1,58.132,404.62,17.258,65.32,Medium
2,5,male,0,55.328,399.51,16.747,50.688,Medium
0,1,female,0,63.425,265.01,14.637,83.009,Medium
0,2,female,1,57.27,278.1,17.209,77.293,Low
1,3,male,1,78.01,338.07,15.485,51.185,Low
0,2,male,1,71.755,506.51,15.943,74.148,Medium
1,3,male,1,47.192,337.31,11.388,64.813,Medium
0,2,female,0,59.259,451.77,22.28,75.054,Medium
0,2,male,1,58.862,289.92,17.359,53.747,Medium
0,1,male,1,69.726,483.65,20.817,57.341,Medium
0,2,male,2,49.942,380.94,12.891,78.837,Medium
0,2,female,1,83.183,506.52,10.116,61.87,High
4,5,female,0,55.255,306.9,17.814,53.427,Medium
1,3,female,0,69.38,380.79,16.943,61.931,Medium
2,4,male,2,38.369,271.59,11.433,53.669,High
2,4,male,0,61.009,325.71,16.075,57.482,Medium
0,1,female,1,49.728,312.73,18.927,81.387,Low
0,2,female,2,42.101,409.88,17.843,55.921,Medium
0,1,male,1,28.139,260.54,13.571,47.652,Low
0,2,female,2,49.494,299.42,20.559,93.622,Medium
0,1,male,0,78.727,347.38,18.076,62.412,Low
1,2,female,2,78.295,354.1,13.751,43.498,Low
0,2,male,2,64.8,287.45,18.492,52.495,Medium
0,2,male,1,76.214,318.62,14.59,65.096,Medium
0,1,male,2,36.679,228.91,13.481,40.532,Low
2,4,male,0,64.761,322.2,13.041,88.685,Medium
0,2,female,1,71.647,455.38,15.578,46.649,Medium
1,4,female,1,72.814,319.72,18.515,46.658,Medium
0,1,male,1,55.178,280.3,17.339,46.162,Low
0,2,female,1,57.655,270.09,15.247,57.962,Medium
0,2,male,1,45.765,369.87,14.622,56.159,Medium
0,3,male,2,42.748,320.34,19.804,83.957,High
1,3,female,0,42.346,325.93,17.071,70.636,High
0,2,male,1,36.262,318.33,16.369,53.637,Medium
0,2,male,1,71.349,371.21,15.358,35.324,Medium
4,5,female,0,43.123,319.35,18.601,106.91,Medium
2,4,male,1,57.668,403.31,18.011,71.372,High
0,1,female,2,47.793,317.1,15.785,49.406,Low
0,1,male,0,62.258,363.85,15.461,98.772,Medium
2,4,male,2,75.42,276.15,14.466,33.958,Medium
0,1,female,2,70.92,319.48,15.095,81.739,Low
0,2,female,2,49.208,278.71,21.892,57.22,Low
3,5,male,1,75.198,320.53,17.059,48.412,Medium
3,4,female,1,55.445,368.57,15.77,74.277,Medium
0,1,female,0,48.998,233.6,21.813,60.723,Low
4,6,female,2,52.522,268.73,18.63,69.279,Medium
0,1,female,0,57.166,297.41,18.415,61.612,Medium
1,3,male,1,48.607,357.35,21.1,64.866,Medium
1,3,male,1,62.1,248.89,17.543,55.009,Medium
0,1,male,0,75.922,330.41,17.539,59.865,Low
0,2,male,1,78.092,348.98,18.893,78.704,Medium
0,2,male,1,72.542,315.99,19.261,49.091,Low
1,3,male,1,63.48,325.76,19.499,78.875,Medium
NA,NA,NA,0,55.19,372.91,15.856,57.221,NA
2,5,male,1,64.183,271.29,17.189,40.596,High
0,2,male,1,51.492,338.24,12.372,71.283,Medium
0,2,female,1,59.977,306.55,15.186,0,Medium
0,1,female,0,49.938,332.61,12.993,63.095,Medium
0,2,male,3,39.107,346.34,18.767,61.17,Medium
2,3,female,1,76.475,376.55,21.416,79.257,Low
0,4,male,2,60.43,288.02,14.418,29.439,Medium
0,1,female,1,53.201,390.78,17.859,59.468,Low
0,1,female,2,51.75,439.71,20.88,62.604,Low
1,2,male,3,41.271,274.23,17.552,60.052,Medium
0,1,female,1,73.367,354.23,11.549,42.715,Medium
4,6,male,1,48.318,315.94,14.084,42.479,Medium
1,3,male,1,61.24,352.49,18.626,70.943,Medium
0,2,male,1,56.978,235.86,13.929,49.914,Medium
2,4,male,2,51.051,335.53,17.451,52.097,Medium
0,1,female,0,79.387,448.33,14.052,96.262,Low
0,1,female,1,63.432,304.42,14.4,60.868,Low
1,3,male,1,32.277,202.68,16.529,41.603,Low
0,4,male,1,57.241,274.85,19.491,52.8,Medium
3,5,male,0,54.029,324.36,19.495,59.032,Medium
1,3,male,1,59.788,354.31,17.473,44.441,Medium
0,2,male,1,44.6,317.2,23.263,0,Medium
0,1,female,1,51.591,305.31,19.581,51.096,Low
1,3,female,0,66.663,252.38,14.418,77.443,Medium
0,1,female,1,55.833,360.95,18.339,57.915,Low
0,1,male,2,75.14,311.77,15.244,39.276,Low
0,1,female,2,78.04,295.69,19.206,60.261,Low
0,1,male,1,80.646,307.78,18.493,45.163,Medium
0,2,female,1,72.251,318.81,20.583,81.847,High
4,6,female,1,65.753,331.3,13.384,65.112,Medium
0,1,male,2,43.96,323.59,18.68,36.089,Low
2,5,male,3,43.257,270.82,16.289,49.401,High
1,4,male,2,55.535,312.45,23.378,0,Medium
1,5,male,3,59.76,304.99,15.947,55.095,Medium
0,4,female,2,50.098,338.01,23.48,99.777,High
0,1,female,1,50.436,295.09,19.235,120.187,Medium
0,2,male,0,82.009,327.75,16.48,68.9,Medium
0,2,male,1,69.875,270.78,17.664,59.809,Medium
0,1,female,3,54.197,397.74,13.259,50.552,Medium
0,1,male,1,48.197,236.62,10.422,73.036,Low
0,2,male,1,53.247,280.37,15.704,0,Medium
1,3,male,2,59.647,302.1,18.642,58.843,Medium
1,3,female,1,50.41,274.35,16.355,61.592,High
0,1,female,1,62.133,283.1,18.796,53.721,Low
0,2,male,0,74.21,409.83,20.674,69.944,Medium
0,1,female,1,70.322,329.14,15.188,77.884,Low
1,3,female,0,62.704,292.16,15.528,54.147,Low
0,1,male,0,64.985,335.11,22.133,93.822,Medium
0,2,female,3,57.054,330.99,14.649,81.148,Medium
2,5,female,1,81.109,357.33,15.41,103.563,Medium
2,4,male,0,55.908,294.63,18.884,53.723,Medium
1,3,female,2,56.656,340.57,13.869,41.57,Low
2,3,female,1,69.309,462.44,13.479,46.991,Low
0,2,male,1,59.476,321.25,15.924,65.797,Medium
0,2,female,2,61.368,387.64,17.941,65.585,Medium
0,2,male,2,71.222,374.54,19.786,83.427,Medium
0,2,male,1,72.156,298.68,13.752,66.52,Medium
0,2,male,0,46.2,327.19,18.188,50.321,Medium
0,2,female,1,49.057,283.83,15.738,43.103,High
0,3,male,0,59.894,307.92,10.564,110.136,Medium
0,3,male,0,47.479,410.6,12.585,48.167,Medium
0,1,female,2,64.205,369.57,23.145,59.398,Medium
0,1,female,2,74.269,329.81,12.895,55.173,Medium
2,4,male,0,92.93,376.26,15.88,92.599,Medium
0,1,male,0,54.81,310.3,18.32,54.951,Medium
2,4,male,2,35.156,253.69,16.549,59.327,Medium
1,3,male,1,65.541,248.25,20.604,48.891,High
0,2,male,0,52.476,243.8,19.434,45.771,Medium
2,7,female,1,54.695,250.15,11.581,45.747,Medium
1,3,female,0,58.195,308.24,15.514,48.074,Low
0,2,male,2,49.152,318.14,16.71,74.686,Medium
0,1,male,1,33.461,294.55,16.691,74.888,Low
0,1,female,3,55.597,358.92,14.322,54.592,Medium
0,5,male,1,73.743,456.83,9.883,117.082,High
2,3,female,1,43.734,298.41,16.679,46.426,Medium
2,4,male,0,59.575,331.96,15.434,48.933,Medium
0,3,male,1,39.457,420.08,17.325,60.153,Medium
0,2,female,3,54.83,281.59,20.197,89.55,Medium
2,4,male,1,65.752,280.51,18.192,74.824,Medium
0,1,female,1,53.722,243.88,16.929,50.821,Low
0,2,male,1,69.695,385.52,16.167,59.031,Medium
0,2,male,0,49.395,268.4,18.929,74.643,Low
0,1,female,1,66.777,356.3,18.486,58.115,Low
3,7,male,2,55.43,319.7,12.688,58.964,High
0,2,female,0,35.691,259.12,20.604,55.39,Medium
2,3,female,2,76.103,429.22,18.659,59.56,Medium
0,1,female,1,58.105,321.88,18.279,0,Low
0,3,male,1,67.645,367.23,18.088,45.735,Medium
0,3,female,0,51.362,419.24,19.638,86.465,Medium
0,1,male,1,75.422,342.62,18.904,69.1,Low
0,2,male,0,44.681,240.93,19.87,92.566,Medium
3,5,male,1,78.11,381.82,18.913,57.194,Medium
1,3,male,1,55.637,311.44,15.38,59.554,Medium
0,4,male,3,64.406,325.22,17.726,74.147,Medium
0,2,female,2,52.212,325.08,19.31,72.563,Medium
0,3,male,2,59.44,294.63,15.592,69.947,Medium
0,2,male,2,65.68,311.65,15.476,60.738,Medium
0,1,male,0,46.544,241.45,22.622,120.289,Medium
0,2,male,1,64.987,298.29,14.687,66.8,Medium
0,1,male,0,63.759,346.74,15.793,68.744,Medium
0,1,male,1,62.266,313.62,19.375,51.519,Medium
0,4,male,1,74.938,314.31,16.437,66.889,High
0,1,male,2,80.758,368.74,16.238,27.795,Low
0,2,male,2,48.397,290.03,13.008,51.422,Medium
0,1,male,0,46.473,284.94,20.098,48.11,Low
0,2,male,1,66.996,315.92,16.832,57.988,High
0,2,male,0,45.414,381.73,20.858,73.597,Low
0,1,female,1,55.388,274.3,20.293,83.165,Medium
0,2,male,0,77.712,290.8,20.282,20.583,Medium
0,2,male,1,37.661,301.7,17.671,74.94,Medium
0,1,female,0,41.134,327.52,16.029,97.237,Low
0,2,male,0,44.91,267.39,20.037,84.762,Medium
1,3,male,2,65.422,285.4,14.628,59.41,High
0,2,female,0,49.893,280.99,22.457,51.429,Medium
0,2,male,2,74.515,428.13,19.977,58.798,Medium
3,5,male,0,73.484,355.53,18.186,82.879,Medium
0,1,female,0,56.458,461.17,19.193,78.82,Low
0,2,female,1,61.922,311.28,15.46,76.809,Medium
0,2,male,0,61.131,294.34,18.98,86.205,Medium
0,2,male,0,64.263,282.97,18.85,55.674,Medium
0,1,female,1,56.419,474.05,20.016,70.641,Low
0,1,female,1,55.613,276.68,21.229,60.136,Medium
1,3,male,2,44.197,348.42,15.929,46.376,Medium
3,5,male,1,48.238,244,12.971,62.746,Medium
0,2,male,0,49.362,389.83,14.459,57.131,Medium
0,1,male,0,51.653,312.96,17.788,77.994,Medium
0,1,male,2,49.137,310.72,19.121,75.104,Low
0,1,male,1,46.408,360.43,19.338,65.361,Medium
0,2,female,0,65.98,449.32,15.718,32.904,Medium
1,3,male,2,53.878,310.63,19.161,74.596,Medium
0,2,female,0,61.206,266.77,16.681,56.103,Medium
0,1,female,3,43.352,271.76,19.806,60.004,Low
0,1,female,1,41.624,284.79,20.601,68.912,Low
2,4,female,0,61.636,293.62,21.091,58.426,Medium
2,4,female,0,82.93,378.62,14.111,49.29,Medium
0,1,male,2,52.226,313.74,13.853,61.563,Low
3,5,male,1,79.069,317.89,12.035,39.922,High
1,3,female,1,68.928,274.64,18.931,53.226,Medium
1,3,male,1,66.962,341.33,15.553,40.877,Medium
0,1,female,0,47.008,351.58,20.256,67.565,Medium
1,2,male,1,80.484,295.6,14.459,52.571,Medium
0,2,male,2,46.033,302.15,17.731,75.396,Medium
0,4,male,0,63.693,242.97,18.112,43.429,Medium
0,2,male,4,34.28,244.84,19.977,60.744,Medium
1,2,female,0,46.243,195.74,18.631,57.333,Low
0,1,female,2,64.569,339.71,21.706,0,Low
0,2,female,2,74.177,360.14,16.609,51.682,Medium
0,1,male,1,65.982,321.11,15.828,38.515,Medium
0,1,male,1,81.57,310.54,17.982,60.964,Medium
0,1,female,1,33.528,236.36,20.247,64.101,Low
1,2,female,0,26.298,288.17,23.665,65.115,Low
0,2,female,1,64.091,388.29,21.186,58.936,Medium
0,2,male,2,50.297,421.97,13.701,62.635,Medium
0,2,male,0,68.571,287.76,16.807,NA,Medium
0,3,male,1,78.656,302.89,20.099,58.965,Low
0,2,male,0,61.244,407.92,18.028,67.662,Medium
0,1,female,2,51.687,257.87,17.165,46.693,Low
1,4,male,2,73.255,455.09,16.995,22.467,High
1,2,female,3,51.979,362.54,12.656,49.553,Low
0,1,male,0,62.37,300.81,14.221,112.64,High
0,2,male,1,68.921,247.45,21.13,53.682,Medium
0,1,male,1,69.467,353.66,14.408,61.076,Medium
0,2,female,2,61.142,406.95,15.244,42.549,Low
0,1,female,1,54.14,387.36,12.911,62.465,Medium
0,1,male,2,73.43,492.04,15.485,98.19,Medium
0,1,female,1,47.716,273.5,21.47,53.494,Low
0,5,female,0,65.158,332.55,12.711,81.227,Medium
0,4,male,2,41.883,311.48,11.572,63.705,High
0,2,male,2,53.139,272.34,16.815,42.281,Medium
0,1,female,2,44.438,204.12,10.53,33.253,Medium
0,2,male,3,50.359,229.59,16.33,60.121,Medium
2,4,male,2,56.383,330.93,19.216,47.414,Medium
1,4,male,1,44.835,309.94,15.958,63.916,Medium
0,1,female,0,49.698,333.99,24.176,57.52,Low
1,3,female,2,60.492,374.39,14.847,49.733,Medium
0,2,male,1,60.783,426.06,13.976,96.991,High
0,3,female,2,42.806,260.41,14.498,50.351,Medium
1,2,female,0,80.637,355.87,21.028,127.065,Low
2,7,male,3,90.827,347.09,15.196,70.682,High
1,3,male,1,41.762,283.77,19.42,53.411,Low
3,5,male,0,45.052,264.33,15.016,68.696,Medium
0,2,male,1,78.026,329.09,16.42,39.459,Medium
0,1,female,0,42.298,285.12,15.219,67.935,Low
0,1,female,2,68.68,343.39,15.646,69.429,Medium
3,4,female,2,59.22,319.51,13.241,148.415,Medium
0,3,female,1,45.408,214.66,24.5,55.829,Medium
0,1,female,1,63.509,275.82,14.598,35.786,Low
2,4,male,0,56.255,351.92,19.133,65.423,Medium
0,1,female,1,53.42,364.93,16.857,55.895,Medium
0,1,female,1,56.623,303.25,18.277,60.563,Low
1,3,female,2,44.363,346.1,10.62,60.288,Low
0,3,female,2,57.284,418.54,18.248,98.611,Medium
1,3,male,1,85.597,412.71,16.668,55.999,Medium
0,1,female,1,60.074,318.85,16.003,56.249,Medium
0,3,male,1,38.989,275.7,16.517,79.367,Low
1,3,male,2,73.655,360.79,15.77,77.804,Medium
1,3,male,2,48.082,363.3,19.577,46.784,Medium
0,1,female,1,65.082,330.2,16.618,28.264,Low
0,1,female,2,62.68,312.14,14.108,63.851,Low
2,3,female,1,64.109,441.83,11.831,53.485,Medium
0,2,female,1,72.386,376.33,14.875,38.541,Low
1,2,female,1,60.192,348.43,13.689,49.387,Low
3,5,male,2,66.265,290.04,13.35,48.282,Medium
0,2,male,0,74.917,328.26,18.661,48.696,High
0,2,male,0,73.659,311.56,18.673,72.697,Medium
3,5,male,2,64.139,344.23,14.538,61.467,Medium
1,3,male,1,63.099,270.51,15.506,34.556,Medium
0,4,female,1,53.513,361.63,17.083,52.999,Medium
0,2,female,1,36.065,316.07,16.007,64.71,Medium
0,2,female,2,75.151,372,12.358,36.493,Medium
0,2,male,0,59.808,317.52,16.381,48.882,Medium
0,1,male,1,48.356,262.68,13.013,39.966,Low
0,2,male,1,76.442,270.02,15.512,47.659,Low
0,1,male,1,64.747,382.28,17.642,82.842,Low
0,2,male,1,56.277,315.28,18.608,66.415,Low
0,2,male,1,76.745,321.24,15.428,55.775,Medium
1,2,female,1,45.613,303.57,14.827,65.621,Low
0,2,female,3,69.273,389.36,18.77,51.825,Medium
2,5,male,0,62.798,344.46,18.096,58.157,High
0,2,male,0,47.935,280.21,16.693,63.34,Medium
0,2,male,2,40.579,253.82,16.903,54.593,Medium
0,1,male,1,57.774,410.74,20.216,81.653,Medium
1,3,male,1,59.269,307,12.888,45.386,Medium
2,3,female,1,55.071,319.47,17.136,61.591,Medium
0,2,female,3,64.026,401.56,18.667,60.816,Medium
0,2,male,1,78.94,353.44,17.421,59.959,Medium
0,1,male,0,79.984,343.85,21.688,78.163,Low
0,1,female,1,64.866,370.69,15.271,63.435,Low
1,3,male,1,66.501,317.71,16.083,95.582,Medium
0,1,female,2,46.321,316.66,17.593,43.922,Low
0,2,male,2,45.492,243.81,14.903,49.154,Low
0,2,female,1,61.456,229.21,20.671,61.551,Medium
0,1,female,0,58.273,290.1,15.837,61.358,Low
0,2,male,1,34.373,227.26,12.863,67.059,Medium
0,2,male,1,74.994,306.42,26.003,77.674,Medium
0,2,male,0,47.13,215.61,18.528,56.724,Medium
1,3,male,0,59.409,290.68,15.855,83.318,Medium
0,2,male,1,68.875,359.75,20.369,57.928,Medium
2,4,male,0,47.196,291.45,10.939,45.351,Medium
2,4,male,2,76.618,345.66,15.131,58.416,Medium
0,1,female,0,45.416,273.41,14.285,55.226,Low
0,1,male,2,44.563,286.66,20.367,62.967,Low
0,1,male,0,31.251,206.35,17.07,43.378,Medium
0,2,male,1,29.792,220.38,17.091,65.805,Medium
3,4,female,1,61.533,382.84,11.293,57.935,Medium
0,1,male,0,58.403,340.37,12.995,53.041,Medium
0,2,male,0,54.939,348.5,23.219,72.577,Low
0,2,female,2,55.504,339.21,21.404,52.559,Low
0,1,female,1,36.826,275.25,19.862,50.581,Medium
0,1,female,0,49.038,293.16,14.473,37.529,Low
0,2,male,2,62.995,297.77,14.726,61.293,High
1,3,male,0,65.765,393.43,19.1,103.064,Medium
0,1,male,1,52.272,326.06,16.814,51.667,Medium
0,2,male,0,67.288,305.44,17.391,67.372,Medium
0,1,male,0,43.144,321.97,17.991,78.29,Medium
0,1,female,1,49.011,255.81,16.32,74.339,Low
0,1,male,2,55.867,309.19,18.582,25.467,Medium
2,3,female,1,54.172,273.36,16.381,45.889,Medium
0,2,male,2,52.32,304.19,19.877,76.648,Medium
0,4,female,2,61.364,382.44,15.134,62.372,High
0,1,female,2,76.003,280.61,15.601,87.83,Low
1,2,female,1,50.819,278.56,16.196,0,Low
0,2,male,1,42.403,255.78,11.441,52.355,Medium
0,1,male,1,79.837,319.83,18.336,53.016,Low
0,1,male,1,52.472,352.85,16.201,54.989,Medium
3,5,male,1,48.5,274.96,25.022,52.331,Medium
2,4,male,1,61.562,260.18,13.03,78.659,Medium
1,3,male,0,81.1,406.7,11.78,70.543,High
0,2,male,4,53.075,379.95,18.356,60.626,Medium
1,3,male,1,49.347,282.88,17.934,69.622,Medium
2,3,male,1,50.675,296.07,20.404,80.583,Medium
0,2,male,1,55.886,342.45,16.862,48.402,Medium
0,3,male,2,67.512,284.28,12.127,51.658,Low
1,3,male,4,46.728,328.48,17.346,37.349,High
1,3,female,1,51.57,240.17,18.187,44.713,Medium
0,1,male,1,60.252,263.02,14.045,49.638,Low
1,3,female,2,47.08,338.41,21.006,75.921,Medium
0,2,male,1,62.384,283.83,16.509,63.952,Medium
1,2,female,0,45.156,428.68,17.974,75.626,Low
0,2,male,2,55.579,258.91,15.471,60.99,Medium
2,4,male,1,66.24,393.23,22.458,68.464,Medium
0,2,male,2,50.576,310.36,22.759,67.171,Medium
0,2,male,1,77.323,391.74,13.021,60.111,Low
1,3,female,2,60.416,306.71,17.129,16.758,Medium
0,2,male,1,69.16,367.58,17.685,42.793,Medium
0,2,male,1,70.492,375.5,16.304,51.029,Low
1,3,female,1,55.941,318.11,14.84,47.157,Medium
0,1,female,0,53.177,295.97,21.197,82.515,Low
0,1,male,2,46.358,321.27,14.588,30.04,Low
0,2,male,1,88.732,399.34,18.132,83.912,Medium
0,4,male,1,64.081,278.24,16.155,87.445,Medium
0,2,female,2,42.962,291.87,17.632,47.733,Low
2,5,male,3,76.691,399,20.88,63.002,Medium
1,3,female,1,68.743,397.64,10.063,78.507,Medium
0,2,female,0,56.851,287.82,17.945,81.734,High
4,5,female,1,73.458,329.85,18.16,78.605,Medium
0,1,female,0,50.631,294.23,22.987,71.474,Medium
0,1,female,2,58.061,299.93,18.53,63.098,Low
0,4,male,1,65.007,360.67,11.414,63.351,Medium
0,2,male,1,52.007,248.79,21.041,71.69,Low
0,1,male,1,48.741,376.13,12.436,53.373,Medium
2,4,female,0,59.315,354.34,23.02,38.801,Medium
1,6,female,0,29.3,239.73,18.953,47.632,Medium
0,6,male,1,71.868,373.22,17.118,37.183,Medium
0,1,female,0,52.156,309.85,15.497,62.059,Medium
2,4,male,2,69.014,331.28,19.601,70.067,High
1,3,male,0,32.698,328.74,18.099,56.424,Medium
0,1,male,1,44.002,289.55,17.648,66.892,Medium
0,2,male,2,51.102,408.29,16.058,58.758,Medium
1,2,female,1,61.326,276.4,20.469,69.655,Medium
0,3,male,2,63.67,370.36,19.776,35.995,Medium
0,2,male,4,75.744,415.68,16.678,45.374,Medium
0,2,male,3,49.665,396.88,17.875,49.202,Medium
0,3,female,0,60.738,373.8,17.71,55.387,Medium
0,1,female,1,83.971,352.59,20.038,60.062,Medium
1,3,female,2,46.377,242.97,20.754,78.073,Medium
2,3,male,0,51.299,263.85,16.501,65.192,Low
2,4,male,0,56.866,417.4,19.284,0,Medium
0,2,male,2,61.011,354.98,19.995,67.288,Medium
0,1,male,1,63.677,340.98,9.187,53.172,Medium
1,3,male,1,70.139,299.32,15.923,38.71,Medium
0,2,male,0,48.067,313,17.266,79.373,Medium
0,2,male,3,50.392,330.5,17.676,54.813,Medium
0,1,female,2,43.898,320.08,15.302,76.92,Medium
0,1,male,1,46.201,265.49,15.318,62.361,Medium
0,1,male,1,34.672,344.68,13.532,64.27,Medium
0,3,male,2,64.503,277.19,16.251,37.189,Medium
2,4,male,0,64.184,333.37,14.316,101.458,Medium
0,2,male,1,91.1,330.32,14.75,48.882,Medium
0,2,male,1,37.255,243.38,20.297,87.729,High
3,4,female,1,84.779,337.94,16.917,28.897,Low
1,3,male,0,50.907,284.41,16.035,23.036,Medium
6,8,male,1,47.326,365.95,11.178,0,Medium
1,4,male,1,63.863,341.78,19.343,60.426,Medium
0,2,male,3,67.131,247.29,19.562,48.703,Low
0,4,male,1,62.382,266.35,18.137,46.48,Medium
0,2,male,1,47.675,258.25,12.916,67.638,Medium
0,2,male,2,52.256,286.65,16.486,68.75,Low
0,1,female,0,38.872,249.82,18.634,93.039,Low
0,2,male,0,56.226,285.68,18.273,64.289,Low
1,3,male,1,82.266,325.28,16.391,84.672,Medium
2,4,male,3,62.561,297.15,20.264,79.944,High
2,4,male,1,73.306,340.7,18.487,93.033,Medium
0,2,female,3,53.694,309.99,13.439,74.882,Medium
1,3,male,1,69.735,241.73,19.745,97.357,Medium
0,1,female,3,57.718,259.3,15.226,43.221,Medium
0,1,male,1,54.365,235.38,23.143,98.855,Medium
0,2,male,1,71.743,369.83,12.375,45.457,Medium
0,2,male,1,40.077,247.26,15.866,65.752,High
2,4,male,0,47.699,386.94,11.696,55.397,High
0,1,female,1,43.238,327.59,16.321,64.004,Medium
0,3,male,2,73.453,404.91,16.911,54.935,Medium
2,4,female,0,41.247,422.01,14.884,77.476,Medium
2,4,male,0,48.899,407.71,13.971,52.332,High
0,2,male,0,36.157,237.67,19.482,77.104,Medium
1,3,male,0,44.035,294.66,15.981,47.031,Medium
0,2,male,1,64.801,276.76,15.213,59.078,High
0,1,female,2,57.602,325.67,16.982,69.728,Medium
0,2,male,1,59.958,323.67,14.23,46.523,Medium
1,3,female,1,47.066,264.73,12.574,50.114,High
0,1,female,2,53.191,400.36,17.759,0,Low
0,2,male,2,72.46,351,18.763,63.652,Medium
0,1,female,0,51.716,268.94,17.62,76.76,Medium
0,2,female,4,58.687,470.85,17.543,75.732,Medium
0,4,male,1,56.69,327.45,21.963,75.163,Medium
0,1,male,1,72.365,328.49,12.528,74.343,Medium
0,2,male,1,60.894,323.86,15.117,112.479,Low
0,2,female,0,45.696,319.18,17.679,62.304,Medium
0,2,male,3,45.231,270.33,13.949,64.67,Medium
0,3,male,0,27.241,194.28,18.716,60.971,Low
2,5,female,0,51.616,291.79,17.648,59.795,Medium
0,1,male,1,70.587,308.15,19.956,64.724,Medium
0,1,male,1,57.406,337.93,16.894,71.877,Low
0,1,female,1,87.874,429.35,17.172,69.108,Medium
0,2,female,2,64.163,409.14,18.692,74.074,Medium
0,2,male,2,63.872,306.41,14.735,47.046,High
0,1,female,0,61.424,295.54,11.839,29.93,Medium
0,2,male,1,48.393,349.97,19.508,61.699,Medium
0,2,male,1,51.603,267.37,20.277,67.42,High
0,2,female,1,68.226,380.24,18.993,44.34,Low
5,8,male,0,56.42,303.63,18.278,58.576,Medium
0,2,female,1,51.769,327.54,19.634,77.08,Low
0,1,female,1,54.355,265.31,19.51,90.235,Medium
0,2,male,1,40.734,226.74,19.562,42.385,High
2,4,male,0,58.973,397.34,19.507,51.034,Low
0,1,female,2,12.25,249.87,10.986,54.81,Low
0,1,female,1,58.395,288.3,13.551,83.652,Medium
5,7,male,1,62.787,312.98,13.864,61.809,Medium
0,2,female,1,49.529,325.83,16.838,53.772,High
1,3,male,1,30.669,294.99,18.912,55.745,Medium
0,4,female,0,48.284,312.99,15.323,41.107,High
0,2,male,1,42.456,240.31,21.315,44.943,High
0,1,male,1,74.476,328.81,14.967,47.958,Low
0,2,male,2,60.842,321.95,18.975,75.09,Low
1,4,male,1,52.8,293.21,20.278,80.113,Medium
0,3,male,0,63.769,340.97,18.427,61.061,Medium
0,2,male,0,40.892,251.72,20.263,56.106,Medium
0,1,female,0,67.872,318.56,17.461,56.221,Medium
2,3,female,2,54.495,289.13,16.008,42.274,Medium
0,2,male,1,56.015,268.81,14.257,51.008,Medium
0,3,female,0,57.505,331.63,21.785,45.745,Medium
0,2,female,1,38.937,240.03,21.664,0,Medium
3,5,male,2,41.825,275.73,15.921,60.847,Medium
0,2,female,1,41.151,263.11,20.19,0,Medium
0,2,male,1,29.167,319.28,17.398,43.73,Medium
2,4,male,0,38.619,292.69,12.875,59.424,Low
2,4,female,1,73.329,316.73,16.264,68.204,Medium
2,3,female,2,56.56,319.55,20.307,57.793,Low
0,1,female,1,47.737,247.89,15.871,55.403,Low
1,3,male,1,71.915,295.86,16.627,50.569,Medium
1,3,male,2,66.178,330.88,16.49,83.489,Medium
1,2,female,1,69.986,424.02,25.075,0,Low
2,4,male,2,50.625,311.4,21.882,71.814,Medium
1,3,female,0,42.484,290.9,18.91,56.369,Medium
0,2,male,1,45.82,261.53,12.782,27.258,Medium
0,2,female,2,63.695,273.87,19.386,65.004,High
0,3,male,1,44.103,251.05,17.16,65.996,Medium
2,3,female,0,62.92,345.35,18.164,90.997,Medium
3,4,female,0,61.402,276.64,18.238,60.418,Low
3,5,male,2,65.197,347.16,17.266,80.012,Medium
1,2,male,2,66.263,347.44,16.934,52.763,Medium
0,2,female,1,61.735,341.29,12.318,43.795,Low
2,4,male,2,69.294,391.6,18.147,70.013,Medium
0,1,female,1,58.833,329.98,19.947,60.204,Low
0,1,female,0,32.092,314.9,17.389,75.221,Low
2,3,female,1,53.584,320.69,13.693,50.912,High
0,1,female,1,57.732,373.98,20.778,52.882,Low
0,2,female,3,64.87,310.64,16.428,58.879,Low
0,2,male,2,51.341,304.26,16.09,47.712,Medium
0,1,male,1,77.022,264.69,13.325,37.074,Medium
0,1,female,1,64.073,351.5,21.721,71.567,Medium
0,2,male,1,51.538,269.57,20.638,56.258,Medium
0,1,male,3,22.669,280.51,12.667,40.436,Low
0,1,female,0,68.62,305.1,14.37,64.012,Medium
0,2,female,1,17.824,281.92,15.272,57.799,Medium
0,1,male,1,54.584,455.36,22.131,87.427,Low
0,2,male,1,80.108,362.07,20.084,78.803,Medium
2,4,male,2,51.403,246.33,21.629,69.19,Medium
0,1,female,2,57.987,337.7,13.414,0,Medium
0,1,female,0,75.218,399.36,16.186,84.799,Low
1,3,male,2,77.013,314.89,22.3,80.904,Medium
1,3,male,1,80.15,287.6,15.965,63.177,Medium
2,4,male,1,67.19,345.42,13.166,44.486,Medium
0,2,male,2,71.11,404.55,17.446,58.337,Low
0,2,male,1,64.717,322.93,16.66,64.72,Medium
0,2,male,0,55.337,261.11,12.502,53.199,Medium
1,3,male,2,49.099,312.44,18.392,59.033,Medium
0,2,male,1,53.039,285.08,18.138,59.319,Medium
2,4,male,1,48.169,276.04,16.793,50.57,Medium
0,1,male,0,43.536,311.14,11.758,48.907,Low
0,2,female,1,63.487,313.24,14.426,49.431,Medium
0,2,female,1,68.507,287.29,24.033,53.988,Medium
0,2,male,2,41.807,275.52,19.037,69.564,Low
0,4,male,1,50.08,336.81,13.245,62.441,High
0,2,male,1,53.256,281.53,16.438,84.622,Medium
1,3,male,1,41.6,237.03,18.024,64.742,Medium
0,2,male,1,44.178,411.55,10.913,36.156,High
3,5,male,2,84.588,422.82,15.896,78.253,Medium
0,1,female,1,79.946,492.73,16.895,53.12,Medium
0,1,female,1,40.942,266.7,14.644,68.905,Medium
0,1,female,1,77.073,346.77,18.943,47.685,Medium
0,2,male,2,45.125,300.8,17.805,60.63,Medium
0,1,female,3,49.272,372.17,16.862,62.268,Medium
0,1,female,1,71.565,294.89,15.11,48.41,Low
0,2,male,5,77.543,353.11,19.927,72.397,Low
1,4,male,0,81.257,395.04,13.51,67.197,Medium
0,1,female,2,80.249,422.15,20.358,37.678,Low
1,2,female,0,28.477,288.59,19.727,70.446,Medium
0,2,male,1,55.009,338.67,19.085,73.456,Medium
2,3,female,1,54.799,350,19.025,82.692,Medium
0,1,female,1,68.115,283.39,19.953,48.736,Low
0,2,male,0,52.295,220.59,17.368,67.289,Medium
0,1,female,0,60.013,252.66,13.046,52.631,Medium
0,1,female,0,48.204,267.42,14.956,39.163,Low
0,1,female,0,52.518,283.2,18.063,61.139,Low
0,2,male,1,31.074,239.49,15.007,41.869,Medium
0,2,male,1,53.097,387.83,17.668,30.181,Medium
0,1,female,0,61.567,361.43,14.908,0,Medium
0,2,male,1,83.191,446.57,14.721,51.013,Medium
0,1,female,1,66.263,274.19,24.023,72.648,Low
1,7,female,2,77.522,308.31,17.179,82.946,Medium
1,3,male,2,75.375,323.47,19.092,68.561,Medium
0,1,female,0,46.648,311.25,14.899,0,Medium
0,2,male,0,53.247,417.54,11.714,56.424,Medium
0,1,female,0,57.628,321.69,15.905,49.66,Low
1,3,male,0,49.761,301.03,18.959,51.848,Medium
1,2,female,1,64.34,309.2,18.584,76.68,Medium
1,3,male,3,53.006,286.22,12.553,51.809,Medium
0,2,male,0,60.413,380.78,23.597,69.748,Medium
1,3,male,1,53.103,284.05,14.98,52.593,Medium
0,1,female,2,53.8,269.94,19.103,89.541,Low
0,2,male,2,60.937,266.23,17.101,60.506,Medium
2,3,female,1,57.407,243.83,18.945,45.639,High
0,2,male,2,67.023,352.25,17.173,81.794,Medium
0,1,female,1,61.458,361.07,21.422,61.76,Low
0,2,male,1,51.3,338.22,17.429,56.705,Medium
3,4,female,1,51.276,207.68,14.283,44.167,Low
0,3,male,1,35.46,295.44,23.06,71.837,Medium
2,3,female,1,56.018,236.33,16.9,29.002,Low
0,1,female,2,62.802,338.76,16.866,69.776,Low
0,1,female,0,49.024,308.87,22.748,68.588,Low
0,2,male,1,49.108,301.86,14.761,69.702,Medium
0,2,male,0,49.821,318.93,21.55,53.793,Medium
1,3,male,2,38.141,291.21,19.201,48.634,Medium
0,2,male,1,70.447,274.28,20.034,72.589,Medium
NA,NA,NA,1,38.802,236.32,9.457,78.02,NA
1,3,male,2,42.866,261.43,11.925,40.584,Medium
1,4,male,2,38.131,266.34,19.86,70.89,Medium
1,3,male,1,60.975,238.06,16.442,57.769,High
0,1,male,0,47.544,255.92,18.002,63.83,Low
0,1,female,1,70.651,324.21,16.304,47.711,Low
0,2,male,0,41.139,357.83,15.039,92.972,High
0,2,male,1,79.122,353.29,15.231,66.36,Medium
0,2,male,1,59.593,349.51,16.658,69.853,Medium
0,3,female,1,47.555,232.08,18.334,37.353,Medium
0,2,male,2,64.095,256.66,18.576,43.096,Medium
0,2,female,0,39.435,299.72,19.586,64.469,Medium
2,3,female,0,63.78,320.9,16.694,95.427,Low
0,2,male,1,72.54,346.85,15.012,61.802,Medium
1,3,male,2,87.848,373.64,17.74,66.529,High
0,2,male,1,59.142,384.66,11.806,53.977,Medium
0,2,male,2,47.779,314.35,19.53,54.542,Medium
0,2,male,2,57.996,377.69,17.233,50.923,Low
0,2,male,1,37.68,286.54,18.584,81.501,Low
0,2,male,1,71.823,372.15,20.33,74.554,Medium
0,1,female,1,55.603,345.18,17.678,63.125,Medium
0,2,male,0,69.96,354.9,15.532,57.329,Medium
0,2,male,1,56.544,327.22,19.077,58.193,Medium
0,1,female,1,70.716,388.35,19.63,47.592,Low
0,1,male,1,35.918,366.84,19.614,91.368,Low
0,3,male,1,61.578,268.98,12.97,55.498,Medium
0,1,male,0,66.534,294.15,18.355,52.003,Low
2,4,male,0,36.332,199.36,12.054,47.607,Medium
0,2,male,1,73.515,325.35,18.731,41.227,Medium
0,3,female,0,70.119,284.74,14.981,73.385,Low
0,2,male,2,62.088,472.29,19.928,43.735,Medium
2,3,female,1,46.462,291.32,18.582,54.305,Low
0,2,male,1,62.668,357.5,13.224,34.148,Medium
0,1,female,0,69.242,307.88,19.952,53.051,Low
0,2,male,0,59.362,352.16,18.855,64.605,Medium
0,1,female,1,56.038,421.03,20.029,80.009,Low
0,1,male,0,38.742,229.39,15.367,57.122,Low
3,6,male,1,55.625,294.81,16.461,63.409,Medium
0,3,female,0,55.926,331.32,14.909,62.315,Medium
0,1,male,1,54.518,267.84,17.32,56.714,Medium
0,2,male,0,64.506,336.46,14.228,47.909,Low
0,2,male,2,71.142,396.6,16.537,72.834,Medium
0,1,female,0,58.104,344.44,15.894,69.24,Low
0,3,female,2,57.004,335.8,13.665,60.059,Medium
0,2,male,1,76.977,304.83,16.876,48.444,Medium
2,4,male,1,63.133,316.22,14.546,54.943,High
0,2,male,1,80.94,337.64,17.139,83.906,Low
2,5,male,2,69.753,258.56,20.573,66.306,High
2,4,male,1,63.361,395.66,20.656,60.486,Medium
0,2,male,0,51.536,290.86,11.845,114.84,Medium
1,3,male,1,42.439,280.51,17.198,61.444,Medium
1,9,male,0,68.383,285.38,18.394,79.883,High
0,2,male,0,63.101,340.75,16.767,65.664,Medium
3,5,male,1,57.328,316.58,13.328,39.403,Medium
0,2,male,2,50.856,347.92,12.711,91.757,Medium
2,4,male,2,62.151,260.17,20.586,59.847,Medium
2,4,female,0,58.744,349,24.301,83.184,Medium
0,2,male,1,70.659,361.43,14.383,85.689,Medium
0,1,male,1,55.246,243.27,16.273,18.944,Medium
0,1,male,0,44.345,380.31,16.652,69.503,Medium
1,3,male,2,47.757,303.15,14.239,42.38,Medium
0,2,male,1,52.815,257.7,18.48,0,Medium
0,2,male,1,38.9,337.35,21.93,62.049,Medium
0,1,female,1,46.805,327.74,13.884,56.952,Medium
0,1,male,0,36.663,272.84,14.977,59.745,Low
0,1,male,1,49.318,345.52,15.353,52.675,Medium
1,3,male,0,45.525,301.64,18.887,49.425,Low
0,2,male,1,67.942,332.97,18.185,48.381,Medium
0,1,male,2,58.882,275.12,18.909,100.575,Low
0,2,female,1,54.643,315.72,17.287,94.299,Low
0,1,female,0,68.942,295.25,16.37,30.556,Low
0,1,female,1,49.163,320.9,19.821,52.31,Low
2,4,female,1,56.14,271.73,19.748,46.839,Medium
0,2,male,0,79.047,360.3,21.284,39.446,Low
0,2,male,2,69.395,344.41,21.544,110.169,Low
0,1,female,1,59.284,367.22,19.622,50.274,Low
0,2,male,3,61.185,309.13,16.652,71.673,Medium
0,1,female,1,45.737,263.91,18.38,72.459,Low
4,6,male,1,61.934,332.67,16.558,42.268,Medium
0,2,male,1,61.466,327.95,18.268,69.622,High
0,1,female,0,47.349,294.23,19.272,62.96,Medium
0,1,male,1,84.009,389.64,18.065,63.927,Medium
0,3,male,1,61.242,336.31,16.152,55.193,Medium
0,1,male,2,79.293,333.46,17.914,34.171,Medium
0,2,male,0,58.761,327.79,16.262,0,Low
0,2,female,1,86.345,335.28,20.479,73.357,Medium
3,5,female,1,56.97,264.35,8.844,36.989,Medium
1,3,male,2,37.087,301.25,20.763,40.422,Medium
0,1,male,2,47.002,276.73,22.621,0,Low
0,1,female,1,62.209,364.93,16.491,85.168,Low
0,3,male,4,62.322,380.36,16.499,82.177,High
2,4,male,1,65.332,348.51,8.007,30.946,Medium
0,2,female,1,78.726,401.9,15.054,76.528,Low
0,2,male,3,58.949,309.74,18.097,73.131,Medium
0,2,male,2,59.607,283.19,16.422,73.633,Medium
0,1,male,1,53.018,380.8,21.249,53.887,Medium
0,2,female,2,40.875,297.88,17.125,53.586,High
2,4,female,1,60.059,298,14.031,55.355,Medium
0,2,male,2,73.942,345.18,19.14,46.744,Medium
0,2,male,2,50.764,381.12,15.61,56.346,Medium
0,3,male,0,78.355,300.31,22.101,46.619,Medium
0,2,male,1,71.84,334.22,19.044,63.669,Medium
0,2,female,1,54.43,269.71,14.217,54.731,Medium
2,4,male,2,61.416,303.62,20.787,54.479,Medium
0,1,female,1,69.006,378.12,11.813,62.876,Medium
2,5,male,1,47.499,257.85,22.312,89.558,Medium
3,5,male,1,74.575,418.46,13.762,74.306,Medium
0,1,female,1,51.131,348.14,19.784,81.296,Medium
2,3,female,1,53.97,364.37,14.032,54.499,Low
0,1,female,1,61.163,317.65,16.751,51.733,Low
0,2,female,0,67.027,293.73,20.255,75.878,Medium
0,1,female,1,65.414,279.44,19.265,80.619,Medium
0,2,male,1,75.762,314.19,17.743,59.377,Medium
0,2,male,0,52.752,413.03,11.445,63.503,Medium
2,3,female,2,54.798,301.49,17.211,51.357,Low
0,1,female,1,73.61,340.49,19.759,65.343,Medium
0,3,male,1,47.596,393.86,18.666,75.905,Medium
1,3,female,0,57.821,259.17,14.087,60.804,Medium
1,3,male,0,42.477,444.1,14.289,86.6,Medium
0,1,male,0,22.535,181.22,21.506,42.049,Low
1,4,male,1,37.239,224.85,20.361,63.79,Medium
0,2,female,2,60.353,284.05,15.462,42.721,Medium
0,3,male,0,54.752,353.86,18.947,66.322,Low
0,2,male,4,57.598,269.7,21.905,60.253,Medium
0,1,female,1,45.111,372.16,18.329,79.822,Medium
0,2,female,0,50.022,317.51,16.958,55.328,Medium
0,2,male,1,55.012,262.12,17.895,57.887,Low
0,4,male,1,61.954,313.78,15.766,42.919,Medium
0,2,male,2,65.506,368.5,17.494,73.866,Medium
0,1,male,0,22.291,263.43,15.44,79.581,Low
0,1,female,1,64.482,308.55,10.993,102.866,Low
0,1,female,0,64.391,283.75,13.081,58.025,Low
2,4,female,1,57.881,245.43,14.615,73.454,Medium
2,3,male,1,66.321,275.33,19.167,46.431,Medium
0,1,male,1,68.911,273.14,19.569,55.277,Low
0,1,male,1,61.672,262.64,19.25,52.863,Medium
0,1,female,0,70.727,312.99,20.251,71.221,Low
2,3,female,1,44.576,312.97,14.703,69.247,Low
0,2,male,1,52.367,248.48,17.1,81.097,High
1,2,female,2,75.421,317.5,17.125,58.272,Medium
1,2,female,4,52.512,236.74,14.323,104.059,Medium
0,2,male,0,40.544,335.27,21.558,65.677,Medium
1,8,male,1,80.734,348.69,14.188,48.542,High
0,2,male,1,51.107,249.08,17.473,76.958,Low
1,5,male,1,28.984,288.99,14.559,67.149,High
0,2,male,1,59.156,458.38,19.319,89.605,Medium
0,1,female,1,80.908,358.37,16.79,0,Low
0,2,female,1,53.593,287.96,14.665,42.742,Medium
0,2,male,0,82.102,407.75,16.313,63.423,Medium
5,7,male,2,53.221,282.92,19.919,74.17,High
0,2,male,1,44.64,319.39,15.183,73.996,Medium
0,2,female,2,68.284,339.16,20.699,59.563,Medium
0,1,male,1,51.764,263.37,16.004,54.563,Low
0,2,male,1,68.826,304.13,15.349,43.99,Low
0,2,male,1,76.162,373.53,13.889,65.069,Low
0,2,male,0,90.784,337.62,23.368,41.058,Low
1,3,female,4,75.784,383.71,25.848,60.233,Medium
0,2,male,0,46.53,268.78,14.228,48.304,Medium
1,3,male,2,61.83,312.29,15.512,69.681,Medium
0,2,male,1,34.987,236.13,16.174,70.986,Medium
5,6,female,1,54.421,261.08,13.612,46.913,Medium
0,2,male,1,65.351,383.39,11.714,62.793,High
0,1,female,1,73.481,389.44,23.136,62.561,Medium
0,2,male,1,53.077,288.47,14.287,51.249,Medium
2,4,male,1,44.268,261.54,20.492,57.996,Medium
0,2,female,0,71.288,317.38,21.323,51.768,Medium
0,2,male,1,90.221,304.71,18.739,52.696,Medium
0,2,male,1,55.782,309.11,14.002,68.606,Medium
0,1,female,1,57.556,381.13,21.675,74.666,Low
0,1,male,1,64.262,337.7,17.69,97.356,Low
0,2,male,1,57.709,335.63,13.808,74.344,High
1,3,male,2,61.021,376.42,16.821,79.024,Medium
0,2,male,1,64.642,368.06,14.265,43.339,Medium
0,3,female,2,65.597,366.64,14.971,56.995,Medium
0,3,male,0,46.011,258.99,15.806,39.429,High
1,3,male,1,59.072,326.03,21.456,69.646,Medium
0,2,male,1,64.85,318.14,14.129,75.215,Medium
0,4,female,0,75.904,383.54,16.438,59.673,Medium
2,4,male,1,28.899,264.67,15.36,0,Medium
0,2,male,1,76.012,261.29,20.674,52.897,Medium
0,2,male,2,55.763,292.6,15.267,41.965,Low
0,2,male,1,44.034,295.02,11.407,39.717,Medium
0,1,female,1,53.186,320.37,22.249,60.419,Low
2,3,female,0,29.945,283.17,14.679,81.128,Medium
0,2,male,1,68.587,322.79,16.508,61.653,Medium
0,3,female,0,48.977,298.37,23.572,78.586,Low
0,4,male,1,50.825,275.58,13.571,58.167,Medium
0,2,male,1,65.768,361.18,11.326,44.301,Medium
0,3,male,0,60.363,338.21,18.951,70.959,Medium
2,5,female,1,71.475,314.14,19.971,71.109,Medium
0,2,male,0,49.595,258.73,16.878,40.594,Medium
0,1,female,1,48.835,348.65,18.159,64.54,Low
0,3,male,0,70.816,330.13,18.802,50.943,Medium
0,2,female,2,61.843,309.35,15.011,64.245,Medium
0,1,female,0,64.297,358.31,14.766,77.859,Low
0,2,male,1,32.506,325.46,16.668,51.977,Medium
1,3,male,0,39.29,251.88,10.449,45.155,Medium
2,4,male,0,71.148,362.43,22.077,0,Medium
2,4,male,1,69.562,381.34,18.843,58.843,High
0,1,female,1,61.172,307.82,19.123,0,Low
2,3,female,1,60.629,278.86,15.859,39.627,Low
0,3,male,0,55.495,309.19,17.214,56.892,Medium
0,1,female,0,47.407,229.31,16.861,67.533,Medium
0,1,male,2,57.229,295.19,16.048,39.947,Low
0,2,male,2,49.13,285.66,17.388,52.529,Medium
0,2,male,1,35.971,194.03,14.737,45.073,Medium
0,2,male,0,48.269,322.49,17.214,53.514,Medium
0,1,male,0,62.848,348.26,22.6,46.918,Medium
0,2,female,0,69.185,290.78,22.244,46.157,Medium
0,2,male,1,73.913,393.99,19.073,50.632,Medium
0,2,female,0,50.193,392.84,11.13,53.191,Medium
1,3,male,1,52.682,296.53,17.434,49.364,Medium
0,2,female,1,46.332,260.03,16.892,74.866,Medium
0,2,male,2,67.367,278.33,21.027,32.889,Medium
0,1,female,0,65.797,337.74,20.424,43.431,Medium
2,4,male,1,64.378,295.44,16.449,82.02,Medium
1,3,male,1,49.024,267.21,23.708,60.366,Low
0,1,male,0,75.837,356.88,14.074,51.596,Medium
2,4,male,2,49.391,321.94,12.193,43.345,High
0,2,male,0,66.312,341.8,20.221,107.269,Medium
0,1,female,1,78.818,335.1,11.446,92.287,Low
0,1,male,2,59.217,317.12,13.173,36.053,Medium
1,2,female,2,57.211,332.96,19.135,99.143,Low
2,4,male,2,39.508,255.12,16.876,62.81,Medium
0,2,male,1,61.525,407.27,16.036,67.443,Medium
0,2,male,1,79.229,370.72,16.747,53.186,Medium
0,2,male,1,60.263,416.89,16.514,64.158,Medium
1,2,female,1,56.403,434.82,19.521,58.524,Medium
1,3,male,3,39.651,286.79,15.146,37.629,Low
1,3,male,2,53.772,356.74,18.145,50.934,High
1,3,male,1,52.394,411.73,19.19,63.909,Medium
2,3,male,1,64.54,288.72,18.844,87.954,Low
0,2,male,1,46.617,237.29,14.529,38.654,Medium
1,4,male,0,65.99,377.47,15.174,65.211,Medium
4,6,male,2,59.616,327.54,17.276,60.338,Medium
1,2,female,2,39.315,320.85,13.452,65.277,Low
2,6,male,1,67.354,339.39,21.715,82.07,Medium
0,2,male,2,64.805,266.85,16.015,53.126,Medium
0,2,male,1,70.943,384.95,19.138,42.851,Medium
0,1,male,2,71.838,354.38,20.093,60.082,Medium
1,3,male,1,77.126,415.94,17.784,56.715,Low
4,6,male,1,56.969,323.77,14.171,42.184,Medium
0,3,male,1,63.422,302.76,19.378,68.691,Medium
0,2,male,0,55.286,284.4,20.353,56.934,Low
0,2,male,1,40.745,313.79,20.957,56.737,Low
0,2,female,2,67.308,372.31,19.63,77.16,High
0,2,male,0,44.914,299.5,15.403,72.179,Low
0,2,female,2,48.69,309.63,18.532,75.122,Medium
0,1,male,2,52.43,256.56,23.785,100.934,Medium
1,3,male,0,17.585,215.93,13.017,65.682,Medium
0,2,male,0,64.55,274.72,12.95,60.42,Medium
0,1,female,1,68.079,414.59,18.513,60.112,Medium
0,2,male,0,74.021,298,21.927,31.39,Medium
0,2,male,1,63.152,323.67,21.836,78.248,Medium
0,3,male,0,36.161,255.58,11.144,53.673,Low
0,2,male,1,43.828,304.81,16.651,110.537,Medium
3,4,female,2,54.451,377.83,14.541,64.65,Medium
0,1,male,0,75.55,302.64,19.209,38.825,Low
0,1,female,1,54.895,278.19,15.639,67.038,Low
1,3,male,0,56.955,342.07,14.353,60.003,Medium
2,4,male,3,69.962,297.76,16.676,56.35,Medium
0,1,female,2,23.773,219.62,14.573,61.889,Low
0,1,male,1,67.592,340.03,13.375,54.634,Medium
0,2,male,1,84.889,309.92,17.46,60.673,Medium
1,2,female,1,71.755,277.49,16.625,22.953,Medium
0,1,female,1,77.079,481.29,15.807,70.743,Medium
0,2,female,2,42.386,340.5,15.626,63.873,Medium
0,3,male,0,43.995,346.95,16.561,56.14,Medium
0,2,male,2,76.519,366.09,24.622,95.945,Medium
1,3,male,0,65.391,304.39,18.062,46.829,Medium
2,4,male,1,98.088,406.35,16.912,59.348,Medium
0,2,male,2,58.286,330.67,17.584,67.888,Low
0,2,male,2,55.657,305.26,20.073,61.409,High
0,2,male,1,49.963,273.19,16.164,60.025,High
0,1,female,1,65.39,321.3,18.857,49.525,Low
1,4,male,1,49.723,317.77,13.72,64.881,Medium
5,7,male,1,60.695,351.22,13.047,94.227,Medium
0,2,female,2,37.645,352.12,21.193,73.112,Medium
0,3,male,0,64.171,292.56,16.291,59.371,Medium
0,1,female,1,63.201,294.59,20.729,130.832,Medium
2,4,male,1,51.364,292.17,15.51,70.287,High
1,3,male,2,45.726,283.52,11.782,75.519,Medium
0,2,male,0,66.05,314.53,22.583,90.198,Medium
0,1,female,1,51.766,278.5,19.244,68.121,Medium
0,2,male,0,68.112,377.83,21.57,50.731,Medium
2,3,male,1,62.287,386.62,13.763,42.199,Low
0,1,male,2,56.242,336.48,13.384,34.747,Low
2,4,male,0,29.228,292.04,14.069,110.764,Medium
0,1,male,0,53.55,372.06,18.631,71.874,High
2,4,female,1,42.858,296.9,18.925,77.169,Medium
0,1,female,1,57.195,366.78,16.61,60.943,Low
2,4,male,1,48.117,278.38,12.748,75.682,Medium
0,2,male,0,81.34,365.27,17.002,55.078,Low
0,2,male,0,66.206,407.8,14.176,63.375,Medium
2,4,male,1,50.309,277.94,16.018,63.689,Medium
0,1,male,0,68.8,332.99,17.234,51.674,Low
2,4,male,1,61.07,287.77,20.302,69.674,Medium
0,2,male,2,64.639,414.05,15.905,65.729,Medium
0,1,female,0,81.831,383.07,24.697,58.51,Medium
0,2,male,0,72.208,253.17,18.955,0,Medium
1,3,male,0,53.446,225.36,18.744,59.462,Low
0,1,female,0,57.929,247.16,17.464,48.29,Low
0,2,male,0,57.75,242.05,14.321,10.065,Medium
0,1,female,1,52.682,296.64,16.937,0,Low
0,1,male,1,63.145,324.57,18.824,55.342,Medium
0,1,female,0,43.206,320.43,14.886,52.787,Low
2,3,female,1,21.755,257.5,20.027,79.938,Medium
4,5,female,1,39.529,288.89,16.456,63.585,Low
0,2,male,1,40.73,220.67,13.923,57.006,Medium
2,4,female,2,54.447,306.7,20.361,54.315,Medium
0,3,male,2,55.496,265.33,16.716,53.65,High
1,3,male,1,42.348,267.93,13.005,67.155,Medium
0,1,male,1,74.775,291.5,15.89,61.699,Medium
0,2,male,1,70.307,312.39,21.571,65.819,Medium
2,4,female,2,57.13,269.08,13.273,96.86,Medium
1,3,female,1,46.695,355.75,17.498,74.25,Medium
2,4,male,1,55.228,276.28,20.389,57.553,Medium
0,1,male,1,45.389,344.3,16.674,58.424,Low
0,2,male,1,33.066,201.49,17.175,60.158,Low
2,4,female,0,62.838,247.04,18.19,54.497,Medium
1,2,female,1,71.905,293.57,17.315,78.187,Medium
0,2,male,1,42.895,307.53,17.123,79.221,Medium
0,2,male,0,52.066,331.66,12.702,103.099,Medium
3,5,male,2,58.106,331.69,20.491,54.915,High
2,4,male,1,51.794,322.46,16.818,63.322,High
0,2,male,1,66.471,336.13,17.885,43.032,Medium
0,2,female,0,62.042,390.73,18.945,47.733,Medium
0,2,male,1,52.144,300.04,18.437,56.111,Medium
0,1,male,1,56.586,355.13,18.098,39.996,Low
0,2,female,2,60.555,321.51,10.321,63.069,High
0,2,male,2,50.101,335.72,18.897,89.155,Medium
0,2,male,0,63.285,243.35,13.349,48.932,Medium
0,2,male,2,69.804,271.44,16.843,66.295,Medium
2,4,male,2,57.104,289.55,18.084,52.158,Medium
0,3,male,1,56.196,251.08,18.73,0,Medium
0,2,male,1,72.213,379.74,18.723,49.23,High
0,1,female,2,71.771,432.85,16.414,47.822,Medium
0,1,female,1,65.901,374.14,14.678,68.099,High
0,1,female,0,29.825,311.89,11.539,61.81,Low
0,1,female,1,54.815,313.96,18.944,69.029,Medium
2,4,male,2,70.128,344.11,19.448,62.914,Medium
0,2,male,2,57.085,336.7,14.054,40.338,Medium
0,1,female,1,57.912,310.32,22.977,83.427,Low
3,5,male,1,58.122,374.47,17.856,61.319,Medium
2,4,male,1,45.896,293.51,17.276,70.424,Medium
0,1,female,2,43.726,353.96,18.346,42.724,Low
2,5,male,0,52.727,301.59,17.834,34.853,Medium
0,2,male,0,38.6,275.38,20.423,54.42,Medium
1,2,female,2,62.927,359.77,19.078,60.091,Low
0,2,male,0,34.765,271.84,20.415,62.087,Medium
0,3,male,1,55.772,345.52,13.586,72.694,Medium
0,1,female,2,52.071,264.39,15.27,34.466,Low
0,1,male,1,36.526,316.06,20.477,108.625,Low
0,2,male,1,41.104,309.75,20.391,102.905,Medium
0,1,male,1,53.606,270.79,23.705,45.587,Low
0,3,female,0,61.969,288.91,11.118,37.43,Medium
1,2,female,2,57.41,274.77,19.075,50.625,Low
0,1,female,1,49.142,310.69,18.129,62.681,Low
0,2,male,1,70.717,256.55,15.432,88.992,Medium
0,2,female,1,35.041,287.43,10.476,59.692,Medium
2,4,male,1,45.311,370.62,14.574,60.829,High
1,2,female,1,55.828,341.48,13.516,54.702,Low
0,2,male,0,71.765,322.35,19.641,NA,Medium
0,2,female,1,61.632,381.43,17.614,63.459,Medium
2,4,male,1,73.255,407.14,20.21,54.821,Medium
1,3,male,0,55.017,327.38,16.883,64.545,Medium
0,1,male,1,48.858,237.95,10.085,57.965,Low
0,2,male,1,50.841,283.68,19.351,62.779,Low
1,4,female,2,54.219,320.24,13.12,61.967,Medium
0,1,male,1,53.369,314.93,16.841,50.776,Low
2,3,female,1,45.129,288.13,12.764,0,Medium
0,3,female,2,59.407,359.85,14.966,75.491,Medium
0,1,female,1,57.213,323.87,16.134,0,Low
0,2,male,0,71.951,400.42,12.577,54.759,Medium
3,5,male,1,71.899,278.36,13.45,61.458,Medium
0,1,female,0,67.918,326.97,17.807,43.837,Low
0,1,female,0,36.005,314.88,18.305,64.039,Low
0,1,female,2,51.194,349.54,22.656,66.052,Low
0,2,male,0,61.692,342.47,17.215,58.783,High
0,2,male,2,74.931,338.8,19.308,73.571,Medium
0,1,male,1,59.272,291.72,17.518,60.81,Low
0,2,female,1,59.155,460.16,18.677,46.672,Medium
0,2,male,2,17.918,223.11,18.286,53.449,High
2,4,male,1,34.47,244.19,20.289,54.981,High
0,2,male,2,80.379,358.02,20.08,80.442,Low
0,2,male,2,60.18,296.76,12.702,45.354,High
0,3,male,2,61.099,423.28,17.102,60.39,High
0,2,female,1,43.604,308.03,18.794,85.84,Medium
0,1,female,1,72.712,272.38,20.272,61.578,Low
0,1,male,2,52.371,258.08,16.438,60.507,Low
2,4,male,1,57.589,307.54,12.743,63.909,Medium
0,1,female,1,59.554,304.3,13.255,52.391,Medium
1,4,male,2,52.828,253.21,18.413,0,Medium
0,1,female,1,65.862,271.6,13.599,65.959,Medium
2,4,male,1,72.844,294.41,19.345,65.845,Medium
1,3,female,0,58.097,366.59,16.127,46.268,Low
2,5,female,1,51.501,168.68,12.991,33.371,High
0,2,male,4,79.306,310.56,17.991,36.46,Low
0,1,male,1,41.811,300.33,18.438,65.759,Medium
2,3,female,0,75.924,373.35,17.396,72.719,Low
0,1,female,0,52.1,267.07,16.732,81.731,Medium
0,1,female,0,78.256,304.3,16.656,42.501,Low
0,2,male,1,43.298,308.4,7.941,75.982,Low
0,1,male,2,66.092,295.42,15.629,61.922,Low
0,2,male,3,76.561,374.45,14.065,74.534,Medium
0,2,male,0,60.726,263.34,14.662,86.679,Medium
0,1,female,0,26.803,285.21,16.865,77.089,Low
0,2,male,2,75.831,339.03,17.941,71.739,Medium
0,2,male,2,55.253,257.54,20.521,73.253,High
0,2,female,1,57.886,282.68,18.456,48.634,High
0,2,male,1,51.249,299.59,15.182,67.99,High
0,1,male,0,37.964,314.95,16.575,81.103,Low
0,1,male,1,66.263,373.53,14.325,87.083,Low
0,2,male,1,89.611,405.18,20.513,66.729,High
1,4,male,2,45.052,377.69,16.11,59.739,High
0,1,female,1,46.044,340.17,20.125,59.609,Medium
0,1,male,2,91.231,342.29,17.325,71.606,Medium
1,2,male,1,63.366,302.84,16.785,53.461,Medium
0,2,male,2,55.93,325.16,17.282,64.369,Medium
1,3,female,0,48.259,323.94,22.971,52.868,Medium
0,2,female,1,48.063,291.79,14.142,56.107,Medium
3,5,male,0,71.201,331.78,21.271,70.522,Medium
2,4,male,1,43.942,296.35,15.479,58.297,Medium
0,2,female,1,58.458,316.02,20.75,63.978,High
0,1,female,2,83.259,397.27,10.978,51.084,Low
0,2,male,1,61.187,337.72,16.418,58.619,Low
2,4,male,0,69.03,320.29,13.876,0,Medium
0,2,male,1,50.429,269.46,16.491,72.234,Medium
0,3,male,0,57.966,350.26,22.964,65.867,Medium
0,1,female,1,80.184,272.52,20.197,39.2,Low
0,1,female,1,50.281,354.29,13.318,37.568,Low
0,4,female,0,39.659,249.45,16.402,75.104,High
0,1,male,0,54.358,458.88,13.035,30.413,Medium
0,2,female,0,60.059,390.51,15.494,44.052,Medium
3,5,male,2,52.651,412.63,8.567,69.727,Medium
0,1,male,1,42.705,328.14,14.437,41.497,Low
0,1,female,1,45.829,250.52,15.478,54.426,Medium
0,1,male,1,74.067,328.5,19.663,67.572,Medium
0,2,male,0,54.94,300.13,19.569,77.126,Low
1,3,male,2,65.327,264.8,18.42,33.154,Medium
1,2,female,1,49.473,343.52,16.349,56.989,Medium
1,2,female,2,84.804,390.51,15.993,63.102,Medium
0,2,male,1,48.522,246.61,19.784,50.845,Medium
0,2,male,2,58.553,242.38,16.515,45.479,Medium
1,2,female,0,45.483,312.77,20.096,73.253,Medium
2,4,male,2,67.447,340.09,19.46,74.698,High
0,2,female,2,79.076,379.33,17.511,47.808,Medium
0,1,male,2,41.576,268,14.431,61.557,Low
0,1,male,1,81.184,338.45,17.317,48.63,Medium
1,3,male,1,49.919,330.61,16.947,57.036,High
0,3,male,1,60.935,295.98,21.478,41.431,Medium
0,1,male,1,50.563,396.14,19.706,57.459,Medium
1,3,male,1,49.034,290.93,11.31,47.122,Medium
0,1,male,2,60.948,354.73,16.345,43.825,Medium
0,1,female,0,41.757,329.87,20.816,42.541,Low
6,8,male,0,56.424,313.56,16.787,62.207,Medium
0,2,male,1,51.915,303.72,19.752,70.129,High
0,2,male,2,68.798,327.04,10.392,29.572,Medium
1,2,female,2,77.162,303.87,17.787,67.667,Medium
0,1,male,2,77.244,406.18,14.685,77.078,Medium
0,1,female,3,54.538,282.93,16.495,54.346,Low
0,1,male,1,54.247,293.74,17.504,94.888,Medium
1,3,female,1,41.689,379.96,15.156,0,Medium
0,2,female,2,64.481,339.38,19.616,70.884,Medium
0,2,female,1,88.744,394.63,17.139,49.559,Medium
0,3,male,2,68.78,382.4,25.978,58.102,Medium
0,2,male,1,58.957,221.76,15.8,41.803,Medium
0,2,male,2,53.24,268.93,16.146,70.971,Medium
0,1,female,0,44.006,242.19,15.507,35.724,Medium
2,4,male,0,65.056,279.63,13.565,57.065,Medium
2,4,male,1,54.342,385.98,16.082,48.066,Medium
2,5,male,1,47.342,229.37,19.95,75.039,Medium
0,2,male,1,67.477,298.59,17.057,40.242,Medium
0,2,male,0,61.651,366.42,20.079,60.061,Medium
0,2,female,2,50.366,293.14,14.064,41.152,Medium
2,3,female,2,74.59,320.66,17.035,56.885,Medium
0,1,male,2,61.236,278.4,11.328,51.286,Medium
0,1,female,0,42.975,274.72,12.461,55.904,Low
0,1,male,0,68.709,324.41,22.374,70.003,Medium
0,2,male,0,76.638,367.6,17.134,44.365,Medium
0,1,male,1,68.118,294.6,14.597,49.119,Low
0,1,female,1,49.118,262.22,18.095,45.251,Low
0,1,male,2,64.799,399.97,13.218,70.392,Low
0,3,male,1,58.444,274.25,18.42,64.228,Medium
0,1,male,0,67.303,360.07,15.11,68.175,Medium
0,1,female,0,37.463,330.47,20.287,60.148,Medium
1,3,male,1,42.863,295.85,20.073,53.047,Medium
0,2,female,0,59.68,292.29,20.526,58.352,Medium
1,3,male,2,45.094,316.18,16.031,65.729,Medium
0,2,male,2,62.837,352.38,20.044,76.285,Medium
2,4,male,1,56.273,321.11,16.551,0,High
0,2,male,0,64.103,323.23,14.219,65.549,Medium
2,4,male,0,74.766,352.59,12.184,51.954,Medium
0,2,male,1,37.421,247.47,15.431,99.767,Medium
0,1,female,1,76.45,306.41,16.406,61.783,Medium
4,6,female,2,55.046,338.95,19.039,30.252,Medium
0,1,male,2,45.561,234.41,15.05,64.724,Medium
5,7,female,1,65.026,324.12,16.632,53.905,Medium
0,1,male,1,62.483,311.7,13.791,60.997,Medium
0,1,female,1,28.161,315.04,15.806,82.472,Low
2,4,male,1,52.863,470.04,13.582,68.57,Medium
0,2,male,3,33.053,244.61,13.621,43.548,Low
0,2,female,0,65.154,368.83,19.313,138.408,Medium
0,1,male,1,60.321,314.52,14.269,51.7,Medium
0,4,female,1,36.876,309.48,20.226,67.406,High
0,1,female,0,60.479,313.4,15.818,48.09,Medium
0,1,female,1,44.911,271.56,18.378,71.151,Low
3,5,male,2,56.89,278.07,15.972,94.038,Medium
0,2,female,1,69.038,350.07,20.666,69.027,Medium
0,1,female,1,52.643,294.18,19.606,50.226,Low
0,2,male,1,75.342,313.86,19.23,59.643,High
0,3,male,1,53.439,309.41,17.515,49.811,High
0,2,male,1,72.506,309.87,16.564,44.967,Medium
0,1,female,2,63.47,405.94,21.786,58.142,Low
0,1,female,1,60.876,328.7,11.098,56.807,Medium
0,2,male,2,46.988,313.48,10.239,72.967,Medium
4,6,male,0,34.748,224.51,17.313,78.149,Medium
1,2,female,0,70.528,323.12,12.458,53.075,Medium
0,2,female,2,56.141,425.4,18.762,71.981,Low
3,5,female,0,47.367,272.96,15.167,40.739,Medium
0,1,male,2,57.695,443.76,17.484,59.302,Low
0,2,male,2,74,290.03,14.509,51.372,Medium
0,1,male,3,94.881,384.35,14.156,62.06,Low
0,2,male,2,78.762,393.39,16.046,71.991,Medium
0,1,male,1,51.613,354.38,16.173,52.618,Low
1,2,female,1,85.421,403.72,19.476,64.81,Medium
1,2,female,1,51.09,298.85,21.19,59.194,Low
1,3,female,2,56.932,331.39,20.494,57.77,Medium
0,1,female,2,67.622,410.21,17.491,106.396,Low
0,1,female,0,56.124,287.72,18.954,64.25,Low
0,1,female,2,68.62,384.91,18.6,54.215,Medium
2,3,female,0,68.553,327.65,15.878,91.818,Low
0,2,male,4,49.906,331.5,14.984,55.255,Medium
0,1,female,0,47.668,305.12,17.644,60.415,Medium
0,2,male,1,21.513,162.45,21.377,0,Medium
0,1,female,2,72.713,373.14,15.487,70.369,Medium
0,1,female,1,55.275,377.41,10.282,75.17,Medium
2,4,male,2,51.494,374.53,16.01,45.557,Medium
0,1,female,2,50.304,408.83,14.466,76.781,Low
2,4,male,0,38.492,451.09,14.299,77.518,Medium
1,2,female,3,56.094,348.36,15.923,53.218,Low
2,3,female,1,51.032,255.47,14.69,74.513,Medium
1,3,female,1,59.607,263.7,20.156,50.565,Medium
2,4,male,2,48.584,239.16,22.506,61.73,Medium
0,2,male,2,65.037,322.15,14.946,56.492,Medium
0,2,female,0,57.32,301.8,17.094,63.234,Medium
3,5,male,1,64.191,344.83,13.394,49.649,Medium
1,2,female,1,79.794,464.28,19.033,84.12,Medium
2,4,male,1,52.633,289.9,19.576,75.068,Low
0,1,male,2,62.385,291.79,20.714,55.293,Low
1,2,female,0,51.627,329.05,20.486,83.538,Medium
0,2,male,1,64.789,318.91,16.198,0,Medium
2,4,male,1,63.251,365.7,16.999,54.261,Medium
2,4,male,1,62.918,383.36,16.733,77.347,Medium
2,4,male,1,82.699,294.79,16.206,50.078,Low
2,4,male,1,71.059,301.95,13.178,70.462,High
0,1,female,1,56.451,250.98,12.243,43.674,Low
0,2,male,1,24.254,289,11.134,77.262,Medium
0,2,female,0,68.737,292.65,13.978,75.406,Medium
0,2,female,1,59.496,327.29,15.074,53.498,Medium
2,4,male,3,59.02,274.79,19.35,0,Medium
3,5,male,2,43.758,287.98,18.171,67.015,High
1,3,male,2,45.128,225.06,17.177,49.835,Medium
2,4,male,1,59.305,277.37,15.931,37.094,Medium
0,1,female,1,36.267,299,22.209,56.455,Low
1,2,female,0,54.042,341.03,16.167,47.356,Low
2,4,male,0,43.988,284.05,18.303,54.372,Medium
1,2,female,0,59.177,281.62,19.158,93.821,Low
0,1,female,0,72.29,405.8,17.417,52.693,Low
8,11,male,2,47.514,354.67,13.167,82.427,High
2,4,female,2,72.632,368.24,18.206,74.353,Medium
0,3,male,3,53.079,321.77,19.893,108.723,Medium
0,2,male,2,69.197,328.24,17.331,79.091,Medium
0,5,male,4,63.087,303.07,19.501,92.293,High
0,1,male,1,63.203,340.53,14.24,29.82,Low
0,1,male,2,59.969,283.09,19.057,90.513,Low
3,5,male,1,54.716,280.11,17.113,92.113,High
0,1,female,1,65.27,341.09,13.389,69.226,Medium
0,2,male,1,35.346,275.05,11.737,0,Medium
0,1,male,2,58.905,329.58,16.688,85.067,Medium
0,1,female,1,83.226,335.72,16.356,68.164,Low
0,3,male,1,68.601,311.3,16.21,53.781,Medium
1,2,female,1,73.978,347.14,23.078,67.208,Low
0,2,male,3,57.454,331.93,18.17,75.283,High
1,3,male,1,36.7,310.58,19.662,44.043,Medium
2,4,male,2,45.759,274.34,17.112,75.095,Medium
0,2,male,1,49.084,291.37,11.785,77.832,Medium
0,2,female,2,50.955,289.64,18.239,63.655,Medium
0,2,male,1,52.786,300.78,17.171,63.622,Medium
0,1,male,1,51.696,279.85,14.447,63.483,Medium
2,4,male,1,52.051,330.29,12.816,45.504,Medium
4,5,female,1,42.353,305.57,16.946,56.031,Medium
0,2,male,1,21.582,280.11,21.624,57.085,Medium
0,2,male,5,75.669,287.87,19.462,49.215,Medium
1,3,male,1,57.32,306.25,22.432,52.537,High
0,1,male,1,66.895,283.45,15.228,60.93,Medium
1,2,female,1,57.39,379.87,17.427,107.847,Medium
3,5,male,2,44.458,339.74,15.371,55.383,Medium
1,2,female,2,55.026,273.27,15.461,64.96,Low
0,6,female,0,71.15,343.84,13.259,49.73,Medium
0,1,male,0,53.114,294.16,15.48,0,Low
0,2,male,0,66.086,307.38,14.844,65.698,Low
0,2,male,2,66.505,388.79,15.183,49.16,Medium
0,2,male,0,57.988,368.64,19.504,59.619,Low
2,5,male,1,26.467,239.52,21.125,76.433,Medium
0,2,male,1,52.313,260.62,12.386,47.086,Medium
0,2,male,2,74.312,327.93,17.957,61.144,Medium
0,1,female,1,57.21,338.77,18.944,41.301,Medium
0,1,male,1,55.873,316.4,17.218,55.804,Medium
2,4,female,1,60.091,339.04,12.364,52.051,Medium
0,2,male,1,50.931,272.6,16.841,34.731,Low
0,2,female,0,69.801,344.65,16.428,54.862,Medium
1,3,male,1,50.328,306.42,18.516,83.736,Medium
1,2,female,1,81.25,385.81,21.191,47.494,Medium
3,5,male,1,88.369,317.27,21.2,42.148,High
0,1,female,1,61.023,391.42,20.624,0,Medium
0,1,male,2,47.314,265.53,18.822,69.126,Medium
0,2,male,3,71.722,352.63,14.493,52.46,High
0,2,female,1,54.907,329.79,13.003,25.553,Medium
0,2,male,1,64.122,414.98,18.302,77.902,Medium
0,2,female,1,45.455,205.87,14.72,47.811,Medium
0,3,male,0,44.388,287.8,17.255,55.536,High
0,2,male,1,59.266,342.21,17.116,94.795,High
3,4,female,0,50.991,380.36,16.552,80.169,Medium
0,6,male,2,45.251,303.27,17.075,70.95,Medium
2,4,female,0,61.531,410.71,18.844,111.01,Medium
0,2,male,1,51.236,330.05,22.905,68.487,Low
2,4,male,2,67.2,299.24,20.926,61.151,High
1,2,female,2,65.358,338.87,22.698,50.664,Low
0,2,female,1,71.06,359.9,16.635,71.962,Medium
0,1,male,2,64.384,287.52,19.253,43.389,Medium
4,5,female,1,71.518,424.2,12.841,71.486,Low
1,3,male,1,84.251,394.75,11.189,76.302,Medium
0,1,male,0,49.872,271.91,16.379,0,Low
2,4,female,1,53.518,389.99,17.047,66.021,Medium
0,2,male,1,49.067,293.06,18.088,96.56,Medium
1,4,male,0,58.413,396.6,14.634,54.341,Medium
0,1,female,2,73.469,378.1,19.355,53.261,Low
0,1,male,0,54.358,354.83,16.888,51.249,Low
0,1,female,1,43.858,333.47,10.128,68.953,Low
2,4,male,1,50.57,352.64,11.843,41.301,Medium
0,2,male,0,48.425,290.28,12.5,80.829,Medium
0,3,male,1,58.398,289.86,14.302,0,Medium
0,1,female,1,50.952,345.6,18.593,43.116,Low
0,1,female,1,75.213,386,18.942,62.31,Medium
3,6,male,0,73.122,326.73,17.67,50.839,Medium
2,4,male,1,58.895,280.08,17.565,66.47,High
0,1,male,0,68.77,345.56,18.743,61.992,Low
0,3,male,0,37.142,421.13,19.464,58.31,Medium
0,1,male,2,42.442,325.13,15.961,64.456,Medium
0,2,female,1,73.283,399.05,19.496,63.561,Medium
0,1,male,0,51.095,333.69,17.592,115.847,Low
0,1,female,1,27.661,296.95,14.574,72.14,Low
3,4,female,2,47.751,316.88,18.705,76.944,Medium
0,1,female,1,63,432.36,16.392,0,Low
1,3,male,0,80.677,343.66,16.141,74.93,Medium
3,5,female,0,48.513,298.94,18.109,75.178,Medium
0,1,female,2,35.786,222.85,11.846,33.775,Low
2,4,male,1,65.627,316.56,16.425,58.475,Medium
0,1,male,1,63.194,333.62,14.61,48.538,Medium
0,1,male,1,70.919,351,18.741,61.949,Medium
0,1,male,3,71.876,350.75,17.286,59.751,Medium
0,1,male,0,66.906,286.44,18.764,63.04,Low
1,3,male,1,60.555,317.19,16.349,58.859,High
0,1,female,0,66.283,274.34,21.151,0,Medium
0,4,female,0,54.324,286.16,20.534,70.147,High
3,4,female,1,74.785,300.41,15.807,73.849,Medium
1,2,female,1,54.146,332.37,14.639,67.942,Medium
4,6,male,1,46.128,281.83,17.177,0,Medium
0,1,female,1,53.486,309.78,15.219,103.72,Low
1,5,male,2,71.589,291.56,18.277,73.502,High
2,4,male,1,78.587,316.2,21.628,43.076,Medium
0,1,female,2,63.267,268.09,12.896,48.913,Low
0,1,male,1,59.594,327.77,8.938,0,Low
0,1,female,1,22.479,249.43,22.882,96.316,Medium
2,4,male,0,67.931,308.71,19.205,58.29,Medium
1,2,female,1,66.551,256.02,22.464,66.037,Low
0,1,female,1,80.671,362.28,17.605,50.913,Low
1,4,female,2,35.71,226.69,12.061,36.559,Medium
1,5,male,1,74.224,333.32,22.657,60.447,Medium
1,3,male,2,74.523,282.14,13.722,70.838,High
0,1,female,2,48.79,400.13,18.131,48.71,Medium
0,2,male,1,85.941,391.85,17.116,68.638,High
1,3,male,1,55.783,373.1,18.289,32.726,Medium
2,4,male,0,39.168,312.94,16.02,77.706,Low
1,4,male,2,49.002,243.1,15.851,73.244,Medium
0,2,female,0,53.704,306.27,14.852,55.943,Low
0,2,male,2,64.513,296.89,13.804,58.367,Medium
0,2,male,0,71.261,389.97,19.156,89.961,High
3,5,male,1,34.744,375.94,11.917,42.913,Medium
3,5,male,1,42.451,287.89,16.943,63.622,High
0,1,female,1,43.223,377.19,19.657,54.154,Medium
0,1,male,0,38.611,270.79,18.552,58.351,Medium
0,1,female,1,46.726,267.83,11.03,38.67,Low
1,3,male,2,56.255,280.57,18.489,65.31,High
0,2,male,1,54.965,315.76,12.711,47.082,Medium
0,2,male,2,72.769,337.42,18.125,74.977,High
0,2,female,1,82.837,230.42,13.97,39.096,Medium
4,5,female,0,46.869,259.76,17.691,63.689,Low
2,4,male,1,56.59,455.69,20.02,72.226,Medium
3,5,male,1,42.308,342.25,14.286,77.577,Medium
1,3,female,0,55.28,355.01,14.008,48.109,Medium
4,6,male,1,66.557,314.8,16.492,54.821,Medium
1,3,female,1,43.612,316.46,15.745,59.306,Medium
0,2,male,1,63.517,293.42,14.702,58.492,Medium
1,3,male,1,61.26,374.89,13.507,65.46,Medium
0,1,female,2,45.375,258.33,16.677,55.313,Low
0,1,male,0,64.614,364.15,21.412,45.065,Medium
1,2,female,2,55.957,335.54,14.315,NA,Medium
0,1,female,2,54.391,278.7,18.865,128.556,Low
0,2,female,1,50.304,277.76,20.488,68.346,Medium
1,3,female,1,34.062,298.26,14.099,78.024,Medium
0,3,male,1,39.026,325.07,15.039,64.862,High
0,2,male,0,63.918,378.75,12.812,38.564,Medium
1,3,male,2,68.824,370.8,18.86,57.187,High
0,3,female,1,66.282,301.38,14.815,43.888,Medium
0,1,female,0,46.266,292.97,19.747,85.658,Medium
3,5,male,1,65.75,314.3,13.634,56.322,Medium
0,4,male,2,57.156,488.59,15.647,58.851,High
0,1,male,0,41.155,275.22,16.138,78.421,Low
0,1,female,1,52.259,242.45,20.306,48.672,Medium
0,2,male,0,44.423,322.14,17.36,85.563,Medium
0,1,female,1,56.76,364.5,17.917,82.839,Low
0,2,female,1,48.227,233.23,13.533,41.962,Medium
0,1,male,0,68.89,237.14,13.77,33.218,Low
0,2,female,0,65.213,275.97,16.123,45.383,Medium
0,1,female,0,58.45,315.36,18.935,74.715,Low
0,1,female,1,53.639,402.51,17.224,67.848,Low
0,1,male,0,74.25,377.1,16.172,61.697,Low
0,3,male,1,51.409,284.35,17.913,46.502,Medium
2,4,male,0,49.752,288.36,19.651,57.825,Medium
0,4,male,2,49.878,245.19,14.745,61.996,High
0,1,female,0,47.665,303.29,15.706,35.501,Low
0,3,male,0,46.139,340.04,19.53,95.112,Medium
1,3,male,1,50.566,266.82,15.64,71.729,High
0,1,female,2,64.284,336.77,20.161,63.189,Low
0,1,female,1,58.819,298.69,19.912,54.698,Low
0,2,male,2,62.591,334.52,17.906,0,Medium
0,2,male,2,62.316,347.42,11.751,42.591,Low
0,1,female,1,74.418,390.5,15.712,63.797,Low
0,2,female,1,60.343,295.93,19.121,46.224,Medium
0,4,male,0,47.221,279.58,19.126,70.604,Medium
2,4,male,0,57.487,302.99,16.046,47.638,Medium
0,1,male,2,54.016,320.27,10.037,45.58,High
0,1,male,0,71.632,326.49,16.912,74.56,Low
2,4,male,1,36.812,304.7,12.61,78.192,Low
0,1,male,2,56.111,292.21,15.572,60.062,Low
0,1,female,2,58.922,306.91,13.537,61.288,Medium
0,2,male,0,76.623,483.92,17.416,73.573,Medium
0,1,female,2,53.135,246.63,16.094,39.579,Low
2,4,male,2,66.843,324.97,11.033,42.753,Medium
2,4,male,1,57.928,282.07,18.058,55.577,Medium
2,4,male,1,44.614,261.27,19.937,83.944,Medium
2,3,female,2,55.79,347.44,20.545,87.185,Low
0,2,male,1,50.464,256.72,11.388,98.603,Medium
0,1,female,2,40.665,296.7,18.328,78.292,Low
0,4,female,2,52.426,317.67,14.032,57.498,Medium
0,2,male,1,61.649,257.73,19.071,62.232,Medium
0,3,male,1,44.973,314.83,17.024,58.312,Medium
0,3,male,0,30.048,286.61,23.19,63.966,Medium
0,1,female,1,75.129,347.16,16.794,81.649,Medium
0,1,male,0,55.748,314.74,13.095,0,Medium
1,3,male,0,84.979,398.59,18.858,40.041,Medium
0,2,male,2,74.178,362.56,21.155,38.162,Low
0,2,female,2,52.919,265.01,12.852,58.728,Medium
0,2,male,1,42.243,351.07,15.323,82.469,Medium
0,3,male,2,56.106,281.29,17.207,86.404,Medium
0,1,female,2,67.2,265.04,15.513,47.614,Low
0,1,male,2,69.445,343.65,16.107,59.399,Medium
0,2,male,1,74.463,268.38,23.113,62.226,Medium
0,2,female,0,64.374,362.01,16.1,74.179,Medium
0,2,male,1,69.749,361.42,21.228,80.876,Medium
0,3,male,1,58.401,279.76,13.885,34.455,Medium
3,4,female,0,44.796,230.62,16.262,48.859,Medium
0,1,female,0,64.468,306.54,20.378,66.823,Low
0,1,female,1,46.941,279.21,16.518,67.437,Low
0,2,male,1,68.326,291.48,16.737,49.443,Medium
1,3,male,1,57.759,361.81,17.576,64.362,Medium
2,3,female,0,64.36,344.65,15.977,0,Low
1,3,male,0,55.314,302.15,16.262,42.912,Medium
0,2,female,1,82.856,410.38,21.936,65.045,Medium
0,2,male,1,51.575,255.39,17.757,82.11,Low
0,2,male,2,60.075,295.65,16.94,45.271,Medium
0,2,male,1,66.698,295.02,10.673,34.655,Medium
0,2,female,3,44.329,295.7,16.827,40.04,Medium
1,3,male,1,44.699,309.61,10.382,71.049,High
2,4,male,2,43.972,345.96,16.66,74.36,Medium
0,2,male,4,54.135,279.45,12.912,106.017,Medium
0,1,female,2,51.45,390.63,12.971,71.924,Medium
0,1,male,1,60.623,356.76,16.084,58.725,Medium
0,1,female,0,47.304,259.61,19.116,63.973,Low
0,1,male,0,71.592,278.1,19.236,50.333,Medium
2,5,male,1,74.35,355.45,16.587,47.763,Medium
0,2,male,2,50.693,332.2,13.869,62.915,Medium
0,1,male,1,55.55,306.66,19.963,72.004,Low
0,2,male,0,70.206,317.54,11.964,49.809,High
2,4,male,1,46.672,298.58,18.728,40.778,Medium
0,2,male,3,55.581,250.42,20.057,0,Medium
0,3,male,2,50.845,294.35,19.315,46.006,Medium
0,1,female,0,56.155,339.03,14.186,34.22,Low
0,3,male,1,47.073,402.78,15.04,0,Medium
1,4,male,2,53.757,350.79,17.79,78.478,Medium
0,3,male,1,41.387,353.19,22.6,71.93,Medium
0,3,male,1,50.971,246.17,19.236,38.48,Medium
2,3,female,0,48.586,221.6,15.487,37.996,Low
0,1,female,2,57.615,274.67,15.181,43.159,Medium
3,5,female,2,44.319,335.99,17.938,77.737,High
1,4,male,0,73.354,360.75,14.356,53.059,Medium
0,1,female,2,85.099,319.29,22.177,80.261,Low
0,1,male,1,54.918,265.73,18.888,93.875,Low
0,1,female,1,76.028,304.74,15.672,63.524,Medium
1,5,male,0,72.997,449.61,16.744,84.785,Medium
0,2,female,1,47.883,266,19.653,90.359,Medium
0,2,female,0,54.796,374.33,11.748,56.56,Medium
0,2,male,1,45.878,328.99,16.523,70.131,High
2,3,female,0,29.951,311.34,14.536,62.433,Low
0,1,female,3,47.901,322.12,18.233,75.028,Low
2,3,female,2,61.645,325.62,15.123,62.628,Medium
0,2,female,0,64.543,259.9,20.093,58.526,Low
0,1,male,0,72.248,351.66,17.621,67.25,Medium
2,4,male,2,58.149,282.78,16.351,84.678,Medium
0,2,female,1,67.12,301.84,17.242,77.658,Medium
3,5,male,2,33.474,212.39,14.493,71.621,High
0,2,male,1,32.973,274.46,17.104,0,Medium
3,5,male,1,55.336,357.88,17.135,78.93,High
2,4,male,2,43.272,271.09,14.934,90.486,High
0,2,female,1,59.506,261.43,14.173,69.416,Medium
1,3,male,2,60.073,322.01,20.525,106.14,Medium
0,2,female,1,56.43,279.6,17.574,44.152,Medium
1,3,male,1,63.605,339.77,19.17,66.222,High
0,2,male,2,38.075,303.47,14.885,58.436,Low
0,1,female,1,45.517,249.21,17.765,0,Medium
0,1,female,1,76.795,357.59,18.453,59.613,Medium
2,4,male,2,55.126,321.99,15.968,88.799,Medium
0,1,male,0,51.718,379.92,17.537,69.251,Low
0,1,female,0,39.283,243.7,18.5,61.458,Medium
0,2,male,1,57.254,257.97,15.24,52.644,Medium
1,2,female,1,61.937,326.1,17.197,77.975,Medium
3,4,female,1,63.354,385.24,17.033,76.284,Low
0,3,male,1,46.481,296.63,17.259,44.17,Medium
0,2,male,0,63.294,470.82,15.915,113.316,Medium
0,2,male,1,54.543,296.02,13.81,36.575,Medium
0,3,male,0,35.854,333.61,21.94,84.45,Low
0,2,male,1,53.101,315.12,16.459,76.656,Low
0,2,male,0,43.722,350.09,18.769,79.784,Medium
1,4,female,0,73.343,331.18,19.152,84.874,Medium
0,2,male,3,44.725,321.02,14.875,50.565,High
0,2,male,1,82.006,305.67,15.634,66.715,High
0,1,male,0,60.035,353.92,13.878,81.283,Low
0,2,female,1,55.69,528.53,15.699,51.658,Medium
0,2,male,1,56.774,413.62,14.92,44.219,Medium
2,3,female,1,59.693,421.33,18.193,70.239,Medium
1,3,male,1,56.507,307.33,15.811,53.633,Medium
0,1,female,2,36.183,202.64,17.484,43.783,Low
0,1,male,1,60.714,378.1,19.874,53.251,Medium
0,1,female,1,64.997,262.52,15.806,49.101,Low
0,2,female,1,63.665,288.79,19.625,67.187,Medium
0,1,male,0,59.831,302.51,18.678,55.575,Low
3,5,male,0,59.88,321.04,14.218,38.182,Medium
0,2,female,0,69.133,351.52,18.176,55.366,Medium
0,1,male,0,71.041,308.09,16.358,66.098,Low
0,3,male,0,78.4,281.54,14.867,61.966,High
0,2,female,1,49.655,323.04,13.608,63.535,Medium
0,1,female,1,44.774,389.61,16.104,55.022,Medium
2,4,male,1,33.886,277.49,15.121,67.888,High
0,1,male,0,43.802,415.23,13.621,49.594,Low
0,1,female,2,54.519,293.77,18.595,79.236,Medium
0,2,male,1,60.903,300.64,15.941,59.56,High
NA,NA,NA,1,52.172,356.02,17.95,54.398,NA
2,4,male,0,50.886,214.3,19.283,42.01,Medium
0,2,female,0,48.231,409.39,15.8,44.526,Low
0,2,male,0,55.891,319.5,13.634,46.139,High
0,2,male,1,75.764,335.25,13.725,51.676,Medium
0,2,female,1,45.223,284.78,11.381,47.387,Medium
0,2,female,3,53.64,290.35,17.237,67.922,High
2,3,male,1,57.147,395.19,10.202,49.786,Low
0,4,male,0,46.174,281.62,17.914,70.615,Medium
0,1,female,2,55.858,312.8,21.504,83.102,Low
3,5,male,1,54.101,212.24,16.509,49.287,Low
3,5,male,0,73.211,322.6,22.44,47.283,Medium
2,3,female,2,34.87,308.96,13.996,69.305,Low
0,2,female,3,49.202,283.53,13.295,49.13,Low
1,2,male,1,69.879,382.77,14.615,39.073,Medium
0,2,male,2,70.114,315.45,19.509,49.368,Low
2,3,female,0,72.873,320.69,20.711,53.377,Medium
0,2,male,1,70.1,358.65,19.501,66.727,Low
0,1,female,1,67.174,363.76,18.858,75.404,Low
0,1,female,1,53.98,275.25,17.699,47.004,Medium
0,2,female,2,51.194,279.02,21.779,46.216,Medium
0,2,female,1,58.464,288.22,15.358,59.537,High
0,1,male,2,44.135,345.22,17.15,72.223,Low
1,3,female,2,37.987,345.47,17.642,46.501,Medium
0,2,male,0,63.936,289.22,20.107,48.9,Medium
3,5,male,0,44.741,281.13,10.281,44.814,Medium
0,2,female,0,51.841,335.62,17.613,62.788,Medium
0,3,female,0,54.565,555.93,15.124,63.634,Medium
1,3,female,0,47.089,414.06,17.777,104.977,Low
0,1,female,0,46.884,271.76,18.317,55.496,Low
0,2,male,0,47.805,277.63,19.455,84.984,Low
2,4,male,2,68.319,346.08,14.773,48.043,Medium
2,6,male,2,57.958,261.41,21.99,58.963,Medium
2,3,female,2,46.685,303.54,13.109,102.164,Medium
0,1,female,1,37.054,246.98,19.189,65.716,Low
0,1,female,2,55.192,252.61,16.042,70.597,Low
1,5,male,1,58.355,279.82,16.385,55.899,High
0,2,male,3,42.075,328.43,16.558,77.81,Medium
4,6,male,1,44.986,310.89,13.59,53.261,Low
0,2,male,1,68.423,399.77,18.052,65.965,Medium
0,2,female,2,67.758,383.48,17.136,60.389,Medium
1,2,female,1,52.962,364.71,18.217,55.958,Medium
0,1,female,0,56.024,349.55,15.771,68.529,Low
0,2,female,1,61.377,342.89,24.528,68.649,Low
0,2,female,0,45.515,300.34,15.363,79.101,Medium
0,2,female,2,70.643,316.89,10.878,53.626,Medium
0,2,female,2,66.405,283.33,23.396,76.796,High
0,1,male,0,65.238,294.69,18.816,80.941,Low
0,2,male,2,61.082,293.84,18.525,40.778,Medium
4,6,male,1,66.338,355.68,14.379,63.653,Medium
2,4,female,1,44.529,216.79,19.471,70.698,High
0,2,male,0,65.82,430.42,16.081,88.78,Medium
0,2,male,1,51.38,374.67,21.005,43.201,Medium
0,1,male,2,52.925,286.98,18.698,59.629,Low
1,2,female,0,46.633,261.99,11.632,67.823,Medium
2,3,female,1,72.462,294.15,17.124,42.795,Low
0,2,female,2,78.902,357.62,20.523,84.699,High
3,7,female,0,66.518,344.46,13.869,51.055,Medium
0,1,male,4,40.433,285.54,12.951,38.606,Medium
0,2,female,1,24.768,262.32,19.106,54.725,Medium
0,2,male,1,57.656,264.15,16.61,36.612,Medium
0,2,male,1,59.919,350.65,12.942,41.249,Medium
0,3,male,1,53.092,444.12,18.401,61.205,Medium
0,2,male,0,53.91,303.88,14.013,54.21,Medium
1,5,female,1,75.432,286.99,19.658,91.914,High
0,2,male,2,73.571,337.84,19.684,46.128,Medium
2,3,female,0,61.236,247.18,17.688,54.999,Medium
0,1,female,1,59.054,341.41,18.348,63.925,Low
0,2,female,1,62.71,338.08,18.458,49.878,Medium
2,4,male,1,42.593,255.87,14.344,85.199,Medium
0,2,female,1,55.317,360.59,17.871,54.064,Medium
0,2,female,1,41.624,353.74,17.721,66.058,Medium
1,3,male,1,68.863,368.61,14.888,48.203,Medium
1,3,male,2,71.305,297.73,16.272,54.35,Medium
0,1,male,2,50.656,253.81,17.83,29.825,Medium
0,1,female,1,55.574,321.91,18.048,58.499,Low
0,2,male,1,49.754,280.31,14.216,39.46,Medium
2,4,male,1,55.085,309.81,14.378,42.952,Medium
3,6,male,1,47.488,309.82,15.667,76.645,Medium
2,4,male,0,77.399,323.72,7.429,45.405,Medium
0,2,male,0,76.671,265.5,23.406,65.539,Medium
0,1,female,1,47.365,277.24,14.694,48.174,Low
0,2,male,1,39.489,284.72,14.552,35.963,High
0,1,female,1,67.13,363.09,18.464,59.374,Low
0,2,male,2,47.363,281.62,19.33,61.061,Medium
0,2,male,2,61.194,301.5,12.649,80.833,Medium
0,2,male,2,66.454,371.61,15.343,76.683,Medium
0,2,female,0,37.506,350.55,20.672,69.744,Medium
0,1,female,0,64.671,295.6,18.162,85.719,Medium
3,5,male,1,49.234,211.24,17.652,61.679,Medium
0,3,male,1,63.73,337.27,14.153,37.907,Medium
0,3,female,0,52.509,294.78,17.67,71.186,High
1,3,male,1,32.18,358.75,16.816,55.051,High
0,2,male,2,46.278,296.96,16.821,60.944,Medium
5,6,female,0,50.421,326.45,18.817,61.126,Low
0,2,male,0,67.389,358.09,16.305,0,High
0,2,female,3,75.923,479.04,17.989,88.846,Medium
0,2,male,0,70.701,286.79,16.363,56.062,Low
0,1,male,0,34.195,239.67,17.484,0,Low
0,2,male,1,70.029,293.44,16.09,31.672,Medium
0,3,male,1,49.43,337.24,17.302,47.025,Medium
1,3,male,1,45.197,284.58,18.302,62.393,Medium
1,3,male,1,55.122,319.45,16.09,94.199,Medium
0,3,male,3,49.82,368.26,14.972,74.333,Medium
0,3,female,1,63.615,336.74,13.664,69.349,Medium
0,3,male,1,27.121,207.56,16.824,55.446,Medium
0,1,male,1,45.823,262.2,16.215,56.044,Low
0,2,female,0,67.661,261.59,15.606,60.824,High
0,4,male,1,53.637,309.38,21.058,44.22,Medium
0,2,female,1,65.384,251.76,20.608,40.505,Medium
3,5,male,3,46.117,242.88,20.968,61.968,Medium
0,2,female,2,60.905,337.14,11.099,41.858,Medium
0,3,male,1,68.084,350.62,18.12,49.504,High
0,1,female,1,34.039,359.05,14.293,55.794,Low
0,2,female,1,43.818,322.61,19.812,62.658,High
0,2,female,2,49.555,289.92,11.923,44.049,Medium
0,2,male,1,75.102,358.92,14.331,56.133,High
3,5,male,1,23.553,279.62,20.652,78.679,Medium
0,1,female,1,52.222,306.61,19.357,55.992,Low
0,2,male,1,56.244,463.45,12.589,69.322,Medium
0,2,male,1,80.277,311.38,17.327,61.934,Medium
0,1,female,1,85.929,362.74,20.495,53.431,Medium
0,2,male,0,47.522,416.99,18.162,56.827,High
0,1,male,3,53.735,428.29,15.908,52.091,Low
0,3,male,3,71.48,275.18,15.105,47.318,Medium
1,3,male,0,83.14,352.93,15.895,61.988,Low
0,1,female,0,56.67,260.78,21.264,42.28,Low
0,2,male,0,47.64,342.17,19.823,53.954,Medium
2,3,female,3,50.417,254.46,10.846,37.315,Medium
0,2,male,2,60.302,312.24,15.876,67.256,Medium
3,5,male,2,46.795,335.83,20.758,47.915,Medium
0,1,female,2,59.076,310.72,21.23,55.476,Low
2,4,female,1,62.178,337.85,17.283,77.006,Low
0,3,male,0,63.051,362.22,13.413,40.661,Medium
0,3,male,2,44.979,314.7,19.992,65.185,Medium
0,2,female,0,48.468,358.33,20.484,70.585,Low
0,3,male,1,37.898,331.71,11.701,65.937,Medium
0,1,female,3,67.392,290.55,13.948,77.143,Low
2,3,female,1,60.49,449.2,16.257,49.896,Low
3,5,female,2,58.829,334.68,15.36,75.938,Low
0,1,female,1,42.101,307.91,20.339,75.571,Low
0,2,male,1,50.537,326.79,12.32,68.623,Medium
0,2,male,0,54.97,322.66,14.23,57.799,Medium
0,2,male,0,62.992,332.76,10.843,34.311,Medium
0,1,male,1,47.893,321.63,16.586,59.232,Low
0,1,male,0,64.305,311.55,19.456,58.596,Medium
0,1,female,1,50.582,295.91,17.617,59.905,Low
0,3,male,2,80.384,297.94,13.573,32.291,Medium
2,4,female,2,68.329,330.31,18.461,54.336,Medium
0,2,male,1,52.221,305.15,17.071,65.012,Medium
0,2,male,1,52.712,343.81,18.414,76.653,Low
1,3,male,1,56.775,406.53,18.467,72.431,Medium
0,4,male,1,54.955,350.11,13.915,52.2,High
0,1,male,2,73.082,280.81,17.69,48.965,Low
0,2,male,0,33.791,274.71,16.51,71.404,Low
0,2,male,0,60.059,255.16,20.459,71.448,Medium
0,1,female,1,56.322,277.75,18.818,51.648,Low
0,1,female,1,30.782,251.88,14.8,42.301,Low
0,1,female,0,72.341,340.89,15.805,54.989,Low
0,2,male,1,45.089,353.72,14.469,58.604,Medium
0,1,male,1,56.522,338.83,10.447,94,Low
0,3,female,0,47.374,404.38,9.497,31.229,High
0,2,male,2,60.042,263.6,18.784,89.105,Medium
0,1,female,0,42.91,307.21,19,109.53,Low
2,4,male,2,56.819,320.2,18.803,57.309,Medium
0,2,female,0,57.512,328.19,20.436,63.465,Medium
3,5,female,2,44.842,285.08,15.507,52.121,High
0,2,female,3,57.848,308.04,21.36,52.34,High
0,2,male,0,67.34,328.64,16.219,56.21,High
0,4,female,0,68.323,359.58,15.911,71.484,High
1,2,male,1,56.966,321.34,16.542,79.145,Medium
2,4,male,2,45.985,276.74,16.782,49.219,Low
0,2,male,1,42.353,321.73,14.505,58.994,Low
0,1,male,1,28.42,271.67,15.833,61.051,Medium
3,5,male,2,46.524,296.72,19.403,83.867,Medium
0,1,female,2,34.602,220.43,17.94,109.567,Low
0,2,male,0,77.472,322.89,20.894,62.197,Medium
0,2,male,3,71.981,361.28,18.123,50.382,Medium
2,4,male,3,50.878,382.83,16.826,58.204,Medium
0,2,male,0,27.86,231.79,22.441,45.109,Medium
2,4,male,0,40.049,368.66,16.962,61.233,Medium
2,4,male,2,82.999,360.3,21.41,71.112,Medium
0,2,male,1,70.257,356.86,17.816,56.158,Medium
0,1,female,2,58.032,312.14,16.103,54.078,Low
0,2,male,2,70.487,329.34,16.579,58.796,Medium
3,5,male,2,78.154,383.7,18.44,59.971,Medium
0,1,female,1,46.129,310.99,19.437,NA,Low
1,3,male,0,53.187,279.84,17.243,54.969,Medium
0,1,female,2,79.191,272.42,10.211,32.604,Low
0,2,male,2,66.06,356.81,17.786,56.619,High
0,2,male,2,46.074,320.59,13.834,57.589,Medium
0,3,male,0,31.762,233.96,13.937,56.659,Medium
0,1,female,1,44.301,317.15,16.061,72.762,Medium
0,2,male,1,49.094,265.5,16.99,69.879,Medium
0,1,female,1,42.109,249.27,21.155,0,Low
0,3,male,2,46.397,311.35,16.983,80.179,Medium
1,3,male,0,62.443,313.39,19.283,62.112,Medium
0,2,female,3,53.945,305.07,21.176,98.158,Medium
1,2,female,1,60.686,331.86,17.733,62.959,Medium
1,2,female,2,45.476,282.85,24.119,69.689,Low
1,3,male,1,46.916,317.31,13.531,69.643,Medium
0,2,male,0,52.023,277.53,17.138,50.257,Medium
0,1,female,0,68.473,272.98,21.109,68.679,Medium
0,2,male,1,57.554,334.53,14.994,50.486,Low
1,3,male,2,46.284,350.11,20.24,63.87,Medium
1,4,male,1,62.386,344.52,18.911,86.529,Medium
2,4,male,3,97.373,357.16,16.957,61.609,Medium
0,2,male,2,62.544,335.74,18.408,43.648,Medium
2,5,male,1,38.709,324.34,20.58,74.787,High
3,5,male,1,62.53,271.49,19.389,56.262,Medium
1,3,male,1,53.302,335.92,14.623,65.711,Medium
0,1,female,2,59.377,273.44,16.496,56.075,Medium
0,1,female,1,48.796,339.05,16.699,40.198,Low
2,4,male,2,56.817,258.91,11.93,37.773,High
1,3,female,1,51.911,268.07,14.676,44.907,Medium
0,1,male,2,46.453,300.02,11.126,72.595,Medium
1,2,female,0,56.103,408.05,17.358,68.154,Medium
0,2,male,1,72.789,423.32,12.633,46.411,Medium
1,3,female,0,52.405,319.5,11.951,51.975,High
0,2,female,2,50.042,235.69,24.128,57.407,Medium
0,1,male,0,52.863,367.92,19.642,78.865,Low
0,2,female,0,52.218,242.47,13.212,42.061,High
0,1,female,0,55.37,377.89,13.908,59.144,Low
1,3,male,1,44.15,329.72,19.934,34.5,Medium
0,1,male,1,53.706,269.73,14.955,81.787,Medium
0,3,male,0,52.831,311.65,18.32,73.723,High
0,1,female,2,40.695,285.21,17.347,82.66,Low
1,4,male,0,48.134,276.83,19.553,54.012,Medium
1,3,male,1,54.316,302.63,24.947,63.104,Medium
2,4,male,1,77.61,362.95,15.002,55.28,Medium
0,2,male,2,85.59,324.66,18.396,0,Medium
0,2,male,2,42.757,281.97,16.591,74.868,Medium
1,4,male,2,46.81,316.68,16.888,57.779,Medium
0,2,male,4,78.826,330.37,17.51,64.499,Medium
0,3,female,2,35.234,242.31,7.642,58.779,Medium
3,5,male,1,84.305,343.45,17.758,68.021,Medium
0,2,male,1,53.77,285.73,18.181,56.602,Medium
3,5,female,1,71.321,359.6,22.623,52.448,Medium
0,2,female,2,69.996,317.99,17.19,57.172,Low
1,2,female,0,42.685,264.56,18.043,79.359,Low
2,4,male,1,59.974,290.56,13.474,51.551,High
2,4,male,2,66.121,308.88,16.183,56.226,Medium
0,2,female,1,55.398,356.49,20.836,54.015,High
4,6,male,2,74.539,362.24,16.929,58.191,Medium
0,2,male,2,60.964,429.43,16.59,72.662,Medium
2,4,male,3,38.786,230.02,18.755,65.097,High
0,2,male,0,49.171,309.05,17.296,61.289,Medium
0,1,male,1,42.56,271.65,19.065,78.316,Low
0,1,female,0,71.702,594.97,13.48,72.946,Low
1,4,female,0,76.05,325.73,17.908,0,Medium
0,2,female,2,57.745,246.69,16.017,74.305,Medium
0,1,male,2,46.547,296.97,12.791,70.384,Medium
0,4,male,0,44.504,306.29,17.024,58.667,High
0,2,male,1,35.501,274.53,17.334,86.62,Low
0,1,female,0,53.398,275.16,17.77,75.073,Low
0,1,male,3,59.955,279.29,15.089,45.104,Medium
0,1,male,0,38.705,261.03,13.221,28.991,Low
0,2,male,1,47.987,234.45,17.474,23.044,Medium
2,4,male,0,61.832,288.34,19.933,55.78,Medium
NA,NA,NA,2,25.614,342.76,10.584,54.018,NA
1,2,female,1,65.954,334.63,19.697,73.935,Low
0,1,female,3,44.562,265.31,20.213,63.544,Low
0,3,male,2,62.645,324.16,19.184,92.949,Medium
0,1,female,1,39.074,364.12,15.552,57.819,Low
0,1,female,1,60.628,263.11,19.207,68.3,Low
0,1,female,1,54.251,366.46,12.942,59.123,Medium
1,3,female,0,48.597,305.21,18.877,52.525,Medium
0,3,male,0,50.254,352.44,13.187,59.735,Medium
0,2,female,0,67.952,340.5,18.01,61.607,Medium
0,3,male,1,55.755,282.89,17.654,49.651,Medium
0,2,male,0,51.869,227.34,15.256,42.811,Medium
2,4,male,0,65.388,373.56,18.571,78.421,Medium
0,2,male,1,41.331,255.53,13.74,66.2,Medium
2,5,male,2,48.26,259.82,12.274,49.553,Medium
2,4,male,1,50.69,295.56,14.902,58.862,Medium
2,3,female,1,65.992,315.37,14.278,57.779,Low
0,1,male,1,61.318,352.6,9.225,44.112,Low
0,1,female,1,56.403,281.33,23.035,52.245,Low
0,3,male,2,44.433,269.45,14.791,68.84,Medium
2,4,male,2,40.714,283.08,17.988,53.637,Medium
0,2,female,1,40.016,241.31,14.873,52.572,Medium
0,2,male,3,61.67,331.18,14.148,61.075,Medium
0,1,male,0,66.603,337.49,11.727,47.264,Low
1,3,female,1,61.75,336.77,15.524,74.842,Medium
0,2,male,2,53.981,299.72,16.365,87.015,Medium
0,3,female,1,60.988,298.29,20.591,45.151,Medium
0,3,male,2,64.209,363.12,16.758,33.879,Medium
0,2,female,2,47.769,288.13,20.354,75.516,High
0,2,male,2,48.553,373.37,18.424,96.371,High
0,1,female,0,78.136,316.18,17.688,76.071,Low
0,1,female,0,64.18,393.28,21.686,62.308,Medium
0,1,female,2,63.94,350.61,15.272,73.473,Medium
1,3,female,1,47.41,260.59,18.69,59.28,Medium
0,3,male,0,55.879,330.63,19.832,68.778,Medium
0,3,male,2,58.802,379.77,19.253,69.69,Medium
0,3,female,0,56.513,218.94,19.172,68.669,Medium
0,1,female,1,64.837,319.56,14.506,45.462,Low
0,1,male,0,71.224,316.99,21.42,65.646,Medium
0,2,male,1,62.549,397.9,18.447,60.24,Medium
0,1,male,1,47.542,328.89,12.831,50.501,Low
0,1,male,0,41.751,311.83,13.303,89.859,Low
0,2,female,0,77.425,357.23,15.233,57.024,Medium
2,4,male,1,42.227,268.67,20.754,68.185,Medium
1,2,female,0,51.799,347.61,19.184,62.88,Low
0,1,male,2,43.32,380.72,18.884,106.31,Low
1,2,female,0,50.833,394.58,19.229,63.677,Low
2,4,female,0,61.048,341.23,16.467,75.621,Medium
0,2,male,1,55.767,277.67,19.018,58.947,Low
1,3,female,1,75.547,367.54,11.479,25,High
2,4,male,1,76.109,298.94,12.831,48.423,Medium
0,3,female,0,68.602,295.08,20.616,57.498,High
0,2,male,2,61.584,237.01,16.659,42.85,Medium
2,4,male,1,52.371,275.29,14.769,66.696,Medium
0,2,male,1,56.074,360.79,15.893,46.988,Medium
0,2,male,2,67.547,329.13,12.478,65.949,Medium
0,2,female,0,53.2,338.71,14.178,58.278,Medium
2,3,female,2,76.112,279.94,21.167,54.763,Low
1,3,male,2,39.921,364.96,14.477,51.316,High
0,2,male,0,65.503,282.46,19.361,71.756,Medium
2,4,female,1,45.675,273,14.358,37.203,Low
0,4,female,1,63.862,359.77,17.96,70.589,High
0,1,male,3,68.67,301.62,17.857,55.209,Medium
0,2,male,2,63.335,280.33,14.483,47.099,Medium
0,2,female,0,65.889,324.86,17.626,81.446,Medium
0,1,male,0,61.135,346.31,17.731,87.914,Medium
0,2,male,2,67.918,313.37,16.269,44.969,Low
0,2,male,0,68.476,350,19.787,60.98,Medium
2,4,male,1,74.708,334.34,16.73,78.305,Medium
2,5,male,1,60.189,341.22,18.041,85.136,High
0,1,female,1,63.155,281.99,21.832,81.856,Low
0,1,female,2,84.057,454.2,16.92,60.763,Medium
1,3,male,2,49.241,234.16,17.642,54.253,Medium
0,3,male,1,51.298,276.51,18.712,68.376,Medium
0,2,male,1,84.005,389.4,13.67,50.38,Low
0,1,male,1,66.261,269.59,19.985,65.717,Medium
1,4,female,3,79.534,368.66,16.237,47.723,High
1,3,female,1,59.918,337.27,16.695,57.66,Medium
0,2,female,1,54.075,397.79,20.07,71.385,Low
2,4,male,0,56.578,281.75,22.753,69.29,Medium
0,1,female,1,81.523,303.03,15.624,0,Low
2,4,female,2,53.123,353.23,13.679,68.275,Medium
1,5,male,1,70.692,305.4,16.88,55.259,Medium
0,1,male,2,67.862,326.55,21.45,100.001,Medium
1,3,male,2,54.834,276.62,13.557,57.829,Medium
0,2,male,1,55.611,446.2,11.029,0,Medium
0,2,female,2,80.052,304.63,13.492,47.717,Medium
1,2,female,1,51.074,294.21,14.61,57.83,Low
1,3,male,1,50.597,346.63,19.566,63.005,Medium
1,3,male,0,61.544,312.81,15.772,44.513,Medium
2,4,male,0,43.886,421.53,16.525,57.826,Medium
0,2,male,1,57.593,305.77,16.443,59.941,High
0,1,male,0,38.053,264.61,15.353,98.665,Low
0,2,female,1,82.105,317.91,15.411,56.551,Medium
0,2,male,1,49.233,446.76,11.721,51.452,Medium
0,2,female,1,50.061,321.79,19.671,82.317,Low
0,2,male,2,56.32,258.79,15.572,34.214,High
0,1,female,1,51.041,244.15,23.565,60.808,Low
1,3,male,0,47.86,266.25,21.19,62.742,Medium
0,2,female,2,56.048,304.25,20.725,36.472,Medium
0,2,male,0,60.634,301.02,20.377,55.042,Medium
0,1,female,0,40.367,318.39,22.381,64.555,Low
0,1,male,1,44.18,330.24,15.333,96.452,Low
0,1,female,0,55.811,255.48,17.418,53.181,Low
0,1,male,0,49.506,330.4,14.611,65.1,Low
1,2,female,0,60.828,280.51,16.597,55.265,Medium
0,1,male,1,68.45,346.37,10.987,42.528,Low
0,2,male,0,69.602,271.49,16.32,57.016,Medium
0,2,male,1,51.609,317.79,17.285,53.653,Medium
0,2,male,0,50.98,242.84,22.16,96.4,High
0,2,male,1,41.721,241.77,14.068,106.287,Medium
2,4,female,4,62.626,373.79,17.551,85.509,Medium
0,2,male,1,60.74,324.11,14.011,54.405,Low
0,3,female,0,58.511,356.85,15.073,70.75,High
2,4,male,1,25.669,295.4,17.964,85.462,Medium
1,2,female,3,69.554,378.46,18.108,71.898,Low
0,2,male,1,41.333,296.49,15.678,29.309,Medium
2,4,male,3,50.474,263.12,20.228,0,High
0,2,male,0,59.756,350.49,17.475,61.567,Medium
0,2,male,1,37.83,223.71,18.622,86.652,Low
2,4,male,1,52.09,352.29,11.218,66.888,Medium
0,1,female,1,69.662,324.28,17.447,50.583,Medium
1,2,male,0,65.757,350.06,23.836,50.043,Low
0,3,male,0,61.467,290.11,11.677,60.348,Medium
0,2,female,0,57.242,336.1,19.546,51.531,Low
2,4,male,1,46.725,284.84,20.173,73.585,Medium
0,4,male,2,60.874,452.06,20.493,45.666,High
1,2,female,2,73.668,319.99,14.046,64.419,Medium
2,4,male,1,39.612,442.7,18.883,55.418,Medium
0,1,female,1,22.398,290.48,14.818,65.378,Low
1,3,female,0,57.93,406.78,19.4,61.214,Low
0,2,male,1,31.57,205.88,16.719,91.466,Medium
0,2,male,1,58.028,341.96,15.173,51.374,Medium
3,5,male,2,43.507,343.69,12.611,44.925,Medium
2,4,female,2,63.032,282.82,19.777,69.471,Low
0,2,female,1,68.663,309.3,21.193,76.317,Medium
0,2,male,1,48.293,303.05,24.39,92.729,Medium
1,2,female,1,51.872,331.58,10.888,55.299,Low
0,2,male,0,74.252,328.26,17.435,55.75,Medium
0,3,male,1,70.136,316.75,17.068,46.521,High
1,5,male,2,42.394,368.14,16.964,60.995,Medium
2,3,female,2,55.625,339.84,13.08,41.931,Low
0,2,male,2,61.882,252.08,19.111,24.628,Medium
1,3,male,0,63.085,332.12,14.1,46.62,Medium
0,1,female,2,70.935,258.47,20.412,82.482,Medium
2,4,male,2,85.493,298.1,14.02,86.663,Medium
1,2,male,2,47.662,332.69,21.418,95.876,Low
0,1,female,1,58.699,236.76,17.497,38.776,Medium
3,5,female,1,64.427,311.58,16.929,49.906,Medium
0,1,male,0,36.329,244.56,16.595,56.503,Low
0,1,male,0,50.957,296.57,14.865,49.874,Low
0,1,female,2,64.649,273.02,20.486,71.415,Medium
2,4,male,2,87.927,419.75,15.721,47.855,Medium
0,1,male,2,64.375,351.5,19.363,47.894,Medium
1,3,male,2,53.229,343.16,18.31,69.709,Medium
0,1,male,1,65.189,340.17,17.531,61.074,Medium
0,1,male,0,36.28,282.29,13.853,0,Medium
2,3,female,0,63.489,279.13,18.569,91.311,Medium
2,4,male,2,31.66,309.87,13.183,70.625,Medium
1,3,female,1,69.089,267.19,18.956,78.817,Medium
2,4,male,1,69.031,319.29,14.828,60.362,Medium
2,4,male,1,48.511,284.7,21.276,44.144,Medium
0,1,female,4,64.466,319.61,16.907,68.74,Low
0,2,male,0,74.594,326.34,19.919,62.509,Medium
0,2,male,0,91.961,282.59,18.791,66.155,Low
0,2,female,1,60.827,294.5,27.658,91.951,Medium
0,1,male,0,44.962,383.91,14.685,60.248,Low
1,2,male,2,46.807,279.92,15.004,78.334,Medium
0,1,female,1,43.381,280.37,11.378,42.719,Low
0,2,male,3,37.689,285.32,24.773,84.698,Medium
2,4,male,2,71.382,282.27,19.324,75.972,Medium
1,3,male,2,50.274,261.64,13.186,29.715,Medium
0,2,female,2,41.561,269.77,15.965,59.984,Medium
0,1,male,1,56.861,278.01,18.701,60.292,Low
0,1,male,1,67.7,283.2,16.003,64.625,Medium
0,1,female,0,56.808,328.69,7.582,52.499,Low
1,2,female,2,55.327,273.35,17.345,51.929,Medium
0,1,male,1,55.179,233.43,17.363,42.404,Medium
0,2,male,1,47.35,242.89,12.546,40.256,Medium
4,7,male,1,59.616,335.44,20.347,77.109,Low
0,1,female,1,55.784,277.65,18.873,38.815,Low
1,2,female,0,47.177,253.35,21.758,68.612,Low
0,1,female,1,54.948,347.08,21.452,77.149,Medium
0,1,male,1,65.036,344.89,18.131,102.666,Medium
0,1,female,1,58.993,377.61,19.88,48.229,Medium
1,3,female,2,54.159,275.51,21.157,64.403,High
2,4,male,2,71.388,406.01,17.217,53.514,Medium
1,3,male,1,53.874,258.91,18.696,66.657,Medium
0,2,male,2,45.436,309.19,16.439,32.574,Medium
0,2,female,0,50.171,280.6,16.678,56.333,Medium
0,1,female,1,49.66,205.81,17.078,60.184,Low
0,2,male,0,53.999,319.68,12.308,67.215,Medium
0,2,male,1,41.971,336.33,10.378,80.429,Medium
0,2,female,2,73.474,325.45,17.545,52.871,Medium
0,2,male,0,72.788,289.62,19.903,79.799,Medium
0,1,male,1,59.553,325.39,14.774,64.507,Medium
0,1,female,2,55.212,296.14,15.911,54.261,Medium
1,3,male,1,58.18,415.18,19.083,60.524,High
2,4,male,2,63.672,341.2,22.923,43.929,Medium
0,2,male,0,50.458,249.98,15.661,0,Medium
0,1,male,1,63.401,293.36,18.554,67.205,Medium
0,1,male,1,43.117,278.43,14.115,64.92,Low
0,1,female,0,51.746,341.17,17.463,40.225,Low
0,2,female,1,62.84,244.56,18.873,42.411,Medium
2,4,male,2,40.584,336.32,14.024,65.042,Medium
0,2,male,1,50.453,367.3,20.956,58.812,High
0,1,female,1,77.504,388.03,17.609,77.352,Low
1,3,male,1,45.627,332.49,20.431,64.552,Medium
0,2,female,0,36.227,390.79,9.894,47.151,Medium
0,1,male,1,80.522,437.59,17.153,64.832,Medium
1,4,female,0,61.03,442.4,13.183,47.456,Medium
0,2,female,0,40.272,295.86,18.865,70.209,Medium
0,2,female,1,55.141,385.17,17.561,100.092,Medium
0,1,male,2,50.295,383.33,14.991,81.802,Medium
4,6,male,1,73.495,329.32,12.481,48.749,Medium
1,3,male,1,55.246,316.17,16.818,69.677,Medium
0,2,male,2,79.526,382.27,18.32,64.567,Medium
0,1,female,0,60.55,394.65,15.083,75.75,Low
1,4,male,2,57.198,261.3,21.863,33.047,Low
1,3,female,0,58.172,322.33,11.432,76.176,Medium
0,1,male,2,45.323,270.09,14.118,49.386,Medium
0,1,female,1,61.51,323.48,16.989,85.033,Low
0,1,female,3,72.058,380.83,12.872,63.917,Medium
0,2,male,2,38.265,414.79,23.789,94.423,Medium
2,4,female,3,65.767,326.38,15.684,64.121,Medium
4,6,female,0,53.311,326.09,18.505,51.521,Medium
0,2,male,1,64.677,362.46,24.626,0,Medium
0,2,male,3,42.609,258.84,14.159,55.638,Medium
0,2,male,0,60.789,377.97,12.124,82.258,Medium
0,3,male,0,72.963,313.7,11.701,29.862,Medium
0,2,male,1,45.219,303.72,19.621,49.108,Medium
1,2,male,0,49.672,298.49,23.21,47.448,Medium
0,2,male,2,66.875,302.58,18.311,44.102,Medium
0,2,male,2,62.761,377.79,23.168,95.953,Medium
0,1,male,1,60.669,357.4,17.756,43.98,Medium
0,1,male,3,64.228,321.01,18.049,45.636,Medium
1,2,female,1,76.348,358.04,16.696,53.411,Medium
0,1,female,1,73.293,320.14,18.588,65.498,Low
0,2,male,0,73.767,284.76,18.702,63.873,Low
0,1,female,1,55.618,362.76,17.121,60.325,Low
0,2,male,2,73.389,313.96,24.174,63.678,Medium
0,3,female,2,64.996,345.45,16.645,46.842,Medium
0,1,female,1,56.042,359.04,16.606,66.388,Medium
0,2,male,1,51.948,362.54,17.001,55.437,Medium
2,4,male,1,66.195,388.96,14.603,61.169,Medium
0,2,male,1,54.971,339.66,18.101,0,Medium
1,4,male,2,57.708,286.94,20.899,51.525,Medium
3,5,male,1,62.722,283.95,17.882,34.233,Medium
0,1,male,1,78.616,354.87,24.175,74.143,Low
0,1,female,1,48.809,486.86,14.126,71.394,Medium
0,2,male,2,68.88,420.64,11.793,46.729,Medium
0,2,male,1,68.583,320.83,21.178,63.241,Medium
0,1,female,1,55.457,393.69,15.529,58.918,Low
0,2,male,1,82.211,360.32,19.955,83.524,Medium
0,1,male,2,74.976,388.46,15.637,46.829,Medium
3,6,male,1,41.996,260.36,18.843,53.811,Medium
0,1,female,3,58.029,337.65,17.012,71.393,Low
1,2,female,0,53.281,213.87,20.412,49.891,Low
3,5,male,1,45.039,270.83,9.84,74.366,Medium
0,4,female,1,38.968,292.42,20.638,84.301,High
0,2,male,0,54.166,340.4,13.45,34.934,Medium
0,1,male,3,53.69,396.5,14.951,54.418,Low
0,1,female,0,43.803,341.36,17.388,66.44,Low
0,1,female,1,63.289,298.16,15.476,50.912,Low
0,1,male,1,40.718,263.25,17.792,58.36,Low
0,2,female,2,60.925,281.49,14.366,63.693,Medium
0,2,male,1,54.231,355.35,14.784,55.861,Medium
0,4,male,2,63.103,325.78,13.951,76.045,High
0,2,male,1,56.949,361.42,17.638,45.417,Low
1,2,female,0,69.758,349.28,12.889,60.223,Low
0,2,female,2,65.627,374.86,14.903,34.443,Medium
0,4,male,1,49.264,318.77,16.717,62.148,Medium
0,3,male,2,46.202,229.53,20.939,65.354,Medium
2,4,male,0,46.814,238.94,21.305,56.116,Medium
0,1,female,2,62.55,309.68,16.548,48.011,Low
1,2,female,0,60.454,428.65,21.293,53.399,Medium
0,2,male,1,68.382,341.19,15.782,39.862,Medium
0,2,male,2,56.464,333.02,13.514,47.005,High
0,1,male,2,62.965,296.13,19.213,58.461,Medium
4,6,male,2,72.905,352.67,14.395,32.844,Medium
0,1,female,0,67.021,290.56,17.633,94.998,Medium
0,3,male,1,57.024,306.38,20.269,61.196,Medium
3,5,male,2,72.762,306.05,20.77,67.18,Medium
0,2,male,1,61.721,358.92,17.373,36.423,Medium
0,2,male,0,78.759,478.02,14.469,62.118,High
0,2,female,0,52.578,352.07,14.683,58.025,Medium
0,2,male,1,42.438,273.09,15.298,72.621,Medium
0,2,male,1,46.666,367.23,17.718,59.732,Medium
1,2,male,0,44.495,306.66,15.197,71.153,Medium
0,1,female,0,65.348,368.43,15.663,55.774,Low
0,2,male,2,41.739,450.56,16.468,69.048,Medium
0,5,female,1,62.881,297.33,13.802,50.054,Medium
0,2,female,0,56.833,268.06,14.889,135.455,Medium
2,3,female,1,31.015,244.06,14.085,64.889,Medium
0,2,female,2,62.174,391.59,13.591,48.573,Medium
0,1,female,2,30.265,249.19,12.347,57.895,Medium
0,2,male,2,76.498,323.68,16.874,50.075,Medium
2,4,male,2,70.626,367.37,20.031,52.985,Medium
0,1,female,2,66.225,352.6,17.963,55.126,Low
0,1,male,1,42.833,303.82,18.444,95.135,Low
0,1,male,1,60.393,352.8,15.249,56.377,Low
0,1,female,1,59.852,278.8,15.222,67.94,Medium
0,1,male,2,68.23,334.68,15.048,56.749,Low
2,4,female,2,89.248,390.31,14.145,36.486,Medium
0,2,male,0,67.466,313.09,17.084,80.372,Medium
0,1,female,1,54.056,331.02,16.692,63.734,Medium
2,4,female,4,73.809,301.5,20.099,44.051,Medium
1,2,female,1,68.967,433.7,18.989,54.296,Medium
0,1,female,2,48.653,261.11,18.886,49.145,Low
0,1,female,1,47.188,336,15.677,124.22,Low
0,3,male,0,75.816,367.92,16.209,63.143,Medium
0,2,male,0,58.747,314.01,17.618,73.297,Medium
0,2,male,1,43.928,218.28,26.344,60.966,High
1,3,male,2,84.857,388.78,19.096,39.759,Medium
0,2,male,1,53.276,324.17,19.307,74.404,Medium
2,3,female,2,36.126,247.24,18.662,73.264,Medium
1,5,female,1,53.796,430.4,17.66,54.961,Medium
2,3,female,2,66.562,339.16,20.883,61.935,Low
3,5,male,0,30.386,206.94,18.397,64.817,High
0,2,male,1,41.827,304.57,14.789,57.972,Medium
0,2,male,0,38.628,246.56,14.223,54.081,Low
0,1,female,0,63.681,295.32,17.401,0,Medium
0,1,female,4,66.348,278.79,11.512,28.357,Medium
0,3,male,3,67.093,288.09,13.86,107.007,High
1,2,female,2,58.239,237.95,13.248,42.588,Low
0,2,male,1,73.736,294.01,16.987,51.14,Medium
0,2,male,0,57.933,269.54,12.773,50.559,Low
2,6,male,1,37.843,290.45,14.588,49.781,Medium
1,3,female,1,65.342,374.8,23.358,75.497,Medium
0,2,male,1,72.873,296.11,14.974,63.989,Medium
3,5,male,1,63.912,299.59,23.955,67.909,Medium
0,2,male,1,47.55,291.34,17.519,57.078,Medium
0,1,male,0,74.812,348.12,15.043,69.773,Low
2,4,male,0,30.684,313.4,13.211,70.652,High
2,5,male,1,47.621,250.63,15.334,69.267,Medium
0,2,male,2,57.054,314.79,12.599,55.582,Medium
3,5,male,1,66.277,283.37,16.451,52.435,Medium
0,1,female,1,55.484,333.12,22.069,74.514,Medium
0,1,female,2,59.133,398.82,15.908,60.911,Low
0,2,male,2,63.002,291.76,13.487,61.066,Low
0,1,female,0,65.081,345.4,17.211,59.747,Low
0,2,male,0,71.946,403.55,19.205,52.284,Medium
0,2,male,1,39.804,319.87,16.165,96.653,Medium
0,2,male,0,57.891,355.76,16.042,79.822,Medium
0,4,male,1,63.034,309.08,21.143,44.688,High
0,1,female,2,65.083,248.21,18.27,101.446,Medium
0,2,male,2,65.263,301.17,25.84,68.831,Medium
0,1,male,1,53.964,312.41,14.299,44.422,Medium
0,2,male,0,48.588,375.86,19.769,0,Medium
0,2,male,4,57.538,489.74,17.162,73.285,Medium
1,3,female,2,60.1,406.15,12.957,55.867,High
0,1,male,1,57.732,283.47,17.712,50.51,Low
4,6,male,2,68.96,329.29,24.275,48.542,Medium
0,2,male,1,47.225,324.72,22.156,49.219,Medium
0,2,male,1,36.762,293.85,13.566,115.951,Low
NA,NA,NA,1,66.532,372.08,15.379,39.451,NA
1,3,male,1,55.15,303.96,14.414,60.836,Medium
0,2,male,1,45.406,242.05,22.069,88.501,Medium
0,3,female,3,67.839,254.33,24.881,0,Medium
0,2,male,0,37.502,281.9,12.728,96.663,Low
2,3,female,2,69.115,465.15,14.499,91.074,Low
0,1,male,2,67.721,401.5,17.52,46.155,Low
2,4,male,1,60.28,274.59,15.586,51.055,Medium
0,1,male,2,39.763,275.96,17.994,65.019,Low
0,1,male,0,69.267,389.18,18.594,73.618,Low
2,4,male,1,40.96,298.63,19.225,0,Medium
0,1,male,1,67.885,348.62,18.991,79.73,Medium
0,2,male,2,47.962,301.15,19.723,36.285,Medium
0,1,male,0,82.201,345.2,18.753,64.297,Medium
0,2,female,2,53.453,262.11,13.214,50.009,Medium
0,1,female,0,46.513,307.42,19.388,67.976,Low
0,2,male,1,69.765,339.37,17.105,35.775,Medium
2,4,male,2,54.195,266.46,14.247,50.911,Medium
0,2,female,3,45.54,325.61,18.221,48.603,Medium
0,1,male,3,50.412,258.5,18.253,58.23,Medium
2,4,female,1,43.391,257.36,19.726,45.103,Medium
0,4,male,1,48.338,326.15,18.055,41.335,High
0,1,female,1,66.355,301.01,15.093,56.856,Medium
0,1,male,0,58.008,300.43,22.345,81.025,Low
0,1,male,0,78.915,380.87,13.77,44.978,Medium
2,4,male,2,48.258,403.2,16.597,53.596,Medium
0,1,female,0,48.275,302.44,15.402,63.975,Medium
0,2,female,1,49.691,339.01,14.761,51.994,Low
0,1,male,1,74.381,362.98,17.407,77.573,Low
0,2,female,1,28.137,187.03,17.397,62.112,High
0,2,male,1,40.299,310.18,14.318,81.162,Medium
0,2,male,1,59.462,277.53,15.373,59.39,Medium
1,3,female,2,35.691,275.76,19.427,64.827,Medium
2,5,male,1,66.221,315.17,16.176,0,High
3,5,male,1,41.426,318.36,14.75,46.745,Medium
2,4,male,0,57.233,339.65,20.727,83.664,Medium
2,4,male,1,68.447,457.1,18.207,49.34,Medium
3,5,male,2,63.498,396.77,18.599,67.694,Medium
3,4,female,1,44.082,310.54,16.402,65.43,Medium
0,2,male,2,66.847,309.34,14.233,66.174,Medium
1,3,male,0,59.333,282.39,18.611,70.499,Medium
0,2,male,2,61.885,297.5,17.228,70.907,Medium
1,3,male,1,66.219,297.21,19.907,78.572,Medium
0,1,female,1,57.381,393.05,16.479,0,Low
1,3,male,1,63.543,269.53,15.463,48.445,Medium
0,1,female,2,72.829,299.92,23.092,58.094,Medium
1,3,male,2,74.51,311.89,16.736,51.02,Medium
0,2,male,1,53.409,368.67,19.618,66.898,High
0,1,male,1,37.454,276.48,12.56,59.243,Low
0,2,male,1,62.627,316.95,16.812,56.44,Medium
0,1,female,0,49.213,297.98,14.775,31.222,Medium
0,2,female,0,61.24,368.22,18.019,63.69,High
0,2,male,1,68.083,267.45,17.775,50.072,Medium
0,2,male,1,63.155,334.53,20.172,66.959,Medium
1,5,male,1,66.329,396.31,15.955,0,Medium
2,4,female,1,43.051,331,12.544,75.788,Medium
0,1,male,0,58.203,235.94,19.711,63.156,Low
0,1,male,1,65.812,314.44,7.976,90.72,Medium
0,1,female,1,72.859,304.8,20.384,61.545,Low
0,2,male,2,53.61,309.28,17.334,76.402,Medium
3,6,female,2,64.504,349.86,16.921,100.009,High
0,2,male,1,62.826,268.92,15.715,48.117,Medium
0,1,male,0,52.848,258.46,16.938,35.794,Low
2,7,female,2,51.245,332.33,15.057,85.361,Medium
0,1,female,1,47.937,300.37,16.447,65.967,Low
0,2,female,2,62.089,308.3,22.783,57.244,Medium
0,2,male,2,35.458,258.8,16.272,NA,Medium
0,1,female,2,39.378,235.01,19.939,49.629,Medium
0,1,male,1,61.275,315.4,22.193,63.371,Medium
0,1,male,2,89.05,311.03,15.505,48.666,Medium
1,4,female,1,51.797,289.8,18.129,81.688,Medium
3,5,male,0,57.632,262.41,17.888,59.526,Medium
0,2,female,1,70.495,364.19,16.408,51.784,High
0,1,female,2,50.406,344.36,15.898,57.821,Medium
1,2,female,2,57.438,310.05,17.449,36.251,Medium
3,5,male,1,73.217,389.46,20.726,81.171,Medium
0,1,male,2,35.619,265.41,20.72,80.055,Medium
2,3,female,1,74.289,375.89,12.138,69.123,Medium
0,2,male,1,55.859,261.57,13.098,66.264,Medium
0,2,male,0,37.136,339,14.11,40.707,Medium
1,6,male,2,76.755,365.34,18.727,39.352,High
0,3,male,1,64.765,303.2,19.175,72.659,High
2,4,male,1,63.889,303.96,16.674,38.698,Medium
0,2,male,1,60.806,361.5,12.572,85.491,Low
0,2,male,0,51.532,370.97,18.554,60.137,Medium
0,3,male,1,77.409,371.1,11.366,39.985,High
1,2,male,1,84.824,350.1,16.863,47.609,Medium
2,4,female,0,55.414,371.75,19.415,86.981,Medium
0,2,male,2,50.389,354.83,16.591,82.62,Medium
0,2,male,0,60.421,431.21,11.748,50.365,Medium
0,1,male,2,53.642,343.77,14.256,34.378,Low
2,3,female,1,66.141,348.63,22.321,56.2,Low
0,2,female,0,50.26,251.98,18.351,32.536,Low
1,4,male,1,31.408,225.5,20.176,52.024,High
3,5,male,1,38.922,278.04,14.904,43.666,High
0,1,female,1,54.187,310.07,14.155,78.54,Low
0,1,male,1,64.064,352.19,19.004,64.368,Low
0,1,male,1,72.009,336.69,14.693,43.221,High
0,1,female,1,102.803,378.05,18.012,44.303,Low
0,1,male,2,23.301,361.7,16.937,83.902,Low
0,1,female,2,52.294,252.77,19.094,54.996,Medium
0,2,male,1,81.101,378.83,25.856,83.52,High
0,1,female,0,49.465,319.63,18.151,65.616,Low
0,1,female,2,57.117,322.69,18.354,79.952,Medium
0,2,male,2,65.935,261.67,11.058,66.292,Medium
0,1,male,1,55.907,224.54,20.79,59.921,High
0,1,female,0,66.953,391.71,16.247,43.273,Low
2,3,female,1,78.772,384.26,22.382,79.532,Medium
0,3,male,1,82.105,367.82,12.155,77.575,Medium
0,1,female,1,61.08,277.06,20.113,45.786,Medium
1,3,male,0,68.188,366.67,19.755,50.652,Medium
0,1,female,0,67.562,363.07,20.281,68.325,Medium
0,1,female,0,86.161,289.85,18.279,55.915,Medium
0,1,female,1,39.347,265.44,12.438,65.053,Low
0,1,male,0,60.665,337.34,19.792,72.729,High
0,2,male,1,38.682,371.32,17.594,69.179,Medium
0,1,male,1,43.043,268.53,16.212,102.063,Medium
0,2,male,2,61.422,341.3,18.524,63.897,Medium
4,7,female,0,54.812,313.34,17.086,42.972,Medium
3,5,male,0,67.356,237.46,17.153,32.103,Medium
0,4,male,2,70.266,245.88,19.618,65.433,Medium
0,2,male,3,52.484,349.45,14.43,75.008,Medium
0,2,male,2,70.047,312.99,8.919,53.943,High
0,2,male,1,71.794,311.96,14.559,58.149,Medium
4,6,female,0,49.044,304.31,15.322,70.908,High
0,1,male,0,53.701,406.52,16.532,43.461,Low
0,2,male,1,60.748,442.42,15.98,84.033,Medium
0,3,female,2,56.681,255.56,10.414,50.919,Medium
2,4,female,0,41.596,288.61,18.737,60.113,Medium
0,1,male,0,70.294,277.01,16.388,59.875,Low
0,1,male,3,46.397,265.66,22.729,102.964,Medium
1,3,female,2,47.887,241.01,20.046,69.757,Medium
1,3,female,1,49.643,365.1,10.278,64.592,Medium
0,1,male,1,59.51,281.74,18.759,43.683,Medium
1,2,female,1,56.032,299.13,19.068,52.186,Medium
0,2,female,2,53.651,366.42,15.17,69.281,Medium
0,2,male,1,57.204,295.36,13.828,100.778,Low
0,3,male,1,77.207,368.53,20.378,36.74,Medium
0,2,male,2,54.699,501.28,16.239,49.69,Medium
0,2,male,2,43.428,315.08,14.617,64.429,Low
0,2,male,1,28.408,249.85,12.412,45.96,Medium
1,3,male,1,47.106,276.27,16.721,71.173,Medium
2,4,male,1,74.148,402.99,15.17,53.55,Medium
4,6,male,2,65.197,300.37,8.532,73.515,Medium
0,2,male,1,53.052,289.75,19.469,62.33,Medium
0,1,female,2,49.938,320.56,15.909,58.193,Low
0,1,female,1,62.825,298.85,14.142,34.803,Low
0,3,male,1,34.741,242.2,18.897,41.296,Medium
0,1,male,1,71.173,353.91,14.631,78.246,Low
0,2,female,1,57.104,241.46,18.368,58.269,Medium
0,3,female,1,61.449,299,14.753,66.409,Medium
0,2,male,0,63.15,480.94,20.706,53.161,Medium
0,3,male,1,69.663,433.38,13.649,62.691,Medium
0,2,male,1,61.218,301.42,17.77,82.689,Medium
3,5,male,1,72.503,346.34,22.558,67.567,High
3,6,female,0,46.461,404.48,18.217,54.324,Medium
0,2,male,0,59.118,276.83,20.572,63.05,Medium
1,3,male,1,66.653,342.1,19.687,104.638,High
0,2,male,1,68.442,236.85,20.556,55.325,Low
2,3,female,2,75.913,331.05,17.135,61.973,Medium
1,3,male,1,70.867,356.25,22.184,54.925,Medium
2,4,male,1,73.883,370.9,16.475,67.013,High
0,1,female,1,33.853,247.4,19.493,58.729,Medium
1,3,male,1,48.895,265.49,16.619,63.696,Medium
0,1,female,1,31.976,258.83,19.324,66.054,Low
1,3,female,0,61.578,353.27,17.562,49.563,Medium
0,2,male,1,50.611,261.32,15.377,41.14,Low
0,1,male,0,76.236,387.55,20.773,52.464,Low
0,2,male,1,70.49,334.04,15.899,81.795,Low
0,2,male,1,64.09,407.58,21.852,98.08,High
0,1,female,1,65.521,324.4,12.43,61.111,Medium
0,2,female,1,70.363,294.83,16.002,38.948,Medium
0,1,male,1,43.3,217.72,15.51,80.16,Low
0,1,male,0,64.805,373.21,14.489,60.762,Low
2,4,male,2,68.593,299.98,15.593,47.416,Medium
0,2,male,0,65.722,390.19,15.493,62.769,Medium
2,3,female,0,54.884,293.82,9.129,65.952,Low
2,4,male,2,56.033,352.13,15.906,71.966,Medium
2,4,female,1,65.342,262.57,19.498,49.664,Medium
0,1,male,1,42.391,246.01,16.847,62.865,Medium
0,2,male,0,78.826,395.73,15.822,71.136,Medium
0,1,male,1,66.639,253.4,11.898,30.76,Medium
0,1,female,1,60.513,244.2,14.065,65.885,Medium
3,5,male,2,43.529,257.55,20.745,46.182,High
0,1,female,2,70.167,398.55,15.548,56.166,Low
0,2,male,1,36.309,282.13,18.356,98.399,High
0,1,male,0,45.028,348.7,25.746,67.592,Medium
1,2,female,0,62.071,373.41,16.341,48.612,Low
0,4,female,1,82.139,305.8,11.919,43.519,Medium
0,1,female,1,52.119,276.24,19.002,43.418,Low
1,3,male,2,62.366,302.17,19.159,58.748,Medium
2,4,male,1,58.964,354.37,20.106,56.324,High
0,1,male,1,52.266,330.81,17.06,61.549,Medium
2,8,female,1,58.67,276.58,18.269,136.329,High
0,2,male,0,41.353,326.01,18.64,65.916,Medium
0,2,male,3,47.315,284.23,13.047,61.427,Medium
1,3,male,1,34.781,231.15,14.687,70.232,Medium
1,5,female,1,43.88,302.07,14.85,65.726,Medium
0,1,male,2,63.866,312.69,24.514,80.872,Low
2,4,male,0,44.96,265.24,16.185,46.178,Medium
1,3,male,0,65.984,360.48,17.755,88.785,Medium
2,4,male,0,33.649,218.84,10.844,42.33,Medium
2,3,female,0,34.093,261.53,14.589,66.435,Medium
1,2,female,1,35.151,259.39,17.367,69.699,Medium
0,3,male,3,55.854,294.21,15.467,32.569,Medium
0,2,male,1,35.077,233.05,16.608,63.003,Medium
0,1,female,1,52.663,340.1,16.774,68.528,Medium
0,1,male,1,56.686,336.29,18.81,78.287,Low
0,1,female,1,84.961,339.41,13.863,60.666,Medium
0,1,male,1,63.961,346.25,17.099,82.382,Low
2,3,female,2,63.467,262.26,13.548,68.611,Medium
0,2,male,1,56.34,382.28,11.897,63.886,Medium
0,1,female,0,17.028,264.24,11.54,58.667,Low
1,3,female,2,69.801,276.29,20.328,54.768,Medium
0,1,male,1,68.153,323.77,11.558,37.936,Medium
0,2,male,1,54.893,282.94,20.581,73.18,Medium
0,1,female,2,87.802,374.6,15.256,65.742,Medium
2,3,female,0,70.309,305.11,16.291,71.234,Medium
0,1,male,1,62.628,321.38,16.6,77.915,Low
1,2,male,1,76.588,303.77,19.278,69.155,Medium
1,3,male,0,52.755,332.21,17.436,86.216,Medium
0,2,male,1,53.529,268.17,13.955,64.159,Medium
0,1,female,3,57.299,361.17,15.205,41.787,Low
0,2,male,0,57.486,325.93,17.846,55.789,Low
0,2,male,1,58.587,293.54,22.536,0,High
3,5,female,1,43.908,309.42,16.686,70.602,Medium
0,2,female,0,54.597,350.99,14.747,51.245,Medium
0,1,female,1,51.987,407.3,18.022,0,Low
0,2,female,1,50.178,304.23,16.338,52.78,Medium
0,2,male,1,55.888,316.5,11.885,46.02,Low
0,1,female,1,63.069,392.42,22.188,65.872,Low
2,4,male,2,50.901,304.65,21.138,74.822,Medium
0,1,female,3,50.004,346.19,14.172,54.89,Low
2,6,male,1,59.022,417.59,13.638,72.945,High
0,2,female,2,66.226,320.49,13.22,43.626,Medium
1,2,female,1,43.853,203.29,18.885,66.65,Medium
1,3,female,0,58.743,252.24,17.304,36.949,Medium
3,5,female,0,70.209,338.38,17.334,117.9,High
0,4,male,1,47.825,359.08,16.452,54.037,High
2,4,male,1,61.578,290.51,20.92,73.246,High
0,1,female,2,57.034,379.38,13.262,0,Medium
0,2,female,2,53.332,361.38,18.586,99.487,Medium
0,2,male,1,66.826,400.77,17.607,74.664,Medium
0,1,male,0,48.126,390.96,22.196,73.252,Low
0,2,male,2,58.764,300.91,15.824,43.768,Medium
0,2,female,0,57.167,296.82,19.107,74.438,Medium
0,2,male,1,81.332,316.59,18.492,58.011,Medium
0,1,female,0,58.21,290.67,12.661,44.012,Low
0,2,male,1,42.181,252.89,18.571,53.303,Low
0,1,male,1,55.41,283.2,18.644,98.607,Low
1,3,female,0,65.608,282.44,17.339,0,Medium
0,3,female,1,40.83,275.62,15.424,56.975,Medium
0,2,male,2,44.051,315.66,19.393,63.238,Medium
2,4,male,0,49.715,375.11,14.568,103.176,Medium
0,1,female,0,58.457,271.86,18.217,47.493,Low
2,5,male,1,51.817,330.62,17.332,59.441,Medium
0,2,female,1,56.672,529.28,18.902,48.419,Medium
0,1,male,0,63.627,312.31,17.124,78.403,Medium
0,1,male,0,66.696,429.5,14.96,62.182,Low
0,1,female,1,50.352,242.92,20.351,56.206,Low
0,2,male,2,73.11,334.84,18.776,58.954,Medium
0,2,female,2,66.477,353.52,15.296,58.344,High
0,1,male,0,88.765,384.54,14.773,57.86,Medium
0,1,male,0,52.802,316.46,20.33,64.28,Medium
2,3,female,2,42.616,285.75,15.19,66.649,Medium
0,1,female,2,74.842,317.82,16.865,61.024,Low
0,2,male,1,49.341,442.45,14.627,70.419,Medium
0,1,male,2,79.912,315.96,15.458,38.845,Low
0,2,male,0,46.022,235.81,13.087,73.255,Medium
0,2,female,1,59.949,356.86,13.556,60.213,Medium
0,1,female,1,72.114,326.36,17.028,52.4,Low
0,2,male,1,44.137,283.13,19.096,47.319,Low
0,1,female,4,50.213,336.64,15.798,0,Low
0,2,male,2,81.099,315.91,18.872,51.181,Medium
0,2,male,1,55.935,321.97,17.439,58.282,Low
0,2,male,0,78.092,340.12,18.939,54.684,Medium
1,4,female,2,49.874,275.44,14.271,58.205,High
0,1,female,2,90.237,300.75,16.674,44.496,Medium
0,2,male,2,52.393,263.04,14.278,61.346,Medium
2,4,male,0,55.631,275.56,18.239,57.046,Medium
0,2,male,2,44.945,280.54,15.568,43.722,Low
0,2,male,2,58.165,338.26,16.823,82.472,Medium
1,2,female,2,68.235,352.13,18.132,55.834,Medium
2,4,male,1,71.056,357.76,16.086,68.527,Medium
0,2,male,1,65.439,377.22,18.213,58.692,High
1,3,female,0,63.022,353.58,18.656,77.296,Low
0,2,male,1,55.704,271.49,19.993,63.884,Low
0,2,male,1,84.562,357.81,16.891,68.461,Medium
0,2,male,1,71.073,274.74,17.226,46.121,Medium
0,2,female,2,44.035,281.01,9.162,92.659,High
1,3,female,0,31.707,280.18,8.908,45.55,Medium
0,2,male,1,71.656,381.78,21.123,74.24,Low
0,1,female,1,54.355,232.15,19.601,71.208,Low
1,3,female,1,57.8,253.43,19.034,82.305,Medium
3,6,female,1,66.187,316.19,17.563,36.906,Medium
1,2,female,1,39.242,252.47,19.69,55.205,Low
0,3,female,1,57.268,350.09,13.193,59.264,High
0,1,female,1,59.358,286.89,19.291,49.33,Low
1,3,male,1,47.643,287.22,20.25,42.355,Medium
1,4,female,2,39.811,319.94,16.29,64.677,Medium
0,2,male,1,53.251,306.65,17.942,45.489,Low
0,2,male,1,38.913,282.22,17.14,73.258,Low
1,6,male,1,48.195,255.83,15.388,54.742,Medium
1,3,female,1,55.664,256.85,14.051,40.298,High
1,3,male,0,65.294,285.09,13.852,51.347,Medium
0,1,female,0,78.51,451.62,18.384,62.183,Low
2,4,male,1,76.364,364.78,20.403,53.393,Medium
3,5,male,0,64.694,328.75,15.493,67.277,Medium
0,1,male,0,52.62,332.98,16.393,75.246,Medium
2,4,male,1,53.297,336.72,14.944,82.311,Medium
0,3,female,1,68.773,338.18,19.455,48.249,Medium
0,1,female,1,39.636,299.31,10.896,71.463,Low
2,4,male,0,72.719,312.02,16.258,71.4,High
0,2,male,1,63.137,306.13,15.71,71.855,Medium
2,5,female,2,42.172,264.09,13.191,38.53,Medium
0,1,male,1,51.239,245.81,15.493,71.472,Low
2,4,male,1,53.939,468.29,15.003,112.303,Medium
0,2,female,1,55.766,215.64,14.604,37.488,Medium
0,2,male,3,55.017,275.24,18.262,53.133,Medium
0,1,female,0,51.909,293.44,17.646,109.412,Low
0,1,female,1,50.232,276.44,11.502,68.418,Low
0,1,male,2,60.548,362.32,17.389,40.98,Low
1,3,male,2,48.276,326.98,19.619,58.085,Medium
0,2,female,1,80.79,363.95,19.282,52.239,Medium
1,3,female,1,90.05,374.93,19.047,74.377,High
2,4,male,0,60.685,396.19,12.38,41.128,Medium
2,4,male,1,80.565,330.65,14.768,60.73,Medium
1,2,female,0,40.124,270.9,13.532,47.648,Low
0,3,male,1,62.605,367.94,18.414,61.119,Medium
2,4,male,2,47.208,345.96,15.848,81.91,Medium
0,2,male,1,63.505,406.66,15.421,59.216,Medium
0,2,male,1,66.341,285.11,20.81,64.813,Medium
0,1,female,1,35.367,261.94,15.866,79.876,Medium
0,2,female,0,38.174,417.03,8.174,46.987,Medium
0,1,female,1,60.729,372.49,20.64,104.521,Low
0,1,male,0,59.29,331.93,19.549,81.581,Low
0,2,male,1,60.993,285.48,16.177,64.492,Medium
0,1,male,1,61.979,312.44,15.168,59.956,Medium
0,2,male,2,47.302,350.95,14.543,88.998,Medium
0,1,male,3,37.413,255.56,15.135,47.104,Low
2,4,male,1,70.794,371.94,15.173,48.064,Medium
0,1,female,2,55.717,293.07,20.175,62.856,Medium
1,3,male,2,57.243,307.27,21.148,63.829,Medium
0,1,male,0,67.974,249.54,13.891,51.097,Medium
0,1,female,2,70.344,318.25,18.733,62.276,Low
0,2,female,0,55.518,307.14,13.022,59.786,Medium
0,1,male,0,31.448,222.23,20.879,36.266,Low
1,3,female,1,41.599,254.37,19.049,46.334,Low
2,4,male,1,52.91,304.62,20.119,52.431,High
0,1,female,1,40.758,252.91,15.697,62.655,Low
1,5,male,2,44.22,270.83,16.852,64.209,Medium
0,2,male,0,63.658,361.16,15.798,61.338,Medium
0,3,male,1,53.7,298.18,16.394,51.752,Medium
0,1,female,0,52.728,258.29,17.49,70.984,Low
0,1,female,1,90.411,285.89,14.97,31.294,Medium
0,1,male,0,39.592,273.76,20.363,50.364,Low
0,1,female,1,70.249,357.66,24.186,64.922,Low
0,2,male,2,72.402,307.92,15.864,56.555,Medium
0,2,female,2,64.511,387.39,14.605,44.59,Medium
0,2,male,2,56.727,370.03,19.094,56.809,Low
0,2,male,1,70.198,273.63,19.78,59.439,Low
2,4,male,1,83.798,283.51,17.832,27.193,Medium
0,1,female,0,65.112,308.16,14.876,49.421,Low
0,2,female,1,70.845,382.15,14.459,50.586,High
2,3,female,2,77.07,435.85,15.424,44.911,Low
0,2,male,1,65.385,333.67,20.72,46.382,Medium
0,2,male,0,77.242,326.95,13.818,48.536,Medium
2,3,female,1,60.242,385.07,16.323,107.974,Medium
0,1,female,0,80.343,407.44,13.438,64.263,Medium
0,2,male,1,38.107,207.43,11.044,37.718,Medium
0,2,female,1,69.465,326.82,16.92,63.357,Medium
0,2,male,0,70.188,310.8,13.658,46.478,Medium
0,2,female,1,74.076,282.64,20.58,55.221,Medium
0,1,female,1,70.312,392.08,14.601,52.137,Low
1,3,male,1,64.19,249.71,13.613,49.123,Medium
0,1,female,1,58.637,248.87,12.065,48.242,Low
0,2,female,1,42.406,370.87,14.469,83.845,Medium
1,2,female,0,61.617,350.38,16.241,56.685,High
1,2,female,1,39.397,218.37,8.568,58.21,Low
2,4,male,1,39.275,241.82,19.602,38.998,Medium
0,1,male,0,23.523,248.32,17.763,82.404,Medium
0,2,male,1,54.117,403.38,19.264,60.625,Medium
0,1,male,1,66.107,345.18,13.396,71.559,Low
3,4,female,0,57.861,330.13,19.231,60.149,Low
0,1,female,1,50.85,282.66,15.612,113.726,Low
0,1,female,1,54.084,305.01,21.077,61.28,Medium
0,1,female,2,60.964,322.23,15.369,61.373,Low
1,3,male,1,61.99,325.09,15.503,69.253,Medium
0,2,male,1,66.506,281.27,16.836,65.233,Low
0,1,female,1,62.035,292.93,9.627,36.387,Low
0,2,male,1,34.717,305.13,18.458,75.843,Medium
2,3,female,1,32.128,279.58,13.697,68.72,Low
0,2,male,1,59.665,362.26,12.226,55.151,Medium
0,2,male,0,55.052,350.7,12.284,47.148,High
0,3,male,1,42.777,221.47,14.645,35.127,Medium
4,5,female,1,58.355,368.39,17.987,35.532,Low
0,1,female,1,47.712,279.9,14.094,50.815,Low
0,1,female,0,57.13,283.58,17.709,62.759,Low
0,1,female,1,49.876,391.05,17.366,61.44,Medium
0,1,female,1,48.224,282.01,22.747,47.143,Medium
0,2,male,1,44.906,366.21,20.33,81.917,Medium
0,2,female,1,50.996,256.66,20.025,79.518,Medium
2,4,male,0,39.624,271.78,22.711,56.598,Medium
1,3,female,1,48.797,272.66,17.493,66.202,Medium
0,1,male,0,57.152,335.81,16.417,81.638,Medium
0,2,male,2,74.091,383.61,16.565,49.439,Medium
0,1,male,1,49.461,254.32,20.155,53.393,Low
0,1,female,1,51.726,283.86,17.003,43.63,Low
0,2,male,1,58.402,357.36,19.123,51.542,Medium
0,3,male,0,48.784,219.16,15.151,61.118,Medium
2,3,female,1,41.628,296.67,13.737,49.365,Low
3,5,male,1,66.437,305.56,13.364,56.026,Medium
1,3,male,3,47.585,245.67,21.634,72.762,Medium
3,8,male,0,80.479,369.8,13.498,56.609,High
0,1,male,0,55.153,296.27,20.573,49.514,Low
0,2,male,0,47.243,286.02,17.719,113.415,Low
0,1,female,1,59.58,252.76,21.503,49.754,Low
0,1,male,2,65.953,320.25,16.45,48.336,Low
0,2,female,0,46.242,280.27,19.2,87.79,Medium
1,3,female,0,67.116,262.24,16.48,39.252,Medium
0,4,female,0,37.179,385.37,19.687,82.851,High
1,4,male,2,69.975,320.16,16.798,52.083,Medium
0,3,male,0,63.221,347.29,15.557,55.698,High
3,5,male,1,70.83,317.45,17.194,61.188,Medium
0,3,female,2,45.791,379.61,9.491,60.68,High
2,4,female,1,49.046,326.1,15.005,63.015,Medium
0,2,male,2,62.77,295.62,17.491,56.077,Medium
0,3,male,1,64.008,355.55,18.88,73.041,Medium
0,1,male,0,60.637,261.65,19.359,72.062,Low
2,4,male,1,71.466,315.91,17.001,64.756,Medium
0,2,male,1,60.722,425.27,15.215,39.514,Medium
2,4,female,1,43.544,363.24,20.135,89.281,Medium
0,1,male,0,52.883,351,20.637,85.325,Medium
0,2,male,2,80.665,384.75,19.856,68.789,Medium
0,2,male,1,48.732,269.57,17.351,55.976,High
0,1,female,1,54.437,280.41,18.03,93.914,Medium
0,2,male,2,37.508,285.48,16.884,64.05,Medium
0,2,male,0,38.083,285.12,14.968,76.039,Medium
1,3,male,1,45.944,318.63,13.774,0,Medium
0,1,male,2,53.95,288.88,15.416,58.238,Medium
0,2,male,2,58.269,269.86,14.375,52.937,Low
0,2,male,1,42.424,295.85,17.818,99.452,High
3,5,female,0,59.966,278.33,21.79,97.842,High
0,2,male,0,36.314,216.8,20.618,77.597,Medium
0,1,male,0,55.001,287.67,17.011,41.304,High
1,3,female,0,76.588,639.18,18.868,50.458,Medium
0,1,male,1,52.836,292.55,17.026,67.533,Low
2,4,male,1,53.75,250.98,19.987,79.52,Medium
0,1,female,2,67.75,305.59,18.284,48.785,Low
0,1,male,1,67.075,317.7,16.971,49.351,Low
0,2,female,0,48.872,287.93,23.144,51.614,Low
0,2,female,2,68.466,412.68,20.079,58.838,Medium
2,3,female,0,56.915,315.72,9.62,58.643,Medium
2,4,male,1,53.576,258.54,17.622,59.099,High
1,3,male,1,60.416,284.5,20.738,59.121,Medium
0,2,male,0,71.163,334.1,14.215,57.23,Medium
2,4,male,1,51.367,273.98,18.287,57.218,Medium
0,4,male,2,51.742,379.95,15.47,47.433,Medium
0,2,male,1,55.33,416.23,16.058,26.009,Low
0,1,female,1,37.827,248.12,20.291,71.281,Low
0,2,male,0,72.568,341.73,16.292,60.387,Medium
0,2,male,1,62.308,260.62,17.146,67.161,Low
0,2,male,1,41.787,250.12,11.983,40.388,Medium
0,2,male,2,50.651,306.15,16.293,53.881,Medium
0,2,male,0,72.621,385.05,21.818,77.907,Medium
0,1,male,2,62.199,381.21,17.287,0,Medium
1,3,female,1,33.967,396.81,19.462,66.793,High
0,2,male,0,54.474,377.64,16.984,135.014,High
0,2,male,0,59.745,337.18,18.728,48.621,Medium
0,2,male,1,53.451,305.56,20.584,60.975,Medium
0,2,male,1,48.117,245.67,16.031,76.761,Medium
0,2,male,0,76.391,332.17,15.509,84.299,High
0,2,male,4,46.701,311.27,14.086,65.865,Medium
0,1,male,2,55.304,276.82,9.695,53.464,Low
1,3,male,0,45.961,271.18,14.161,65.13,Medium
2,4,male,1,77.053,285.91,26.003,81.041,Medium
2,4,male,0,66.06,422.21,13.813,46.793,Medium
2,4,female,1,83.05,396.31,20.186,54.115,Medium
0,2,male,2,62.572,362.69,21.202,64.607,Medium
0,1,female,2,35.312,315.76,14.669,57.562,Medium
0,2,male,1,30.416,314.93,15.098,46.183,High
1,4,male,2,50.165,307.89,12.462,50.71,Medium
2,4,female,1,51.035,287.55,22.449,66.167,Medium
0,1,male,0,75.918,305.76,18.856,52.018,Low
0,2,male,0,65.975,298.36,14.257,40.416,Medium
0,2,male,2,57.302,279.38,18.517,69.245,Medium
0,1,female,1,86.278,379.85,17.764,58.289,Low
1,2,male,2,70.131,326.95,20.939,0,Low
0,1,male,1,39.267,256.34,15.257,63.004,Low
0,1,female,2,58.78,246.06,13.171,58.222,Medium
1,2,male,1,51.718,504.86,15.616,77.888,Low
1,3,female,1,39.804,239.45,13.492,62.371,Low
0,2,male,1,70.985,313.08,14.825,54.493,Low
0,2,female,1,52.534,323.58,17.719,51.315,Medium
0,2,male,2,72.32,303.44,17.761,103.574,Medium
0,2,female,2,58.478,303.81,18.02,40.58,Medium
0,2,female,0,48.11,298.37,18.805,48.117,Medium
2,4,male,0,63.235,437.67,12.355,61.606,Medium
2,4,male,0,51.698,303.73,24.66,57.469,Medium
2,4,male,0,65.31,302.41,21.069,44.248,Medium
1,3,male,0,69.544,270.75,19.455,22.47,Medium
0,1,female,1,61.711,321.17,17.5,131.916,Low
0,2,male,1,39.269,252.25,14.527,41.149,Medium
0,2,male,2,66.211,301.33,18.137,54.794,High
0,1,male,1,66.103,274.03,14.088,46.158,Medium
0,2,male,0,58.961,317,18.4,53.281,Medium
2,4,male,1,76.884,341.78,11.438,74.961,High
0,2,male,1,72.102,319.42,22.64,66.67,Medium
0,1,female,1,70.893,367.78,15.944,54.096,Low
0,3,female,1,43.739,271.04,12.148,70.912,Medium
0,1,female,0,61.628,338.42,12.67,99.083,Low
1,2,female,0,45.648,248.41,18.204,104.197,High
2,4,female,1,58.958,405.33,17.223,53.772,Medium
0,2,male,1,67.349,373.12,18.831,71.996,Medium
0,1,male,0,58.518,309.91,21.397,84.926,Medium
1,3,female,0,67.512,395.42,20.245,48.361,Medium
1,3,female,2,57.577,292.99,17.47,56.145,Medium
0,2,male,2,50.078,350.58,18.509,80.906,Medium
3,4,female,1,41.357,253.13,17.291,76.941,Medium
3,5,female,0,70.319,295.62,16.366,64.016,Medium
0,2,male,1,30.036,338.78,15.869,40.387,Low
0,1,male,1,67.524,271.84,17.329,53.735,Medium
3,6,male,0,56.57,310.63,19.587,57.025,Medium
0,4,male,1,66.602,385.64,21.572,85.696,High
3,4,female,1,73.957,307.02,20.771,50,Medium
0,1,male,0,61.776,326.38,15.442,70.221,Low
0,2,female,2,70.791,278.45,15.112,50.708,Medium
0,2,male,2,60.679,307.73,21.939,51.575,Medium
0,1,female,1,27.439,278.33,16.381,82.43,Medium
2,4,male,1,56.499,316.97,16.206,62.916,High
0,2,male,0,50.472,295.2,19.614,40.316,High
0,2,male,1,66.655,332.61,15.774,54.919,Medium
1,3,female,2,49.317,319,13.765,67.693,Medium
0,2,female,1,61.052,254.98,17.472,53.11,Medium
0,2,male,0,41.554,217.93,17.664,93.632,Medium
0,2,female,3,78.777,309.43,22.322,59.236,Medium
1,4,male,2,64.215,272.04,14.849,83.495,Medium
3,5,male,1,63.278,346.77,15.971,77.912,Medium
0,4,male,1,52.042,304.58,21.097,61.486,Medium
0,2,male,1,24.909,307.39,16.719,69.701,Low
0,2,male,1,43.284,255.8,16.493,74.918,Medium
2,4,female,3,61.586,306.21,20.716,62.08,Low
0,3,male,1,81.25,388.46,19.356,61.759,High
2,4,female,0,47.181,346.46,16.663,68.267,High
0,2,female,2,36.937,262.46,12.541,56.268,Medium
0,2,male,1,60.46,415.79,15.548,58.2,Medium
0,2,female,1,42.214,259.25,19.139,73.537,Medium
0,1,female,0,52.194,341.69,20.853,67.983,Low
2,3,female,0,50.012,326.45,17.499,71.619,Low
0,1,male,0,55.094,337.36,14.345,50.082,Low
0,2,male,2,56.761,287.8,15.196,61.167,Medium
0,1,male,0,71.71,420.67,10.762,42.783,High
3,5,female,1,49.798,411.63,16.477,74.499,Medium
0,1,female,0,73.858,318.4,14.249,68.894,Medium
2,4,male,1,51.112,311.88,19.956,67.99,Medium
0,2,female,0,50.414,370.09,18.003,50.001,High
0,2,male,0,54.314,257.29,18.512,59.403,Medium
3,5,male,0,74.055,442.04,11.546,59.501,Medium
0,2,female,1,51.512,369.23,16.378,65.032,Medium
0,1,male,2,50.441,240.74,17.733,44.148,Medium
0,1,male,1,60.988,279.91,23.351,56.793,Medium
1,4,female,1,39.566,292.96,14.548,52.924,Medium
0,3,male,1,73.733,313.13,14.761,80.481,Medium
0,2,male,2,67.114,297.39,19.974,57.588,Medium
0,2,male,1,35.488,234.78,23.887,107.531,Low
0,1,female,1,76.149,428.28,17.456,66.6,Medium
0,1,female,1,69.677,321.53,14.901,43.027,Low
1,3,male,1,70.699,290.03,19.138,69.656,Medium
1,3,male,1,71.871,352.01,15.518,62.19,Medium
1,3,male,2,49.829,317.51,15.981,61.096,High
0,2,male,1,60.03,369.29,18.036,63.596,Medium
2,4,male,2,70.623,343.81,16.633,49.984,Medium
0,1,female,0,71.243,421.12,19.852,52.482,Low
0,1,female,1,60.004,301.02,17.249,50.554,Low
0,1,female,0,42.876,217.52,19.578,38.107,Low
4,6,male,2,57.245,367.97,15.266,46.828,Medium
1,3,female,0,80.489,387.29,22.041,78.183,Low
0,2,female,0,50.263,298.57,16.281,52.551,Medium
0,2,female,1,61.076,279.98,17.001,84.07,High
1,2,female,0,73.454,339.48,11.679,75.307,Medium
2,4,female,2,57.15,370.93,13.228,44.414,Medium
0,2,male,0,40.819,288.94,17.494,44.454,Medium
0,2,male,2,45.303,282.17,18.864,73.76,Low
0,2,female,1,53.811,274.19,16.314,47.343,Medium
3,5,male,1,44.14,253.43,20.079,60.006,Medium
1,4,male,3,51.153,309.12,17.374,58.48,Medium
0,1,male,3,64.612,354.16,12.469,85.38,Medium
1,3,male,1,55.155,318.78,15.069,81.321,High
0,2,female,1,63.274,321.5,18.686,60.025,Medium
0,1,male,4,48.383,264.63,18.958,85.416,Medium
0,2,female,1,49.553,386.66,13.482,68.833,Medium
0,2,male,1,45.098,300.81,22.004,75.745,Medium
1,2,female,2,40.993,250.58,14.188,90.829,Medium
0,3,male,2,64.477,315.96,16.856,58.68,Medium
1,3,male,1,58.201,298,15.823,47.502,Low
0,1,female,0,54.67,274.04,21.434,69.676,Low
0,1,female,1,59.259,432.78,17.157,63.629,Medium
0,2,male,1,45.956,397.69,19.842,110.721,Medium
0,2,male,2,52.21,232.38,17.517,49.536,Low
0,2,male,1,74.5,280.71,13.365,70.319,High
0,4,male,1,60.459,314.88,13.404,48.828,High
0,2,male,1,62.983,379.3,16.37,73.255,Medium
1,3,male,1,59.193,302.56,14.1,29.448,Medium
0,2,male,0,58.992,326.14,16.982,56.771,Low
0,1,female,1,33.141,255.71,18.545,76.996,Medium
0,3,male,7,45.863,288.16,19.023,63.028,Medium
0,1,male,1,84.884,395.62,17.296,43.871,Medium
0,1,male,1,56.837,280.99,18.281,33.832,Low
0,1,male,2,66.595,345.62,15.72,75.612,Medium
0,1,female,1,57.824,309.26,16.612,52.394,Low
0,2,male,1,65.387,318.47,11.804,101.005,Low
1,3,female,2,59.687,366.85,18.029,72.304,Medium
0,1,male,0,74.52,437.94,16.455,59.282,Low
0,1,female,1,53.91,334.76,17.235,77.036,Medium
0,2,male,1,54.976,275.34,20.842,68.86,Low
0,2,male,1,55.972,348.82,12.436,57.704,Low
0,1,female,2,70.442,298.76,17.539,58.422,Low
1,3,male,0,42.1,265.41,21.593,70.105,Medium
0,2,female,0,21.882,284.83,10.617,46.479,Medium
0,1,female,1,28.805,232.55,15.217,62.116,Medium
0,2,male,1,68.679,368.17,17.827,46.418,Medium
0,1,male,1,64.691,235.03,20.563,0,Low
0,3,female,1,78.619,377.72,18.337,46.669,Medium
0,5,male,2,69.462,343.56,21.897,60.204,High
2,4,female,2,58.975,399.99,12.91,0,Medium
3,5,male,2,68.816,448.65,13.999,111.558,Medium
0,2,male,1,54.36,331.19,21.663,65.263,Medium
0,1,female,2,51.353,288.22,17.783,61.341,Low
0,2,male,2,79.177,312.24,22.453,61.756,Medium
2,3,female,0,55.142,281.2,18.119,48.775,Low
0,2,male,1,78.096,359.09,20.016,80.051,Medium
0,1,male,2,30.273,240.15,14.622,55.479,Medium
4,7,male,0,44.075,291.3,11.182,74.505,Medium
0,1,male,1,48.609,288.8,15.282,60.183,Low
1,3,male,2,45.259,271.53,19.352,72.41,Medium
0,1,female,1,61.335,323.48,16.534,0,Low
3,5,male,1,46.126,323.91,15.304,71.222,High
0,2,male,1,50.567,408.5,11.94,46.449,Medium
0,3,female,1,51.971,320.96,17.529,64.34,Medium
2,4,male,2,41.105,349.94,13.509,84.342,Medium
0,1,male,0,81.515,323.48,18.333,39.878,Low
0,2,female,1,73.509,384.92,19.828,78.935,Medium
0,2,male,0,66.651,320.75,20.513,64.501,Low
0,4,male,1,47.091,327.05,16.35,73.97,Medium
0,1,male,1,53.027,438.64,13.532,43.236,Medium
0,1,male,1,58.63,369.42,18.843,36.532,Medium
3,5,male,1,46.935,278.86,19.348,49.698,Medium
1,4,female,2,61.19,335.08,19.824,65.983,High
0,4,male,0,40.826,322.1,10.419,83.033,High
0,2,male,2,45.668,309.58,19.272,88.271,High
0,1,female,1,27.745,155.94,15.232,36.559,Low
1,3,male,2,50.712,293.76,16.513,60.899,Medium
2,4,male,1,59.447,314.91,20.165,74.926,High
0,1,female,0,48.439,358.6,16.803,76.229,Medium
0,2,male,1,40.294,257.6,20.301,83.944,Medium
0,2,male,1,52.245,272.37,15.787,57.484,Medium
0,2,male,2,63.038,343.05,18.628,46.684,Low
0,2,male,1,51.923,315.05,13.912,94.836,Low
0,2,male,3,75.38,449.81,19.116,62.731,Medium
0,2,male,0,79.586,403.64,17.291,100.226,Medium
0,2,male,0,65.537,288.12,17.25,87.073,Medium
0,1,female,0,71.532,320.35,16.51,64.947,Low
2,4,male,1,81.329,297.24,21.091,71.779,Medium
3,5,female,2,75.895,346.62,20.035,51.863,Medium
0,2,female,1,66.172,341.5,11.447,45.905,Medium
0,3,male,1,70.015,286.73,16.874,37.565,High
0,2,male,0,45.055,332.6,11.37,48.436,Medium
0,1,female,2,59.978,341.99,18.204,59.083,Low
0,1,male,2,73.209,407.67,14.625,69.344,Medium
0,2,female,0,55.722,234.74,22.786,59.282,Medium
1,3,male,2,74.457,344.01,18.935,50.522,Medium
0,1,female,1,29.124,258.06,18.368,56.164,Medium
0,2,female,0,48.197,222.79,17.932,76.967,Medium
0,2,male,1,58.913,301.16,18.875,79.927,Medium
1,2,female,2,65.487,370.21,17.46,67.769,Medium
0,2,male,3,75.298,334.95,16.608,71.729,Medium
0,3,male,2,54.489,331.28,16.636,61.947,High
0,3,male,0,41.587,261.17,14.651,50.054,Medium
3,5,male,1,48.672,376.01,14.134,47.065,Medium
0,1,female,0,58.545,422.2,17.565,39.641,Low
0,1,female,0,61.696,333.66,17.853,57.785,Low
0,2,female,1,71.589,345.64,21.746,46.503,Medium
0,1,female,1,41.537,319.5,13.109,36.583,Low
0,1,male,0,79.686,344.77,14.442,68.052,Low
2,4,male,1,63.815,327.25,19.494,62.273,Medium
4,5,female,1,55.408,324.59,13.025,44.615,Low
0,4,female,1,59.1,367.86,13.937,53.905,High
0,2,male,1,63,286.96,13.637,65.424,Low
3,5,male,1,55.968,300.2,21.601,54.869,Medium
0,2,female,1,70.337,469.51,17.833,44.734,Medium
0,1,male,2,84.654,364.1,19.82,64.765,Low
1,2,female,2,34.117,207.95,15.377,46.049,Medium
0,1,male,0,48.026,312.72,17.103,38.957,Medium
0,1,male,1,57.415,235.55,19.828,71.773,Low
0,2,female,1,62.661,311.82,15.273,59.274,Low
2,4,male,1,54.573,248.35,19.278,61.947,Medium
0,2,male,1,71.092,383.56,20.902,56.528,Medium
0,2,male,1,68.978,273.63,18.674,62.903,Medium
0,3,male,1,54.633,287.44,16.162,76.712,High
2,5,male,2,73.687,406.7,18.331,59.24,Medium
5,7,male,1,53.092,429.89,10.564,84.054,Medium
0,4,male,1,45.855,247.87,14.642,62.01,High
0,2,male,1,83.599,444.56,23.228,61.987,Medium
1,3,male,2,71.289,327.26,13.405,46.381,Medium
0,1,female,3,66.532,333.74,20.056,61.105,Medium
1,3,male,2,55.988,394.63,19.259,76.887,Medium
0,2,male,2,55.462,314.49,19.481,63.089,Medium
1,5,male,1,65.274,462.94,17.493,62.229,Medium
0,2,male,0,60.854,459.18,15.914,42.368,Medium
0,1,female,1,58.746,280.39,16.002,55.435,Low
0,1,female,3,43.767,226.68,14.991,69.789,Low
0,1,female,1,95.034,339.36,15.419,73.89,Medium
0,2,male,0,58.863,269.59,14.153,59.096,Low
0,2,male,0,80.122,424.88,19.373,58.009,Medium
0,2,male,0,56.521,259.77,18.41,37.727,Medium
0,1,female,1,68.863,331.66,20.814,66.213,Low
0,2,female,0,65.127,378.1,16.007,44.024,Medium
2,4,male,1,53.334,383.61,13.604,77.323,Medium
0,2,male,2,44.51,262.16,18.623,37.024,Medium
2,4,male,1,70.249,332.91,14.785,82.525,High
0,2,male,0,62.154,324.17,20.952,67.875,Low
1,3,male,1,71.214,329.69,13.528,69.674,Medium
0,2,male,1,70.673,378.18,22.14,41.15,Medium
2,4,male,1,41.194,263.4,16.782,0,Medium
2,3,female,1,82.206,326.07,21.492,56.121,Medium
0,1,male,0,55.89,249.11,14.773,63.161,Medium
0,1,male,0,35.699,425.33,14.519,53.159,Medium
1,4,male,1,45.842,338.86,11.929,59.834,Medium
1,3,male,2,24.296,270.08,18.711,0,High
0,1,female,2,63.671,294.39,19.127,32.842,Medium
1,2,female,2,60.124,341.99,15.346,44.787,Low
0,1,female,0,71.066,288.58,13.996,65.002,Medium
2,3,female,0,52.892,295.45,15.297,40.537,Medium
0,1,female,1,43,296.98,15.014,75.083,Low
1,3,male,0,46.838,325.36,19.982,56.813,Medium
0,1,male,0,40.019,271.11,16.843,0,Medium
1,2,female,0,53.428,388.67,17.584,56.587,Low
3,5,male,1,44.916,283.15,21.971,45.025,Medium
0,1,female,0,55.202,400.89,18.751,90.278,Low
0,1,male,0,61.851,306.15,17.185,58.78,Low
0,2,female,1,41.115,265.58,20.278,79.573,Medium
0,2,female,0,71.01,326.45,20.18,93.352,Low
1,3,female,0,43.545,248.21,17.862,53.702,Medium
2,3,female,0,39.33,210.46,16.946,58.105,Medium
1,2,female,2,48.758,347.96,16.072,84.174,Medium
0,1,female,1,45.135,321.8,19.769,99.665,Low
0,1,female,0,56.557,318.34,23.822,96.488,Medium
3,6,female,1,47.126,275.43,18.053,54.835,Medium
0,2,male,1,47.239,290.79,13.275,61.543,Medium
0,1,female,1,54.286,310.89,18.907,80.327,Low
0,1,female,1,68.712,307.3,19.274,47.745,Low
0,1,male,4,54.142,266.75,14.087,50.931,Low
0,1,male,0,37.578,242.35,17.915,71.405,Low
0,1,female,0,61.651,315.04,21.683,47.603,Low
0,3,male,1,59.383,393.49,20.908,50.884,Medium
0,2,male,1,77.712,419.93,20.848,79.765,Medium
0,1,female,1,61.784,229.45,23.79,65.91,Low
2,4,male,2,45.306,314.64,20.394,47.615,Medium
0,2,male,2,62.213,362.89,19.811,61.838,Medium
0,1,male,0,45.626,330.9,20.253,72.167,Low
0,1,female,0,60.643,401.32,18.706,49.679,Low
0,1,male,1,77.209,330.75,20.153,67.999,Medium
0,1,female,1,62.693,356.5,21.105,68.408,Medium
0,2,male,3,53.258,330.82,17.125,77.814,Medium
0,2,female,0,67.812,366.44,11.218,41.82,Medium
0,2,female,0,41.359,220.15,20.348,68.731,Low
0,2,male,3,71.995,389.95,14.746,106.501,Medium
0,2,male,1,64.033,413.37,17.517,53.328,Medium
0,2,female,0,48.956,300.41,16.798,51.956,Low
0,1,female,1,59.759,255.39,18.884,68.364,Low
0,4,female,0,79.685,355.22,19.564,61.424,High
0,1,male,0,51.601,298.18,12.62,59.899,Medium
2,4,male,2,49.782,331.62,17.293,55.663,Low
0,3,female,0,37.338,286.54,17.238,51.505,Medium
0,1,male,1,61.99,291.29,17.412,35.065,Low
0,2,male,1,62.342,321.16,19.132,59.209,Medium
2,4,male,1,27.031,253.33,22.781,68.202,Medium
0,2,male,2,56.673,322.2,13.463,38.938,Low
1,3,female,0,43.387,320.3,15.452,60.891,Medium
2,4,male,2,57.938,274.46,15.906,44.902,Medium
2,4,female,1,42.393,375.73,16.202,82.035,High
2,4,male,1,36.869,288.54,18.226,52.894,Medium
0,2,male,1,36.793,275.93,16.962,50.838,Medium
1,3,male,1,80.468,313.65,13.692,0,Medium
0,1,male,1,44.175,376.07,21.946,56.256,Low
0,1,female,2,64.674,293.46,16.134,52.502,Low
2,4,male,0,64.312,331.99,19,64.256,Medium
0,3,male,2,40.917,271.85,13.519,45.422,Medium
1,3,male,1,42.363,406.26,16.692,67.302,Medium
0,2,male,0,77.942,336.94,15.481,36.353,Medium
1,3,male,2,51.224,288.62,18.107,50.368,High
0,2,male,1,52.504,272.21,20.771,37.388,Low
0,2,male,1,32.432,287.49,11.444,52.828,Medium
2,4,male,0,51.538,426.27,17.204,89,Medium
0,2,male,1,56.974,303.85,21.067,71.319,High
2,4,male,2,49.959,330.21,15.918,62.181,Medium
0,2,female,1,69.569,302.59,14.565,40.772,Medium
0,1,female,1,64.673,311.11,18.329,58.38,Medium
0,1,male,2,25.337,346.96,13.763,43.742,Medium
0,1,female,0,61.408,448.83,15.905,62.836,Low
0,4,male,0,61.872,327.6,21.455,31.667,Medium
0,2,male,1,68.81,261.05,17.532,36.257,Medium
2,4,male,2,57.353,241.7,21.626,49.838,Medium
0,2,male,1,39.65,232,17.052,66.75,High
0,1,male,1,61.441,308.47,16.877,68.454,Medium
0,1,female,1,64.188,273.18,22.041,59.292,Low
0,3,male,2,67.628,433.57,18.799,56.943,High
0,2,male,1,48.003,311.69,13.259,29.599,Medium
3,4,female,1,40.252,327.35,13.455,55.603,Low
0,2,male,1,38.502,326.33,15.292,46.051,High
0,2,male,1,60.111,326.08,19.296,64.854,Medium
0,2,male,1,103.54,357.42,23.312,59.486,Medium
0,1,female,0,58.937,244.33,19.444,55.56,Low
0,2,male,2,59.938,331.17,17.017,63.867,Medium
2,4,female,3,50.383,329.17,16.735,79.218,Medium
0,1,female,0,46.083,302.63,17.764,49.04,Low
0,1,female,2,69.598,360.23,18.906,77.032,Low
0,2,female,0,61.977,296.93,15.022,70.842,Low
0,2,male,1,66.302,312.14,17.162,49.293,Medium
0,1,female,1,51.01,254,17.248,66.132,Low
1,3,male,3,39.77,295.85,10.822,81.129,Medium
3,5,male,0,54.874,273.16,11.874,46.545,Medium
0,1,male,0,73.46,314.41,19.803,55.208,Low
0,1,female,2,38.757,263.16,16.41,57.929,Low
2,4,male,1,60.619,249.45,15.206,42.987,Medium
0,2,female,0,76.798,342.79,14.618,56.346,Medium
0,1,female,2,72.275,354,19.503,64.862,Medium
0,1,female,2,56.396,367.21,21.728,44.441,Low
1,2,female,0,59.707,378.27,19.891,71.197,Low
0,1,female,0,49.753,320.47,20.37,63.655,Low
0,2,male,0,49.842,266.78,13.214,62.012,Medium
0,1,male,0,67.901,266.24,15.166,42.121,Medium
1,2,female,0,34.796,265.02,12.845,56.453,Medium
0,1,female,1,55.022,302.66,14.728,76.498,Medium
1,3,male,0,72.103,380.47,12.392,60.857,Medium
0,1,female,2,68.058,332.03,15.954,65.209,Low
0,2,female,0,48.58,331.04,15.898,74.816,Medium
0,1,male,1,63.992,271.59,20.384,66.03,Medium
0,2,male,1,83.354,320.91,18.224,63.805,Medium
0,2,male,1,52.278,267.32,14.182,65.618,Medium
0,2,male,2,71.642,337.14,22.246,53.455,Medium
0,2,male,1,63.57,319.66,21.005,101.469,Medium
0,2,female,0,55.654,255.37,14.365,43.341,Medium
0,1,female,1,87.063,290.83,19.987,50.65,High
0,2,male,1,47.354,300.63,14.82,0,Medium
0,1,male,0,59.03,334.01,15.836,48.704,Low
0,1,male,4,59.023,361.4,16.417,33.24,High
1,5,male,1,63.485,340.03,17.29,75.751,Medium
2,4,male,0,69.128,268.35,16.227,0,Medium
0,1,male,2,73.123,330.21,20.403,104.019,Medium
0,3,male,1,56.524,327.08,15.684,25.484,High
0,2,male,2,51.754,309.98,14.593,35.716,High
2,4,female,0,52.747,409.1,20.136,93.12,High
0,2,male,1,45.486,363.68,12.243,58.099,Medium
0,1,female,1,50.364,338.1,14.422,55.339,Low
0,1,female,1,58.086,342.85,16.13,108.751,Medium
0,1,female,1,42.648,331.37,18.481,63.375,Medium
0,1,male,0,46.56,259.93,17.03,55.018,Medium
2,4,male,2,59.039,292.72,18.865,51.912,Medium
1,3,male,3,55.899,382.84,11.963,53.935,Medium
0,2,male,1,65.436,401.77,12.539,22.592,Medium
0,1,female,1,28.387,314.37,19.485,34.967,Medium
1,2,female,2,82.07,313.77,14.725,41.804,Medium
1,2,male,1,46.719,283.38,21.326,72.153,Medium
0,1,female,1,61.185,389.32,16.01,0,Low
0,2,male,1,70.32,408.82,14.658,60.847,Medium
0,1,male,3,52.407,313.15,13.798,39.829,Medium
4,6,male,1,57.587,293.14,19.173,63.321,High
0,2,female,1,52.858,327.95,23.419,60.884,Low
0,2,female,1,53.225,292.49,17.434,44.018,Medium
1,3,male,1,73.995,331.23,20.167,52.247,Medium
0,1,male,1,60.934,309.73,17.368,72.05,Low
0,1,male,1,63.752,376.04,18.829,78.791,Low
2,4,female,2,49.14,390.58,16.776,52.491,Medium
2,3,female,2,50.625,277.56,14.985,96.633,Low
0,2,female,0,49.087,333.09,16.166,0,Medium
0,2,male,1,45.534,288.82,15.184,65.052,Medium
1,4,male,0,57.137,280.95,16.658,48.855,Medium
0,3,male,1,70.881,321.28,21.06,68.788,Medium
0,1,male,0,53.633,327.75,15.096,70.064,Medium
0,1,female,0,61.467,329.36,12.72,38.87,Low
2,4,male,1,43.924,278.95,18.947,87.314,Medium
0,4,male,1,60.115,308.04,16.752,87.932,Medium
0,2,male,0,34.645,254.9,14.462,74.21,Medium
0,2,male,1,49.053,276.35,14.945,61.334,Medium
0,1,female,0,59.355,316,13.461,57.517,Low
1,4,male,2,58.679,296.56,18.132,50.144,Medium
2,4,male,1,53.004,341.01,12.65,43.257,Medium
0,1,female,1,76.275,346.29,16.038,40.934,Low
0,2,male,2,57.631,337.06,19.541,80.235,High
0,1,male,0,67.807,339.76,18.945,75.089,Low
2,4,female,1,54.84,277.4,22.328,84.225,Medium
0,2,male,0,43.324,270.73,18.533,79.579,High
0,3,male,0,72.173,337.69,21.229,50.823,Medium
0,2,female,1,66.407,324.14,21.315,113.686,Medium
1,2,male,0,67.319,330.96,18.512,120.12,Low
2,4,male,1,51.761,283.58,17.562,54.323,High
0,1,male,1,30.924,288.21,13.649,48.655,Low
2,4,male,2,45.048,244.66,15.129,71.262,Medium
3,5,female,0,50.729,270.94,19.089,NA,Medium
0,1,female,1,68.901,301.22,20.258,52.874,Low
0,2,male,3,42.286,311.8,14.947,58.878,Medium
0,2,female,1,68.477,276.04,12.616,21.898,High
2,4,male,0,42.783,279.9,18.389,84.472,Medium
0,3,male,1,64.658,404.59,19.127,59.612,Medium
0,1,male,0,44.742,285.61,15.604,59.768,Medium
0,2,female,2,75.601,306.64,20.256,85.925,Medium
0,1,female,2,40.204,455.06,15.559,63.44,Low
0,1,female,0,51.325,412.83,21.174,70.324,Low
0,1,male,1,58.196,341.99,17.289,69.346,Low
2,4,male,2,74.858,321.01,15.836,36.897,Medium
2,4,male,2,62.712,266.57,14.586,65.544,Medium
0,2,male,1,39.066,258.16,17.696,71.656,Medium
2,4,male,1,62.597,318.95,23.345,56.526,Medium
3,5,female,1,51.932,244.82,11.187,38.865,Medium
0,2,male,2,61.488,296.66,13.538,28.466,Medium
0,1,female,2,53.336,368.77,15.577,33.269,Medium
2,4,female,1,72.014,364.49,18.379,35.85,Medium
4,6,female,0,93.409,407.57,17.643,28.01,High
0,2,male,0,76.82,345.89,19.88,59.069,Medium
1,5,male,0,51.888,339.94,12.176,49.415,Medium
0,1,female,1,84.698,407.51,14.969,69.43,Low
0,2,male,1,53.825,294.99,17.897,42.017,Medium
0,1,female,1,41.321,261.22,14.482,49.895,Low
0,2,female,1,64.299,565.24,17.374,69.444,High
0,2,female,2,64.924,404.73,18.696,51.796,Medium
0,1,female,2,45.977,288.53,17.151,NA,Low
0,2,female,0,53.012,360.18,15.563,76.939,Medium
0,2,female,0,64.478,276.08,14.603,85.106,Medium
0,2,male,0,28.841,200.62,21.235,49.892,Medium
1,2,female,0,55.775,273.43,16.455,48.071,Low
2,4,male,0,62.979,386.48,18.857,44.815,Medium
0,1,female,1,32.568,226.33,16.269,30.346,Medium
0,1,female,0,86.734,330.41,17.817,68.049,Low
0,1,female,0,31.54,294.52,14.123,39.224,Low
1,3,male,2,61.916,408.13,10.647,60.441,Medium
2,4,male,2,46.086,281.74,18.429,55.746,Medium
0,1,female,0,58.945,269.93,13.137,52.237,Low
0,1,male,2,51.266,341.91,17.959,73.86,Low
1,3,male,0,60.619,431.48,12.794,45.008,Medium
0,2,female,1,78.766,311.12,18.582,57.205,Medium
2,4,male,1,61.147,347.07,17.285,54.818,Medium
2,3,female,2,61.945,315.98,12.402,0,Medium
1,2,female,4,64.179,413.83,19.462,47.018,High
0,2,male,2,68.246,250.13,14.926,57.501,Medium
0,1,female,1,39.557,299.92,17.696,0,Medium
1,3,female,0,68.918,298.21,20.462,49.21,Medium
0,1,male,1,45.543,357.84,17.71,0,Low
0,2,male,1,58.62,335.91,16.432,58.291,Low
0,1,male,0,58.403,354.71,16.415,80.875,Low
3,5,male,0,72.349,367.32,15.674,0,Medium
0,1,female,2,60.413,271.51,15.285,35.037,Low
0,1,female,1,60.687,269.2,15.733,57.975,Low
2,4,male,4,40.579,274.86,12.017,58.495,Medium
1,3,male,1,41.486,251.86,19.494,65.956,Medium
2,4,female,3,46.357,253.49,16.593,60,Medium
1,2,female,2,74.978,319.73,13.227,35.669,Low
1,2,female,0,64.645,316.78,18.655,72.962,Medium
0,2,male,1,69.843,413.37,20.488,60.325,Medium
2,4,male,1,73.657,334.94,16.164,46.315,Medium
0,1,female,1,66.934,386.56,9.505,64.039,Medium
0,2,female,1,54.179,342.92,12.371,46.164,Medium
0,2,male,0,62.31,321.54,11.931,47.195,Medium
0,3,male,0,61.714,375.09,13.497,39.563,Medium
2,4,male,3,63.728,309.97,11.966,45.608,High
0,1,female,1,58.08,310.88,19.62,72.535,Low
0,2,male,0,43.496,304.16,12.569,49.719,High
2,4,female,1,45.473,344.36,13.814,63.062,High
2,4,male,1,65.718,392.08,16.408,63.38,Medium
1,3,female,1,53.635,358.25,11.811,56.324,Medium
0,2,male,1,77.765,353.9,21.576,73.309,Medium
0,1,male,3,43.629,300.83,23.35,91.151,Low
0,2,male,1,61.075,337.45,18.551,60.779,Medium
2,4,female,0,51.857,372.21,20.906,86.135,Medium
0,1,female,1,69.779,347.94,11.499,26.888,Low
0,1,female,1,58.991,284.45,12.216,35.176,Low
0,2,male,2,56.778,353.19,12.966,56.153,High
0,1,male,0,66.109,316.4,19.829,77.929,Low
2,4,male,3,67.854,293.34,12.412,53.296,Medium
0,2,male,0,37.837,315.08,11.315,65.144,Medium
0,3,female,1,59.949,416.13,22.812,41.403,Medium
0,2,male,1,40.809,328.78,20.534,105.971,Medium
1,3,male,1,73.652,329.93,17.175,51.899,Medium
4,10,male,0,48.603,303.18,11.499,49.469,Medium
0,2,male,1,84.785,318.89,15.673,60.179,Medium
2,3,female,1,46.498,242.8,21.213,61.991,Low
1,2,female,2,58.896,308.31,12.458,73.668,Low
2,6,female,1,63.381,384,12.257,71.106,Medium
0,2,male,1,62.884,302.26,20.445,64.276,Medium
0,2,male,2,74.989,313.6,18.261,40.6,Medium
2,4,male,1,67.442,361.56,16.965,64.29,Medium
0,2,male,1,59.582,317.86,14.625,71.973,Low
0,2,female,1,63.96,382.13,15.978,63.229,Medium
0,1,female,1,52.241,323.2,14.906,66.103,Low
0,2,male,1,44.231,342.24,16.678,48.384,Low
0,2,male,2,59.347,297.16,22.482,42.091,Low
0,1,female,0,47.3,260.59,13.569,60.786,Low
0,2,male,1,54.537,261.37,19.168,52.611,Medium
0,2,male,0,68.899,304.1,19.099,97.2,Medium
2,4,male,0,62.942,281.95,19.16,59.282,Low
0,2,male,1,54.491,378.63,16.909,38.253,Medium
1,3,female,2,63.367,304.18,16.069,58.614,Medium
0,2,male,0,47.441,237.04,17.005,69.185,Low
0,2,male,0,53.978,349.32,16.784,50.204,Medium
0,2,male,0,67.793,288.32,20.641,138.196,Medium
2,4,male,4,59.284,258.03,22.807,55.379,High
0,2,male,1,46.111,329.68,19.186,52.291,Medium
3,5,female,1,54.362,319.1,18.035,63.159,Medium
0,2,male,1,42.619,194.26,18.474,77.528,Medium
0,2,male,1,51.546,245.22,12.973,42.979,Medium
2,4,male,1,50.703,266.83,16.849,47.802,Medium
0,2,female,0,56.349,277.91,15.257,77.156,High
0,2,female,1,59.474,288.04,18.666,76.67,Low
0,1,male,0,44.347,267.46,16.357,34.123,Medium
2,4,male,1,59.4,236.92,17.379,58.722,Medium
0,4,male,0,71.001,239.08,17.918,56.202,Medium
0,1,male,2,59.541,338.34,22.579,72.495,Low
4,6,male,2,36.523,238.44,19.744,41.085,High
4,5,female,1,66.079,328.24,18.451,0,Medium
0,4,female,2,64.265,354.44,12.059,46.667,Medium
0,1,female,1,55.557,287.8,8.881,67.055,Medium
1,3,male,1,81.187,341.45,17.279,48.663,Medium
0,2,male,1,62.085,281.07,14.225,56.294,Medium
1,2,female,1,41.308,278.93,16.56,52.957,Low
2,4,male,2,55.681,458.44,17.98,50.74,Low
0,1,male,2,63.411,392.36,19.215,95.447,Medium
0,1,female,0,51.38,257.48,17.656,74.844,Low
1,2,male,1,66.526,449.05,20.581,79.592,Low
2,4,male,2,38.868,278.94,16.252,19.436,Medium
0,3,female,2,52.083,307.51,21.634,61.684,High
0,2,male,1,80.612,358.53,17.652,84.664,Medium
0,1,female,2,57.866,321.33,20.852,56.012,Low
2,4,male,1,41.362,273.74,19.422,55.721,Medium
0,2,male,1,47.418,339.71,11.953,79.154,Low
2,4,male,1,60.345,281.89,14.901,49.858,Medium
1,3,male,1,66.141,377.32,18.805,74.449,High
0,4,male,0,61.836,316.88,14.196,69.484,High
2,4,male,0,56.641,371.5,14.847,115.928,Medium
2,4,male,0,69.529,373.23,24.146,76.699,Low
3,5,female,1,75.029,288.88,16.635,48.678,Medium
0,2,male,2,47.107,313.61,16.25,0,Medium
0,4,male,1,47.712,405.66,15.48,67.684,High
0,2,female,2,44.108,289.31,19.421,70.372,Medium
2,4,female,2,77.185,274.03,21.452,70.741,Medium
0,2,male,1,66.162,295.58,16.493,96.124,Low
1,4,male,0,54.044,360.41,19.766,55.439,Medium
0,1,male,0,41.741,270.14,14.912,56.738,Low
0,2,male,1,53.316,307.65,20.469,64.369,Medium
0,1,male,0,54.357,317.65,21.583,81.812,Medium
0,2,male,1,45.717,365.29,15.403,53.258,Medium
0,1,male,1,54.918,265.52,17.491,38.129,Low
0,1,female,1,77.88,354.95,16.983,67.73,Low
3,5,male,2,49.783,284.39,12.191,68.49,Medium
0,1,female,0,69.469,312.36,17.449,87.195,Medium
0,2,female,1,46.918,233.09,23.793,43.536,Medium
1,4,male,1,61.126,304.17,17.843,47.197,Medium
0,1,female,0,52.127,342.21,18.408,64.347,Low
0,2,male,0,58.472,407.48,11.494,69.311,Medium
0,2,female,1,44.091,291.32,14.593,36.609,Medium
0,1,male,1,54.127,328.22,11.809,49.527,Low
0,1,female,2,70.64,298.15,17.205,35.256,Low
1,5,male,1,37.356,243.69,14.332,43.421,Medium
2,4,male,1,56.768,315.4,20.37,82.31,High
0,1,male,1,57.891,311.78,20.148,40.335,Low
0,2,male,0,61.732,410,14.303,67.93,High
0,1,female,1,44.82,295.26,19.228,48.977,Medium
0,2,male,3,34.24,302.87,18.141,71.907,Medium
0,3,male,2,57.647,366.19,17.179,71.112,Medium
3,5,male,2,53.863,200.06,10.232,41.144,High
0,2,male,2,61.865,365.92,15.747,65.477,Low
0,2,male,1,52.797,298.27,21.582,57.39,Medium
0,3,male,0,48.129,274.32,18.558,72.449,Medium
2,4,male,2,40.031,268.05,22.92,77.931,High
0,2,female,2,68.485,255.49,20.737,54.863,High
0,1,female,1,82.513,342.77,20.494,57.605,Low
0,1,female,1,76.931,381.04,13.77,32.764,Low
0,2,male,1,56.567,218.2,14.911,76.506,Medium
0,3,male,2,56.08,242.84,12.438,62.261,Medium
0,1,male,0,64.981,275.57,19.093,44.723,Low
0,2,male,0,41.783,302.25,14.239,53.849,High
0,1,male,1,28.935,349.13,17.674,65.491,Low
2,4,male,1,40.851,267.64,21.549,46.481,High
2,3,female,1,50.865,280.43,21.222,76.278,Low
0,2,male,1,55.982,309.15,15.15,58.739,High
0,4,male,1,53.411,245.59,16.482,50.871,Medium
0,2,male,0,54.262,329.57,14.875,54.13,Low
0,1,female,0,70.559,276.76,16.897,51.076,Medium
3,5,female,2,79.768,297.88,15.944,33.273,Medium
2,4,male,5,68.733,383.29,19.399,62.393,Medium
0,1,female,2,49.403,344.03,14.481,47.23,Low
2,4,male,0,59.153,291.86,16.364,51.617,Low
1,3,male,0,45.16,301.48,18.238,72.99,Low
0,1,male,1,51.563,263.68,8.646,68.193,Medium
2,5,female,1,48.428,361.31,15.166,0,Low
0,1,female,1,65.288,432.51,19.73,129.932,Low
0,1,male,3,69.036,341.7,16.182,56.52,Low
2,3,female,1,61.181,261.21,17.928,65.226,Medium
2,4,male,2,52.456,354.57,11.962,46.803,Medium
0,2,male,0,36.058,225.63,16.914,58.569,High
2,4,male,2,54.3,287.24,20.405,69.47,Medium
0,2,female,2,51.346,304.77,21.519,58.133,High
0,3,female,1,58.294,316.51,14.874,59.184,Medium
2,4,male,1,56.119,344.46,24.545,85.266,Medium
0,1,female,1,61.449,437.11,14.715,50.012,Low
0,1,female,1,45.794,326.27,11.567,54.796,Low
0,2,male,0,62.908,269.44,13.573,37.927,Medium
0,2,male,2,46.786,423.5,25.141,42.908,Low
0,2,female,2,56.117,405.1,11.025,0,Medium
0,2,male,2,47.183,294.52,13.189,62.148,Medium
0,1,female,0,74.728,263.21,17.79,65.191,Low
0,1,female,0,59.331,276.15,19.737,41.706,Low
0,2,female,2,33.789,272.71,12.179,46.03,Low
1,2,female,1,47.743,378.43,15.9,64.048,Medium
0,2,male,2,70.964,357.41,11.56,76.95,Medium
4,8,male,1,79.882,304.66,16.005,46.934,Medium
0,2,male,1,57.344,298.14,14.863,64.847,Low
1,2,female,0,31.772,275.36,16.852,69.515,Low
0,2,male,1,46.081,305.32,20.147,59.902,Low
0,1,female,2,69.531,298.47,23.275,55.69,Low
0,2,male,1,81.642,316.27,20.749,53.773,Medium
1,2,female,1,59.553,310.48,18.537,97.963,Low
0,2,female,0,32.726,257.85,21.093,77.405,Low
0,2,female,1,49.328,276.9,14.093,75.138,Medium
0,2,male,0,64.216,332.16,20.712,56.572,Medium
0,2,male,0,61.544,439.54,13.383,73.872,Low
0,2,male,1,63.235,371.97,14.451,49.38,Medium
0,1,female,2,53.321,269.52,22.505,44.208,Low
0,1,female,1,59.216,274.48,19.448,40.916,Low
0,1,female,0,58.186,318.46,19.146,99.338,Low
0,1,female,1,68.081,303.32,17.21,76.694,Medium
2,4,male,0,58.687,339.69,17.519,46.963,Medium
0,2,male,1,50.64,298.15,19.334,78.924,Medium
1,4,male,0,63.323,281.84,14.018,74.899,High
0,2,male,2,55.681,278.58,12.64,41.937,High
3,7,male,1,79.54,300.85,17.75,56.972,Medium
3,5,female,0,66.462,237.15,19.541,48.53,Medium
0,1,female,1,54.186,388.1,16.787,83.179,Medium
0,4,male,1,59.877,378.76,16.365,49.634,High
1,3,male,1,69.665,549.77,14.349,39.244,High
2,4,male,1,43.077,300.32,14.741,47.134,Medium
0,2,male,1,66.521,276.67,16.283,68.89,Medium
0,2,male,1,87.017,372.69,12.087,62.18,Medium
3,5,male,0,45.14,282.47,20.381,94.865,Medium
1,4,female,1,70.466,279.95,15.38,73.209,Medium
0,2,male,1,50.406,346.08,15.076,52.616,Medium
1,3,male,1,87.669,401.99,22.148,62.477,Medium
2,4,male,2,45.457,383.29,17.497,83.514,Medium
0,1,male,0,77.87,341.58,17.34,54.515,Medium
0,2,female,1,56.724,274.69,15.042,58.425,Medium
0,1,female,1,51.532,312.94,19.647,69.455,Medium
0,1,male,1,44.514,324.26,13.075,78.192,Medium
0,2,male,1,45.06,339.17,15.141,66.111,Medium
0,6,female,0,69.051,323.02,19.989,86.471,Medium
0,1,female,0,50.432,259.62,15.107,68.32,Low
0,2,female,1,85.433,374.3,11.441,75.674,Medium
2,4,male,1,52.28,459.8,16.668,55.938,Medium
0,2,male,1,33.845,312.29,18.292,58.974,High
1,3,female,3,71.434,281.18,23.089,59.656,Medium
0,1,male,1,61.236,266.28,16,54.421,Medium
0,2,male,0,48.612,338.77,15.829,61.217,Medium
0,2,male,2,41.253,334.86,17.674,0,Medium
0,3,male,3,53.366,248.04,17.44,48.717,Medium
1,2,female,0,55.477,305.95,17.044,39.295,Low
0,2,female,3,61.106,462.11,12.849,76.248,Medium
0,2,male,1,43.215,290.06,16.26,52.938,Medium
0,1,female,0,66.545,302.33,12.747,51.974,Medium
2,3,female,2,71.788,242.24,19.053,53.259,Low
0,2,female,1,67.996,295.43,15.167,45.317,Medium
0,1,male,1,34.094,291.87,19.088,122.858,Low
1,2,female,1,43.219,378.52,18.755,92.906,Low
0,1,male,1,55.36,284.85,11.417,79.015,Low
0,2,male,2,68.657,329.05,16.642,56.04,Medium
0,1,female,1,34.019,234.83,13.096,59.717,Low
0,2,male,1,52.523,338.89,12.881,76.945,Medium
0,1,female,1,67.049,286.15,21.621,43.246,Low
0,2,male,2,63.58,337.83,16.256,56.141,Medium
0,2,male,0,81.74,405.29,14.253,48.17,Medium
0,1,female,0,75.406,351.79,19.592,50.811,Low
0,1,male,2,80.22,344.3,16.02,47.995,Low
2,4,male,1,63.311,311.87,16.037,61.701,Medium
0,3,male,2,66.339,429.87,13.653,81.089,Medium
1,5,male,1,88.795,361.59,18.512,58.502,High
1,3,male,0,49.363,288.66,14.496,78.638,Medium
0,1,male,0,53.504,356.34,17.715,69.26,Low
0,2,female,2,64.873,282.42,11.383,71.368,High
5,7,female,2,61.181,309.29,13.128,87.227,Medium
0,2,male,0,51.844,380.69,18.739,77.078,Medium
0,4,male,2,60.421,374.95,23.915,81.293,Medium
1,2,female,2,55.571,274.44,17.001,82.135,Medium
0,2,female,2,47.988,323.72,19.384,59.725,Medium
2,3,female,1,86.207,383.84,12.972,74.096,Low
3,5,male,0,60.726,308.02,17.443,65.266,Medium
2,4,male,0,52.249,357.28,9.556,41.626,Medium
0,1,female,1,66.251,274.7,15.378,43.578,Medium
1,3,female,1,49.527,242.98,14.67,56.324,Low
0,1,male,1,35.8,320.25,19.107,60.644,Low
0,2,male,3,68.884,320.72,19.734,54.808,Low
0,1,female,1,47.786,297.98,12.547,68.37,Low
0,1,female,1,78.883,459.92,14.5,64.71,Medium
0,1,male,0,46.108,369.5,8.223,58.097,Low
0,2,male,1,55.71,288.6,14.538,55.609,Medium
2,4,female,1,38.843,330.89,20.94,86.581,Medium
2,4,male,2,30.419,258.96,14.539,52.589,Medium
0,1,male,1,53.825,304.24,20.16,58.728,Low
0,2,male,2,81.497,359.15,16.46,48.59,Medium
0,1,female,0,80.253,354.42,15.777,44.563,Medium
2,4,male,3,85.276,320.83,17.981,34.523,Low
0,2,male,1,75.61,424.27,20.304,62.18,Medium
0,1,male,1,27.442,283.16,17.557,71.8,Medium
1,4,male,3,54.283,253.55,12.554,0,High
0,2,female,0,50.925,305.86,15.439,54.532,Medium
1,2,female,1,49.145,343.51,15.618,55.952,Low
1,4,male,1,74.584,459.18,15.611,46.36,Medium
0,2,male,2,67.867,300.99,12.311,61.161,Medium
0,2,male,2,34.256,323.92,14.748,74.81,Medium
0,2,male,1,83.798,336.19,19.743,69.354,Medium
0,2,female,1,68.391,257.86,18.911,65.524,Medium
2,4,male,0,53.993,342.79,17.699,53.016,Medium
0,2,male,0,48.07,397.1,21.958,64.167,Medium
0,2,female,1,43.327,310.42,12.098,85.071,Medium
2,4,male,1,44.316,238.18,22.7,49.134,High
3,4,female,1,44.133,488.97,17.179,50.148,Low
0,1,female,1,60.371,338.14,15.124,91.526,Low
0,1,female,0,66.454,300.32,16.162,51.504,Low
0,2,male,1,40.869,347.22,16.851,102.688,Low
0,1,female,2,42.824,301.05,18.754,68.168,Medium
0,4,male,1,36.724,256.22,14.479,79.275,Medium
1,2,female,2,69.088,282.88,16.387,37.385,Low
0,1,female,1,61.727,367.07,21.202,66.098,Medium
4,5,female,2,61.281,340.67,17.914,66.539,Medium
0,4,female,1,59.559,305.83,17.841,59.395,High
0,2,male,1,52.773,334.21,17.554,68.212,High
0,1,female,3,52.311,356,22.449,80.386,Low
0,2,male,1,73.929,313.29,20.715,87.939,Medium
0,1,female,3,85.694,316.04,17.475,127.398,Low
0,2,male,0,51.981,449.88,20.849,53.029,Medium
0,2,male,2,77.75,263.23,21.511,64.075,High
2,4,male,0,62.43,369.35,9.969,54.371,High
8,9,female,0,38.798,357.26,14.746,35.308,Medium
0,2,male,1,72.939,331.73,15.716,38.478,Medium
2,4,male,0,49.087,258,14.234,61.084,Medium
0,2,male,1,78.096,414.62,18.198,65.368,Medium
0,1,male,3,42.991,327.53,16.443,56.861,Low
0,1,male,0,61.196,388.18,16.786,68.496,Medium
1,3,female,0,67.445,356.21,21.472,80.312,Medium
0,1,male,1,73.199,365,17.248,57.312,Medium
0,1,female,2,50.022,222.7,19.168,42.129,Low
0,3,male,0,41.054,323.16,15.16,82.121,Medium
0,1,female,4,63.049,290.01,20.658,53.089,Medium
2,4,female,0,52.438,279.93,15.32,79.933,Medium
0,2,female,1,51.939,270.85,14.527,35.704,High
1,3,female,1,53.716,329.05,18.03,41.371,Medium
0,2,male,0,70.218,426.64,15.964,76.816,Low
1,2,male,2,43.018,289.08,12.545,44.628,Medium
0,1,female,0,63.998,285.84,16.776,70.251,Medium
0,2,male,0,51.312,237.28,21.003,86.908,Low
0,2,male,0,67.268,420.02,18.265,82.305,Medium
0,1,female,1,61.65,388.26,17.517,57.496,Low
0,2,male,0,76.517,288.86,18.722,48.286,High
0,1,female,1,53.829,297.28,11.76,51.955,Medium
0,2,male,1,62.591,406.96,16.128,71.419,Low
0,1,female,1,79.22,333.43,14.434,78.174,Low
0,2,male,0,59.915,345.6,14.315,42.723,Medium
0,2,male,1,61.653,335.56,15.673,62.173,High
0,2,female,0,40.951,307.4,22.515,80.84,High
2,4,male,0,60.656,374.35,13.075,60.685,Medium
0,2,male,1,65.471,248.8,18.794,44.726,Medium
0,3,male,1,74.551,284.23,13.448,57.526,High
0,2,female,0,48.31,278.76,20.275,67.976,Medium
1,2,female,2,62.077,287.1,13.889,75.023,Low
1,2,female,1,62.869,345.22,13.801,66.747,Medium
3,4,female,1,45.249,271.39,12.984,56.566,Medium
1,3,female,0,56.205,353.89,13.95,60.429,Medium
1,4,male,1,58.508,374.3,17.134,80.057,Medium
0,2,male,2,52.394,245.16,17.434,70.046,Medium
3,5,male,1,63.788,337.14,19.776,59.712,Medium
0,1,female,3,56.244,219.87,21.575,62.885,Low
2,4,male,1,77.72,306.3,20.126,73.479,Medium
0,2,male,0,38.572,342.71,16.595,64.871,Medium
2,4,male,1,61.104,369.23,13.467,67.244,Low
0,2,male,2,53.41,353.32,18.357,44.485,High
0,1,female,0,73.336,358.01,22.654,66.012,Low
0,1,female,0,21.651,234.52,18.307,80.056,Low
0,2,male,0,50.449,273.65,13.44,37.275,High
1,3,male,3,36.152,301.18,19.63,71.696,Medium
0,1,female,2,71.637,357.13,12.277,41.914,Low
2,4,male,3,40.756,310.72,17.701,51.801,Medium
0,1,male,1,60.737,348.52,17.647,0,Medium
0,2,male,2,65.238,268.64,17.713,57.523,Medium
0,2,male,0,45.745,275.02,17.426,72.874,Medium
0,2,male,1,62.812,333.17,18.789,77.607,Medium
0,1,male,1,54.253,240.07,17.602,54.751,Low
0,2,male,1,40.437,243.94,16.956,43.428,Medium
0,1,female,2,65.102,424.95,11.644,49.479,Low
0,2,female,0,42.864,233.31,16.332,53.42,Medium
0,3,male,2,58.282,256.8,16.795,60.544,Medium
2,6,male,1,60.762,388.3,20.874,78.602,High
0,1,female,0,56.055,302.76,13.159,53.943,Medium
0,2,male,1,56.694,355.09,17.226,36.227,Medium
0,2,male,1,48.643,400.34,15.982,92.37,High
0,2,male,0,47.818,283.04,12.717,75.858,Medium
3,6,female,1,56.431,320.26,17.389,56.57,Medium
0,2,female,3,66.16,287.83,19.095,77.611,Medium
0,2,female,2,59.966,375,19.358,88.018,Medium
0,1,female,1,41.617,310.29,16.326,42.351,Low
0,1,female,1,47.745,395.34,18.4,38.054,Medium
0,1,female,0,63.9,309.82,16.508,40.546,Low
1,2,female,1,76.745,294.17,20.911,60.651,Low
0,1,male,1,59.475,288.37,16.216,54.431,Low
0,2,male,0,42.654,353.7,12.323,75.611,Medium
0,2,female,1,68.338,378.49,18.845,58.755,Medium
0,2,male,1,50.46,302.11,13.222,47.707,Medium
0,1,male,1,50.677,378.84,21.763,89.812,Low
1,2,female,0,74.778,318.88,16.228,57.846,Low
3,7,female,1,57.46,263.01,19.322,45.109,Medium
2,4,male,0,89.43,376.37,16.828,53.763,Medium
2,4,male,1,63.635,399.73,20.006,81.099,Medium
0,2,male,1,79.771,434.36,11.894,28.559,Medium
0,1,female,1,47.897,289.07,14.922,65.689,Medium
2,4,male,0,67.833,264.43,19.574,86.537,Medium
4,6,male,1,48.165,314.05,18.924,81.349,Medium
2,4,male,2,63.904,297.74,16.836,53.713,Medium
1,2,female,0,65.311,284.74,15.006,60.159,Low
0,2,male,1,54.034,355.38,18.163,45.324,Low
0,1,female,1,74.91,285.55,22.63,0,Low
0,2,male,0,37.752,330.88,15.738,66.311,Medium
0,1,female,0,59.83,315.07,18.101,49.936,Medium
0,1,male,3,64.869,353.06,11.527,52.903,Low
2,4,male,1,67.631,364.54,22.14,0,Medium
1,2,female,0,29.057,234.38,16.084,73.914,Low
0,1,male,2,47.766,241.13,17.985,54.247,Low
0,2,male,1,57.055,259.63,14.776,51.182,Medium
0,1,male,2,60.302,186.4,16.692,43.711,Medium
2,3,female,1,31.693,252.47,15.619,41.149,Medium
0,1,female,2,64.554,246.84,12.968,55.869,Medium
2,4,male,2,49.517,402.63,17.038,68.78,Medium
0,2,female,0,37.213,296.85,16.989,57.627,Medium
0,2,male,2,73.068,278.25,17.449,70.382,Medium
2,4,male,2,61.296,356.3,13.936,82.752,Low
0,2,male,2,52.346,283.19,15.013,93.524,Medium
4,6,male,1,56.634,296.95,17.926,64.389,Medium
0,2,male,2,44.393,281.52,14.675,50.326,Medium
0,2,female,1,63.202,314.15,22.391,94.555,Medium
0,1,female,1,70.064,320.25,13.112,47.003,Medium
1,3,male,2,58.386,312.65,13.711,44.353,Medium
1,3,male,1,48.714,304.95,18.162,64.495,Medium
0,1,female,2,60.864,301.35,19.683,49.594,Low
4,6,female,1,55.124,321.03,20.664,64.485,Medium
0,2,male,0,64.432,383.68,16.414,80.368,High
1,3,male,0,49.643,277.26,17.594,58.271,Medium
0,2,male,2,74.586,385.46,22.294,65.973,Medium
0,1,female,1,51.191,253.84,24.495,48.486,Low
0,1,female,5,61.288,404.55,15.052,70.844,Low
0,1,female,5,47.918,309.87,14.169,0,Low
1,2,female,1,85.025,458.59,16.935,45.797,Medium
0,2,female,1,69.169,324.49,11.852,43.323,High
0,1,male,2,69.59,282.72,15.953,47.858,Low
1,2,female,1,57.96,389.1,20.539,72.141,Medium
0,2,male,2,32.828,258.07,15.903,63.789,Medium
0,2,male,1,39.105,204.87,16.265,65.553,Medium
1,3,male,0,53.435,269.25,15.356,54.477,Medium
1,4,male,1,39.676,226.42,19.943,45.72,Medium
2,3,female,0,47.353,321.53,16.365,57.541,Low
2,4,female,3,70.517,330.92,15.346,26.424,Medium
0,2,male,0,51.866,374.66,21.305,59.551,Medium
0,3,female,1,66.949,332.58,19.444,83.123,Medium
1,3,female,2,49.479,271.73,17.608,65.52,Medium
1,4,female,0,56.031,289.9,9.241,65.348,Medium
0,2,male,3,45.879,370.83,19.625,53.021,Medium
0,2,male,0,73.259,380.77,15.003,67.944,Medium
1,4,male,2,41.685,243.28,11.311,59.794,Medium
0,1,male,2,43.822,386.24,14.583,61.476,High
1,5,female,1,53.403,314.47,23.176,86.489,Medium
0,2,male,1,16.34,333.78,14.24,49.646,Medium
2,4,male,1,53.882,443.49,21.896,72.825,Medium
0,1,female,1,34.07,243.97,16.389,55.727,Low
2,4,male,1,57.547,273.67,17.97,63.93,Medium
0,2,male,2,58.821,335.78,20.302,98.534,Low
2,4,male,1,67.998,405.68,12.486,56.46,Medium
3,4,female,1,51.671,316.5,14.892,100.66,Medium
0,2,male,2,60.626,330.63,12.15,43.944,Medium
0,1,male,2,52.421,250.41,20.932,84.908,Low
0,2,male,2,59.482,325.63,15.078,55.635,Medium
0,2,male,2,84.88,383.94,15.354,29.25,Medium
1,2,female,0,24.717,317.9,14.059,71.699,Medium
1,3,female,1,70.342,285.62,20.852,66.735,Medium
2,3,female,0,60.314,341,17.281,49.745,Low
0,2,male,1,60.057,613.73,17.472,61.891,Low
3,5,male,2,68.074,288.18,18.002,47.99,High
0,1,male,0,59.946,354.3,20.502,58.959,Low
0,1,female,0,66.227,504.08,13.213,62.296,Low
2,4,male,0,35.737,212.98,15.543,37.048,Medium
0,2,male,2,66.932,324.75,21.354,67.511,Medium
0,2,female,2,60.871,317.79,19.902,50.988,Medium
3,5,male,2,41.974,493.15,17.022,47.601,Medium
0,2,male,0,52.446,287.84,17.062,84.513,High
2,3,female,2,69.997,311.48,16.861,85.349,Low
0,1,male,2,57.621,266.64,17.244,52.493,Low
0,1,male,0,64.767,307.69,20.926,82.789,Low
1,3,male,1,71.789,381.01,17.595,50.751,Medium
0,1,female,0,71.039,329.99,17.094,66.421,Low
0,3,female,0,64.73,311.29,14.521,63.762,Medium
0,2,male,0,50.756,306.23,14.755,0,Medium
0,2,male,1,47.711,283.78,18.694,47.705,Low
0,2,female,1,60.548,374.78,15.77,38.948,Medium
1,3,male,0,33.974,279.91,14.015,0,Medium
0,2,male,2,52.621,192.78,16.191,36.994,Medium
3,4,female,0,53.359,310.76,18.346,68.657,Low
1,3,male,0,92.378,363.92,18.689,65.861,Medium
2,4,male,1,48.271,279.63,9.796,0,Medium
0,4,female,1,76.223,298.51,21.526,69.069,High
2,4,male,0,61.858,316.53,18.227,55.446,Medium
1,2,female,0,52.205,295.64,21.491,91.51,Medium
0,1,female,2,39.733,299.17,15.879,65.817,Low
0,2,female,1,49.134,229.63,13.233,102.883,Medium
0,1,female,1,66.702,272.95,21.81,80.081,Low
0,1,female,0,45.307,265.62,14.648,38.476,Medium
0,2,male,2,27.297,350.65,16.604,64.194,Medium
1,3,male,0,63.732,363.34,19.623,66.23,High
0,3,male,3,51.932,266.27,9.714,45.653,High
1,3,male,1,54.935,325.07,22.85,75.647,Medium
0,2,male,1,58.643,319.09,16.582,73.897,Medium
0,2,male,1,39.184,237.06,17.971,64.507,Low
0,3,male,1,91.672,332.91,15.822,58.894,Medium
0,1,female,0,49.206,306.72,15.326,78.919,Low
3,5,male,0,50.351,322.89,20.576,67.03,Medium
1,2,female,0,61.33,310.77,21.069,49.461,Medium
0,1,male,2,66.606,269.64,10.931,72.735,Low
0,2,male,0,66.046,342.76,23.988,91.607,Low
0,3,female,2,90.316,361.79,20.717,56.665,Medium
1,3,male,0,68.549,315.3,19.39,40.727,Medium
0,1,female,1,63.036,363.77,18.047,61.238,Medium
0,2,female,1,50.525,255.61,17.482,65.229,Medium
2,4,male,1,56.222,315,17.255,61.266,High
0,3,male,1,44.907,343.78,17.408,47.204,High
0,4,female,0,68.025,353.64,16.759,68.247,High
0,2,male,1,33.275,255.76,19.522,73.02,Low
2,3,female,2,51.716,277.15,21.032,55.798,Low
3,6,female,0,61.46,372.97,21.098,72.41,Medium
0,3,male,1,55.12,392.41,17.786,66.807,Medium
0,1,male,1,83.48,332.88,24.945,80.179,Low
0,2,male,2,44.811,462.85,16.485,60.281,Low
2,3,female,0,78.871,394.73,19.676,74.569,Medium
0,2,male,1,43.716,352.69,14.053,43.225,Medium
0,2,male,3,60.842,263.91,18.569,59.227,Medium
2,4,male,2,74.918,337.54,14.881,62.109,High
0,2,male,0,62.648,378.11,19.654,65.683,Medium
0,2,male,1,52.782,254.85,18.563,65.121,Low
3,5,male,0,80.386,386.87,23.006,67.853,High
2,4,male,1,38.772,316.86,19.099,42.884,Medium
2,4,male,2,70.743,416.6,22.386,68.034,Medium
0,1,male,1,45.936,207.25,14.476,76.681,Medium
1,2,female,3,39.23,370.86,19.567,35.783,Medium
2,3,female,2,59.421,405.01,21.328,57.374,Low
0,1,female,0,45.451,268.51,12.12,58.565,High
0,2,male,2,67.497,296.46,19.312,46.074,Low
0,2,male,3,38.983,309.89,20.709,84.397,Medium
0,1,female,2,65.001,306.24,16.848,57.39,Low
0,1,female,1,42.345,237.36,15.622,53.38,Low
0,2,male,1,45.259,297.24,15.732,86.985,Low
0,2,male,0,17.822,215.65,16.392,71.109,Medium
5,6,female,0,72.027,373.56,14.805,51.76,Medium
0,1,female,1,54.617,306.24,14.626,0,Low
0,2,male,1,37.603,224.23,21.348,59.729,Medium
0,1,female,1,40.034,301.04,20.944,109.97,Medium
0,2,male,1,42.831,235.63,16.36,85.179,High
1,4,male,2,60.047,325.09,16.761,57.258,Medium
1,3,female,1,74.284,369.63,18.101,53.451,Medium
0,2,female,1,57.463,353.08,19.101,74.254,Medium
3,5,male,2,42.081,273.32,12.354,35.709,Medium
0,1,male,0,56.086,269.75,17.045,60.461,Low
1,2,female,0,48.812,345.55,20.701,49.854,Medium
2,4,male,2,76.316,346.91,19.123,61.801,High
0,3,male,4,61.133,368.54,13.588,88.655,Medium
0,1,female,1,73.992,245.39,13.22,42.905,Low
1,3,male,0,63.704,309.93,16.254,65.878,High
0,3,female,1,66.297,295.56,18.24,71.618,Low
0,2,male,2,43.424,240.6,14.51,80.071,Medium
0,2,male,1,52.318,272.98,21.279,86.347,High
0,2,female,0,63.694,399.17,16.338,50.258,Medium
1,3,male,2,59.753,269.11,13.27,67.823,High
0,1,male,1,48.003,269.84,18.744,75.043,Low
2,4,male,1,66.804,254.82,16.115,47.978,Medium
2,4,male,1,47.695,295.04,16.691,83.274,Medium
0,2,male,0,53.462,293.21,16.398,65.111,Medium
2,4,male,2,39.524,319.38,15.334,63.141,High
NA,NA,NA,3,67.279,290.05,15.781,40.805,NA
0,2,male,2,45.15,337.84,12.321,61.445,Medium
0,2,female,1,63.147,332,17.761,53.071,Medium
3,5,male,0,62.802,288.24,20.511,83.994,Medium
0,2,female,0,64.222,324.88,19.444,63.324,Medium
0,2,female,0,82.442,321.69,21.29,38.233,Medium
0,2,male,2,52.49,303.83,18.31,58.851,Medium
1,3,male,0,66.359,240.76,16.989,40.794,Medium
2,4,male,4,50.124,381.62,19.516,54.491,Medium
0,1,female,1,35.201,258.85,15.875,76.184,Medium
0,1,female,1,63.431,296.99,19.875,97.115,Low
0,1,female,0,44.716,300.72,15.273,55.003,Low
0,2,male,1,61.596,362.18,13.874,64.363,Medium
0,2,female,0,56.586,335.69,16.444,61.755,Medium
3,5,male,0,48.852,289.47,14.939,69.124,Medium
0,2,male,1,28.445,412.56,12.637,46.526,Medium
0,1,male,0,63.478,329.76,22.653,82.164,Low
0,2,male,1,80.063,414.98,10.587,56.783,High
0,3,male,1,40.71,294.15,21.822,75.857,Medium
0,1,female,1,67.637,266.1,15.232,34.417,Low
1,2,female,1,58.8,263.37,18.673,54.195,Low
1,3,female,1,66.857,278.52,18.343,97.613,Low
0,1,male,2,58.115,318.68,16.608,81.083,Low
2,4,male,2,63.705,345.81,14.182,48.806,Medium
1,2,female,0,56.185,322.52,13.093,48.902,Medium
0,2,male,1,81.339,319.25,17.773,60.242,Medium
2,4,male,2,42.695,271.52,16.345,58.395,Medium
0,2,male,1,53.501,297.78,13.981,37.03,Medium
0,4,male,1,74.908,346.58,19.424,66.473,High
0,2,female,1,66.425,326.06,19.269,73.511,Medium
0,2,male,0,44.477,371.6,18.323,67.671,Medium
0,2,male,1,60.661,323.99,10.409,70.075,High
0,1,female,2,51.227,299.12,19.295,61.315,Low
0,1,male,1,42.984,294.42,18.288,58.025,Medium
0,2,male,1,47.009,283.45,18.367,79.729,Medium
0,2,male,0,71.735,342.37,15.118,0,Low
0,2,male,1,66.364,315,18.678,73.006,Medium
0,2,male,1,65.909,301.15,12.973,42.736,Medium
3,5,male,1,35.324,320.02,16.335,60.477,High
0,4,male,1,51.435,264.58,18.368,65.412,High
2,4,female,2,58.184,283.98,16.327,46.286,High
1,2,female,3,65.34,286.71,18.121,61.008,Low
0,2,male,2,73.867,300.48,14.777,48.718,Medium
2,3,female,1,54.14,339.05,16.636,63.869,Medium
1,3,female,1,71.856,398.31,18.33,75.526,Low
3,5,female,4,68.254,420.45,20.21,60.632,Medium
2,4,male,2,51.17,347.82,15.092,61.362,Medium
0,1,female,2,67.079,329.16,16.963,59.752,Medium
0,2,male,1,39.673,299.33,16.966,66.906,Medium
1,3,male,1,44.122,285.98,20.665,69.497,Medium
2,4,male,1,40.749,207.43,14.283,33.949,High
0,3,male,2,72.759,398.1,14.719,49.449,Medium
1,3,male,0,63.818,396.68,15.608,56.384,Medium
4,5,female,1,56.966,260.03,15.709,36.504,Low
1,3,male,1,58.713,283.23,19.662,54.674,Medium
0,2,male,1,67.151,401.29,18.841,68.424,Medium
3,4,female,0,44.578,238.44,15.41,63.293,Medium
0,2,female,2,58.394,294.69,17.155,51.965,Medium
0,2,male,1,74.943,279.17,20.864,74.906,Medium
1,3,male,1,54.529,367.25,17.25,53.033,High
0,2,male,1,67.512,336.01,18.166,74.577,Medium
0,2,male,2,65.417,316.74,16.018,74.991,Medium
2,3,female,2,56.065,274.26,18.229,53.377,Low
0,2,male,1,44.448,274.16,17.915,62.983,Low
0,2,male,2,61.732,308.15,18.248,44.814,Medium
0,3,male,0,58.174,300.43,16.596,0,High
0,1,male,1,52.899,261.17,19.19,56.097,Low
2,4,female,2,70.267,400.06,14.224,74.924,Medium
0,2,male,1,57.867,271.11,19.016,62.605,Medium
3,5,female,1,34.336,327.8,15.694,0,Medium
1,3,female,1,50.232,262.12,18.522,44.15,Medium
0,1,male,2,57.626,322.83,16.658,72.795,Medium
0,2,male,0,57.205,302.35,14.954,47.553,Medium
0,1,female,1,27.02,283.6,12.094,48.449,Low
0,2,female,2,65.965,345.93,18.355,75.975,Medium
0,2,male,3,86.858,307.6,15.141,45.761,High
0,2,female,1,45.317,299.46,11.538,66.624,Medium
1,3,male,1,56.554,384.41,15.221,92.452,High
0,2,male,1,46.483,245.42,20.72,48.636,Medium
0,1,male,1,50.244,322.47,16.118,39.906,Medium
0,1,male,0,49.275,297.87,19.171,66.111,Low
0,1,male,0,35.693,230.18,18.703,56.49,Low
0,2,male,2,67.717,383.53,15.567,50.337,Medium
0,1,male,2,70.704,420.37,13.892,71.813,Medium
1,2,male,0,65.595,326.54,20.781,42.207,Low
0,1,female,0,69.91,417.14,18.418,85.122,Low
0,2,male,1,44.755,263.66,11.617,16.176,Medium
0,1,female,1,51.197,318.64,14.27,53.855,Low
2,4,male,1,40.431,361.25,16.026,64.366,High
0,2,female,1,51.562,262.37,15.589,49.564,Low
0,2,male,2,70.501,276.46,16.006,51.701,Medium
0,2,male,1,48.748,303.79,15.476,91.343,Medium
2,4,male,0,33.594,329.99,22.587,96.32,Medium
0,2,male,1,67.038,238.65,12.66,38.242,Medium
0,2,male,1,55.483,282.74,19.289,45.694,High
4,6,male,1,66.096,325.43,13.985,88.145,Medium
1,3,female,0,74.299,355.55,15.72,37.841,Medium
0,2,male,1,46.243,214.94,19.006,38.497,Medium
2,3,female,1,39.516,406.86,13.383,56.502,Medium
3,5,male,1,66.6,302.85,16.476,79.704,Medium
0,1,male,1,49.613,289.83,16.628,71.495,Low
0,2,male,2,52.5,280,16.137,69.597,Medium
0,1,female,0,81.526,328.23,19.78,0,Medium
1,3,male,1,55.553,285.15,14.743,59.063,Medium
0,2,male,2,61.373,294.98,10.466,93.449,Medium
1,4,male,2,36.911,267.24,16.09,51.22,High
0,1,female,1,49.059,373.92,16.682,72.209,Low
0,2,male,1,63.207,308.22,17.013,62.501,Low
3,4,female,3,66.74,398.35,21.646,50.254,Medium
0,2,male,3,64.337,271.49,12.374,45.272,Medium
0,2,male,1,57.004,308.3,20.674,62.057,Low
0,2,male,1,49.636,408.43,14.235,80.081,Medium
0,2,female,2,39.871,283.23,17.688,66.938,Medium
4,5,female,2,64.783,333.85,14.17,59.178,Medium
2,3,female,5,77.57,355.32,17.336,81.572,Medium
0,2,male,1,35.647,235.89,14.617,48.144,Medium
0,1,male,1,69.355,339.65,19.006,41.568,Medium
0,2,male,2,52.505,296.97,21.049,68.554,Medium
0,2,male,0,77.549,423.1,17.153,65.364,High
0,2,male,0,73.503,429.07,21.966,50.832,Medium
0,1,female,2,61.266,366.68,18.229,76.067,Medium
0,1,male,0,56.585,312.75,16.755,80.426,Low
0,1,female,2,42.363,284.38,16.882,34.766,Low
3,4,female,2,59.497,366.39,15.599,61.904,Low
0,1,female,3,61.658,275.47,19.039,63.264,Medium
0,1,female,2,44.933,290.92,19.875,65.318,Medium
0,2,male,1,64.047,324.94,20.447,90.236,Medium
0,1,female,1,48.087,267.55,21.375,66.373,Low
2,4,male,0,51.55,231.82,19.838,59.925,Medium
0,2,male,2,44.685,210.42,18.151,50.656,Low
1,3,male,1,40.798,287.76,14.495,70.776,Medium
1,3,male,1,66.842,358.84,13.54,88.085,Medium
2,4,female,1,55.698,285.28,14.8,82.279,Medium
2,3,female,2,49.439,363.12,16.847,63.355,Medium
0,1,female,1,59.189,462.02,16.28,89.662,Medium
0,2,male,2,44.824,317.2,15.141,55.206,Medium
0,2,male,1,78.945,256.35,11.537,43.593,Medium
0,1,male,3,33.99,347.18,18.272,56.737,Low
0,3,male,1,58.56,397.58,20.992,59.284,Medium
0,2,female,0,48.844,356.03,21.174,73.238,High
0,2,male,0,46.968,311.86,20.104,73.537,Low
0,1,male,0,61.045,327.97,16.968,52.483,Low
0,3,male,1,71.519,280.45,13.902,45.218,Medium
0,2,male,3,61.477,295.08,15.442,49.125,Medium
0,2,male,1,74.742,386.85,17.015,83.564,Low
0,3,male,2,43.022,405.42,12.473,95.663,High
0,1,male,0,57.861,399.07,17.142,71.313,Low
0,1,female,1,45.066,286.75,19.57,60.125,Medium
3,5,female,5,56.382,311.93,13.231,46.531,Medium
1,3,female,1,59.896,448.45,13.65,99.438,High
3,5,male,1,74.146,299.27,13.708,67.622,Medium
1,2,female,0,51.744,292.32,19.264,62.76,Medium
0,2,male,1,57.152,325.15,14.179,48.089,High
0,2,female,2,61.423,306.43,15.633,60.133,High
1,3,female,1,72.608,324.58,14.399,42.357,High
2,3,female,1,57.009,277.14,16.394,65.731,Medium
0,4,male,1,52.75,240.5,13.145,23.848,High
0,2,male,0,69.786,274.8,16.187,40.241,Medium
0,2,female,0,78.97,290.78,12.842,17.901,Medium
0,1,male,1,60.062,295.12,12.535,63.954,Low
2,4,male,0,45.338,413.72,19.003,59.989,Medium
0,1,male,1,25.141,277.56,16.583,66.091,Low
0,2,female,0,53.139,318.05,12.517,62.413,Medium
0,1,female,1,49.088,254.26,21.173,50.742,Low
0,2,female,2,36.666,231.57,16.255,104.446,Low
2,4,male,1,62.526,254.27,15.773,64.623,High
2,4,female,1,69.889,260.5,18.82,63.303,Medium
0,2,male,1,48.025,262.1,16.841,81.216,Medium
0,2,male,0,56.252,271.21,20.668,52.27,Medium
0,1,male,1,84.252,401.68,18.285,41.1,Medium
0,3,female,2,64.562,320.5,21.393,95.156,Medium
0,1,male,1,82.057,283.62,18.05,60.594,Medium
0,2,female,0,38.266,269.27,22.276,77.834,Medium
0,1,female,2,50.036,361.79,19.58,76.418,Medium
0,1,female,1,65.163,353.07,23.231,50.621,Low
0,2,male,1,64.931,345.47,21.693,75.41,Medium
0,2,female,1,55.614,282.71,20.964,39.278,Medium
0,2,male,2,51.858,366.79,12.083,79.367,Medium
0,1,female,2,64.235,372.74,18.213,47.929,Medium
2,4,male,2,34.667,271.44,17.808,63.125,High
0,2,male,1,52.173,246.39,17.029,65.176,Medium
0,2,male,2,55.039,371.8,16.735,59.986,Medium
0,1,female,1,83.818,456.04,21.805,72.981,Low
0,2,female,2,50.266,284.92,17.134,52.217,Low
0,1,female,1,53.09,280.04,16.733,44.249,Medium
0,2,male,1,50.997,279.75,17.835,77.399,Medium
1,3,female,3,54.937,302.2,15.234,59.839,High
2,4,female,1,47.355,310.1,22.574,52.301,High
3,4,female,1,69.809,401.5,16.613,97.131,Low
0,1,male,2,71.61,360.06,18.59,0,Low
0,2,male,1,53.164,343.36,21.885,68.865,Medium
2,4,male,1,48.133,309.05,14.106,58.199,Medium
0,2,female,1,59.362,374.47,16.297,53.393,Low
0,1,female,2,47.821,305.58,17.538,83.473,Low
0,2,male,1,62.706,304.96,19.415,56.538,Medium
2,3,female,0,41.197,299.41,16.133,72.077,Medium
0,1,female,1,58.365,291.34,19.079,61.334,Medium
0,1,female,1,42.517,281.77,20.134,70.435,Low
0,2,male,2,44.036,335.55,17.592,64.975,Medium
0,2,male,1,34.299,247.23,14.475,57.649,Medium
0,1,female,1,76.789,305.23,19.026,44.319,Medium
1,4,male,1,77.102,258.59,10.907,34.38,Medium
0,2,female,0,51.559,298.52,14.097,74.158,High
0,1,female,2,56.605,346.44,21.346,71.017,Low
0,1,female,0,50.797,301.58,13.05,60.157,Medium
1,3,male,1,64.426,296.86,17.477,51.476,Medium
0,1,female,0,56.681,413.29,12.686,69.748,Low
1,2,female,1,45.915,377.72,16.936,0,Low
0,1,female,1,54.841,313.19,20.764,41.366,Low
0,1,female,2,60.403,248.72,19.99,41.64,Low
0,2,male,1,47.972,259.26,13.522,55.498,High
1,3,male,1,37.437,257.1,10.429,52.575,Medium
0,4,female,2,72.235,335.75,18.716,114.565,Medium
3,5,male,1,41.687,208.27,16.891,58.47,Low
0,1,female,1,85.459,338.42,17.769,56.594,Low
0,1,male,1,60.836,325.83,22.13,89.204,Low
0,3,male,0,54.904,311.2,18.541,68.164,Medium
2,4,male,1,68.448,353.84,16.265,52.793,Medium
0,2,male,1,66.159,373.18,16.294,68.95,Medium
0,1,female,2,54.868,297.83,18.784,113.938,Low
0,2,female,2,53.298,250.22,16.745,50.8,Medium
0,1,female,3,38.582,218.03,12.085,55.358,Medium
0,2,female,1,59.188,305,16.698,58.339,Low
0,2,male,0,52.63,325.55,18.845,45.921,Low
4,8,male,1,65.074,300.48,16.427,45.078,High
3,5,female,1,73.913,395.96,16.34,39.439,Medium
1,2,female,0,41.776,423.02,18.233,64.78,Low
0,4,male,0,38.199,186.45,18.537,79.995,High
0,2,male,1,60.679,349.49,17.435,38.333,Medium
2,3,female,1,59.357,309.58,17.451,77.029,Medium
1,3,male,1,57.218,351.01,13.863,49.936,Medium
0,2,male,1,54.608,279,22.7,54.747,Medium
2,4,male,1,55.205,328.37,12.793,80.975,Medium
2,3,female,1,51.956,255.07,20.032,56.859,Low
1,3,male,1,60.445,334.6,16.967,60.032,Medium
0,2,male,1,81.488,362.03,17.717,64.743,High
0,2,female,0,38.148,272.58,21.57,47.242,High
0,2,female,0,52.858,334.17,15.915,87.178,Medium
0,1,female,0,37.147,214.29,16.135,48.004,Medium
0,1,female,1,46.178,255.23,21.518,60.776,Low
0,1,male,1,62.364,331.87,20.197,0,Medium
0,1,female,1,45.465,247.95,21.605,71.006,Low
1,3,female,1,66.66,395.51,14.6,67.496,Low
0,2,male,0,54.389,414.11,12.499,63.015,Medium
0,2,male,1,94.569,455.52,20.545,77.085,Medium
0,1,male,1,63.249,302.78,17.333,28.683,Low
1,2,female,1,53.108,405.01,16.58,57.9,Low
2,4,male,1,52.45,363.85,15.345,30.546,Medium
0,1,male,1,53.753,198.82,18.497,45.948,Medium
1,3,male,0,70.925,398.65,18.804,62.521,Medium
2,4,male,1,42.776,221.94,10.321,41.727,High
1,3,male,1,57.737,341.39,18.204,67.665,High
0,1,female,0,71.562,380.87,13.848,51.983,Medium
0,2,male,1,43.351,223.47,14.77,45.225,Medium
0,2,male,2,51.336,331.54,17.09,110.482,Medium
0,1,female,2,34.049,244.64,14.838,63.668,Low
0,1,male,0,52.978,283.3,18.3,48.38,Medium
0,2,male,1,78.127,418.58,14.428,66.896,Medium
0,1,male,1,70.228,317.07,17.781,40.104,Medium
0,2,male,1,47.367,360.99,16.617,65.906,Medium
0,2,male,0,58.344,354.45,16.184,49.586,Medium
0,2,female,1,62.11,343.61,17.498,93.862,Medium
0,1,female,2,71.098,320.15,14.736,46.418,Medium
0,2,male,1,47.232,227.98,15.779,74.251,Medium
0,2,male,2,76.711,281.46,15.704,43.628,Low
1,3,male,1,78.507,371.75,17.343,51.12,Medium
0,1,female,1,72.406,307.34,15.336,57.041,Low
0,2,male,0,49.203,288.08,17.028,50.165,Medium
0,1,male,2,58.619,320.05,18.677,50.425,Low
0,2,male,0,37.092,322.36,14.696,102.017,Medium
1,2,female,1,37.463,257.56,16.143,65.106,Low
0,3,male,0,54.267,329.88,18.035,78.685,High
0,1,female,1,34.242,279.42,16.8,54.64,Low
0,1,male,3,34.69,238.25,18.645,50.589,Low
0,1,male,3,64.322,340.37,22.332,52.224,Low
0,3,male,1,97.459,377.54,11.333,56.924,High
4,5,female,1,52.607,304.58,11.433,68.167,Medium
0,2,female,1,50.016,297.96,18.632,44.775,Low
0,2,male,1,47.908,301.61,18.827,85.816,Medium
0,2,male,2,36.819,313.16,20.943,71.87,Medium
0,1,female,2,37.329,344.73,16.671,68.714,Low
2,3,female,0,29.201,240.03,22.106,49.281,Medium
0,1,male,0,63.231,353.9,18.294,59.625,Low
0,2,female,1,71.497,356.99,11.312,73.2,High
0,3,male,0,80.52,341.95,22.221,67.457,Medium
0,3,male,2,67.034,324.04,10.701,54.789,High
0,2,male,0,51.465,255.41,10.471,54.11,Low
0,1,female,1,53.461,280.08,17.847,37.434,Low
0,2,male,0,58.073,365.29,19.075,55.664,Medium
3,5,male,0,39.375,339.62,16.926,67.075,High
0,3,male,2,64.652,380.81,13.94,41.055,High
0,2,male,1,64.955,333.32,20.748,74.409,Medium
0,4,male,1,69.854,290.63,14.728,27.466,Medium
1,5,male,4,55.936,366.77,18.68,72.996,High
2,4,male,2,58.822,270.19,19.516,58.217,Medium
0,2,male,1,84.785,367.86,12.342,52.863,Low
0,1,female,1,41.733,277.45,14.417,54.996,Medium
0,2,male,0,55.218,262,13.624,52.952,Low
0,1,male,0,68.01,332.28,22.573,45.961,Low
1,3,male,0,84.67,330.67,18.75,24.483,Medium
0,2,male,1,51.848,275.71,18.588,55.768,Medium
2,4,male,1,48.965,212.8,16.501,73.113,Medium
0,1,male,1,55.982,445.38,24.007,54.366,Low
0,1,female,2,59.198,363.33,13.522,24.069,Medium
0,3,male,1,68.695,474.23,16.544,43.434,High
0,2,male,2,45.396,315.77,21.449,68.385,High
0,2,male,1,72.959,345.44,18.834,94.606,Medium
0,2,male,0,62.761,320.21,22.214,72.083,Medium
0,2,male,0,54.107,249.04,16.08,83.62,Low
0,1,male,2,51.604,294.94,16.711,39.315,Low
0,1,male,1,81.652,321.63,19.675,83.167,Low
2,4,male,1,23.766,225.71,13.656,64.376,Medium
3,5,male,1,60.302,310.53,14.205,44.315,Medium
0,2,male,2,71.464,361.65,11.259,56.626,Medium
2,3,female,1,36.822,238.93,17.982,44.613,Low
0,3,male,0,62.537,309.1,12.666,40.762,Medium
0,2,male,2,51.029,277.99,13.715,34.321,Medium
0,1,female,0,49.841,311.11,17.734,64.198,Medium
0,2,male,2,63.944,369.51,17.153,63.527,Medium
0,2,male,0,69.874,337.76,19.2,55.214,Medium
1,2,female,0,67.049,269.24,17.297,140.215,Low
0,2,male,1,71.021,409.6,18.428,63.304,Low
1,4,male,0,43.182,275.48,10.386,38.537,Medium
2,4,male,0,69.403,391.78,22.093,44.156,Medium
0,3,male,2,60.702,317.5,16.939,71.257,Medium
0,2,female,0,60.672,314.77,16.064,59.536,Medium
2,4,male,2,58.339,425.58,15.728,73.317,High
2,4,male,2,59.231,410.48,17.131,65.73,High
1,2,female,1,53.983,384.6,16.469,70.347,Low
0,2,male,1,42.138,246.17,15.862,59.728,Medium
0,1,male,2,71.588,390.29,18.798,66.889,Medium
0,2,male,3,57.242,304.71,24.133,69.467,Medium
0,2,male,2,32.371,257.27,17.95,65.747,Medium
0,2,male,2,66.092,300.28,17.331,53.694,Medium
0,2,male,2,44.277,334.1,19.863,0,Medium
2,4,male,0,69.233,317.02,16.807,53.136,Medium
0,2,female,3,59.723,327.34,10.851,69.178,Medium
0,2,male,4,54.219,424.17,22.253,0,Medium
0,1,female,1,78.836,338.13,17.681,49.06,Low
2,3,female,1,51.777,335.58,18.425,33.178,Low
2,4,male,1,45.729,332.53,16.158,37.79,Medium
0,1,male,1,90.024,321.07,14.348,61.545,Medium
2,4,female,0,41.617,321.1,16.952,61.682,Medium
0,1,male,1,93.807,436.66,14.327,62.35,Low
0,2,male,1,60.558,310.5,15.551,85.117,Low
1,3,male,0,62.962,308.98,19.683,60.67,High
1,3,male,1,47.624,312.83,22.68,60.73,Low
1,3,female,0,48.269,250.68,16.734,43.363,Medium
0,1,female,1,71.579,334.51,16.869,68.835,Low
1,2,female,1,58.724,329.03,22.907,66.458,Low
0,2,male,2,67.576,239.39,17.375,41.12,Medium
0,3,male,0,46.972,323.24,14.705,38.701,Medium
0,2,male,2,79.604,362.77,17.766,39.528,Medium
1,2,female,2,59.052,300.03,16.916,50.848,Medium
0,1,male,1,42.448,245.2,15.373,50.303,Low
0,1,male,3,33.834,296.01,14.77,43.418,Medium
1,3,male,2,60.914,310.93,12.769,39.564,High
0,1,male,2,37.708,301.98,13.089,43.719,Medium
0,1,male,0,55.441,367.84,18.841,75.101,Low
0,3,female,0,46.715,282.15,15.739,88.897,Medium
0,2,male,1,65.534,333.07,16.597,80.4,Medium
0,1,male,1,26.092,336.61,12.796,52.602,Medium
2,4,male,2,45.394,369.91,15.075,58.739,High
0,1,female,1,45.422,317.58,15.676,67.841,Medium
1,2,female,1,53.285,297.95,14.115,64.638,Medium
0,1,female,1,58.985,294.59,18.56,35.613,Low
2,6,male,2,59.396,371.04,15.184,34.314,High
2,4,male,0,50.525,284.2,19.356,19.258,Medium
0,2,male,0,77.34,279.53,17.609,43.951,Low
0,2,male,0,76.528,313.13,18.19,77.008,Low
0,2,female,0,49.016,312.32,17.995,65,Medium
0,2,male,0,67.283,288.06,22.081,52.718,Medium
0,1,male,1,64.107,371.94,14.959,77.679,Medium
0,1,female,1,53.672,332.53,19.675,88.926,Low
0,2,male,1,31.674,199.42,13.812,32.666,Medium
0,4,female,1,40.068,240.8,16.898,75.109,Medium
0,2,male,2,74.205,328.24,18.827,50.072,Low
0,4,male,1,58.295,270.82,21.528,50.503,Medium
0,3,female,1,38.544,246.06,21.638,47,Medium
0,1,female,1,67.412,297.85,16.804,51.742,Low
0,3,male,0,62.048,352.82,15.777,57.558,Medium
