Platform,genre,avg.review,daily.listens,total.reviews,subscribers
Apple Podcasts,Comedy,3.78,4683.26,984,549.94
Spotify,News & Culture,4.7,4336.52,1005,340.07
Apple Podcasts,Documentary,3.98,4277.5,968,693.57
YouTube,Comedy,4.71,4717.49,1132,622.02
Apple Podcasts,News & Culture,4.7,4267.62,690,311.37
Apple Podcasts,News & Culture,4.55,4623.31,991,301.99
Spotify,Documentary,4.4,4228.83,970,849.31
Apple Podcasts,Comedy,4.84,4667,956,495.58
Apple Podcasts,Documentary,3.66,4335.86,1072,833.02
Spotify,Documentary,4.34,4518.86,1202,869.78
Spotify,News & Culture,4.45,4644.18,1175,226.32
Spotify,Comedy,3.93,4544.57,886,544.76
YouTube,Comedy,4.25,4548.34,778,747.52
Apple Podcasts,News & Culture,3.66,4356.99,842,483.49
Spotify,News & Culture,5,4841.95,1157,540.05
Apple Podcasts,Comedy,3.62,4688.69,992,238.4
Spotify,Documentary,4.88,4358.44,965,1051.92
Apple Podcasts,Comedy,4.04,4819.08,1071,439.7
Apple Podcasts,News & Culture,5,4518.69,910,587.75
Spotify,News & Culture,4.46,4607.91,1069,234.59
Spotify,Documentary,4.52,4441.9,1018,772.63
Apple Podcasts,News & Culture,4.6,4453.85,893,204.5
Spotify,News & Culture,4.38,4606.23,953,454.2
Apple Podcasts,News & Culture,5,4587.8,615,659.59
Apple Podcasts,Documentary,5,4168.06,500,930.39
Apple Podcasts,Comedy,4.42,4785.58,847,670.66
YouTube,News & Culture,4.11,4525.62,1117,511.68
Apple Podcasts,Documentary,4.01,4421.02,906,812.63
Spotify,News & Culture,4.76,4758.6,1123,611.86
Spotify,Documentary,4.44,4239.92,1062,766.76
YouTube,Documentary,4.58,4341.82,848,853.26
Apple Podcasts,Comedy,4.5,4807.58,965,608.76
Apple Podcasts,Comedy,4.3,4760.85,709,835.13
Apple Podcasts,Documentary,3.97,4217.75,1106,612.4
Spotify,News & Culture,4.53,4467.51,1057,611.26
Spotify,News & Culture,4.4,4420.46,1038,229.58
Apple Podcasts,Documentary,4.75,4263.94,936,838.26
Apple Podcasts,Documentary,4.5,4284.04,1245,810.23
Apple Podcasts,Comedy,4.63,4634.74,943,678.43
Apple Podcasts,News & Culture,4.58,4753.64,798,899.83
Apple Podcasts,Documentary,4.24,4403.23,950,803.81
Spotify,News & Culture,4.13,4674.57,663,512.28
Spotify,Documentary,4.48,4376.26,984,864.15
BBC Sounds,Documentary,4.65,4451.38,1028,936.48
Apple Podcasts,Comedy,5,4614.17,600,457.38
Apple Podcasts,News & Culture,4.13,4502.27,997,435.48
Apple Podcasts,News & Culture,5,4720.56,916,610.98
Apple Podcasts,News & Culture,5,4645.43,1061,668.8
Apple Podcasts,Documentary,4.77,4356.55,938,879.84
Apple Podcasts,Documentary,4.82,4317.4,1143,846.81
Apple Podcasts,News & Culture,4.79,4448.7,1048,559.62
Apple Podcasts,Comedy,2.96,4885.78,1095,516.61
Apple Podcasts,Comedy,4.63,4834.7,964,594.5
Spotify,News & Culture,3.44,4303.91,763,276.18
Apple Podcasts,News & Culture,4.45,4407.56,897,453.72
Apple Podcasts,News & Culture,4.42,4487.57,744,543.93
Apple Podcasts,Comedy,4.35,4732.85,865,427.46
Apple Podcasts,Documentary,4.75,4550.67,863,955.68
Apple Podcasts,Comedy,4.64,4712.05,1015,476.01
Apple Podcasts,News & Culture,4.59,4438.32,1013,547.83
Apple Podcasts,Documentary,3.83,4275.16,1151,615.58
Apple Podcasts,Documentary,3.85,4228.24,1003,860.79
BBC Sounds,Documentary,4.64,4300.34,1061,892.78
Spotify,News & Culture,4.36,4535.4,1142,437.39
Apple Podcasts,News & Culture,4,4377.87,602,743.59
Apple Podcasts,Documentary,4.41,4281.51,873,673.29
Spotify,Documentary,4.21,4334.67,1090,977.4
Apple Podcasts,Comedy,4.6,4805.57,1123,546.57
Apple Podcasts,News & Culture,4.59,4545.25,1004,512.83
Spotify,Documentary,4.66,4275.06,1065,834.85
Spotify,News & Culture,3.22,4243.27,687,380.64
Apple Podcasts,Comedy,4.43,4773.31,798,595.24
Spotify,News & Culture,4.22,4444.52,653,570.82
Apple Podcasts,Comedy,4.34,4683.27,873,577.01
Apple Podcasts,Documentary,4.8,4228.55,896,708.76
Apple Podcasts,News & Culture,4.79,4576.77,950,634
Apple Podcasts,Documentary,4.66,4499.79,1131,857.5
Apple Podcasts,News & Culture,4.8,4514.18,764,729.56
Apple Podcasts,News & Culture,4.49,4774.94,1219,579.24
Apple Podcasts,Documentary,4.51,4259.69,1101,963.39
Apple Podcasts,Documentary,4.59,4403.97,917,959.29
Apple Podcasts,Comedy,4.57,4644.72,886,521.51
Apple Podcasts,Documentary,4.8,4435.87,696,901.07
Apple Podcasts,Documentary,4.56,4254.22,891,674.04
Apple Podcasts,Documentary,3,4798.39,1067,855.48
Apple Podcasts,Comedy,3.48,4917.02,857,580.51
Apple Podcasts,Documentary,4.81,4302.01,837,832.4
Apple Podcasts,News & Culture,4.71,4278.58,778,370.57
Apple Podcasts,Documentary,4.16,4268.54,922,873.44
Apple Podcasts,News & Culture,3.48,4529.67,1009,481.36
YouTube,Comedy,4.87,4641.44,795,474.75
Apple Podcasts,Documentary,4.19,4268.11,1254,638.59
Apple Podcasts,News & Culture,4.53,4448.91,1305,407.11
Apple Podcasts,Documentary,4.84,4264.76,897,773.71
Apple Podcasts,Documentary,4.42,4323.41,1216,635.85
Spotify,News & Culture,3.71,4354.45,850,329.11
Spotify,News & Culture,5,4527.23,1004,518.53
Spotify,News & Culture,4.28,4472,1043,589.98
YouTube,Comedy,4.33,4621.65,834,805.71
Apple Podcasts,Documentary,4.75,4306.66,944,754.32
Apple Podcasts,Comedy,4.64,4621.72,992,329.26
Apple Podcasts,Documentary,4.74,4197.87,968,773.19
Apple Podcasts,Comedy,3.6,4633.34,874,433.73
Apple Podcasts,Comedy,4.86,4899.19,805,659.58
Apple Podcasts,Comedy,4.22,4656.34,898,604.96
Apple Podcasts,Documentary,4.25,4486.22,1065,913.24
Apple Podcasts,Documentary,4.45,4371.43,1038,677.76
Apple Podcasts,Documentary,4.84,4174.41,1025,793.18
Spotify,Documentary,4.84,4405.26,1221,835.07
YouTube,Documentary,4.42,4451.23,1078,996.85
Apple Podcasts,News & Culture,4.88,4546.06,857,681.02
Apple Podcasts,Documentary,4.5,4331.61,1104,889.56
Apple Podcasts,Comedy,4.53,4740.09,1156,523.36
Apple Podcasts,News & Culture,4.46,4327.51,720,685.65
Apple Podcasts,News & Culture,4.25,4466.73,776,708.41
BBC Sounds,Documentary,4.46,4279.49,957,671.83
Apple Podcasts,Documentary,4.31,4365.47,1152,407
Apple Podcasts,News & Culture,4.37,4530.16,989,454.11
Apple Podcasts,Comedy,4.83,4677.23,1084,682.91
Apple Podcasts,Documentary,4.5,4392,1012,857
Apple Podcasts,Documentary,4.59,4316.89,799,591.62
Apple Podcasts,News & Culture,4.42,4350.06,722,488.24
Apple Podcasts,News & Culture,4.81,4302.92,902,484.92
Apple Podcasts,Documentary,4.58,4384.14,1171,851.38
Apple Podcasts,Documentary,3.46,4338.38,855,825.48
Apple Podcasts,Documentary,4.43,4373.25,1016,977.71
Apple Podcasts,Documentary,4.77,4430.02,872,913.51
Apple Podcasts,News & Culture,4.8,4458.56,985,524.4
Apple Podcasts,Comedy,4.47,4935.09,990,734.03
Apple Podcasts,News & Culture,4.75,4453.95,1142,492.22
Apple Podcasts,Documentary,4.53,4610.99,1217,728.02
Apple Podcasts,Comedy,4.46,4398.63,800,572.89
Apple Podcasts,Comedy,4.33,4921.18,1329,391.48
Apple Podcasts,News & Culture,4.48,4413.89,1058,688.76
Apple Podcasts,Documentary,3.62,4363.78,962,959.06
Spotify,Documentary,4.8,4185.98,857,539.3
BBC Sounds,Comedy,4.62,4625.33,961,514.91
Apple Podcasts,News & Culture,5,4269.64,893,203.49
BBC Sounds,News & Culture,4.26,4446.06,757,380.39
Apple Podcasts,Documentary,4.87,4351.33,1212,906.19
Apple Podcasts,News & Culture,4.23,4474.15,1090,611.36
YouTube,Comedy,4.73,4795.91,811,765.26
Apple Podcasts,Documentary,4.68,4431.55,908,900.61
Apple Podcasts,Documentary,4,4474.83,1034,889.5
YouTube,Comedy,5,4728.05,1233,486.55
Apple Podcasts,Comedy,3.79,4661.08,1122,394.59
Apple Podcasts,News & Culture,4.21,4466.34,825,404.19
Spotify,Documentary,3.27,4298.5,1105,999.2
Apple Podcasts,Comedy,4.84,4645.77,989,615.55
Apple Podcasts,News & Culture,4.66,4713.06,959,598.8
YouTube,News & Culture,3.85,4497.15,829,338.62
Apple Podcasts,News & Culture,4.02,4455.97,1080,575.95
Apple Podcasts,News & Culture,4.19,4250.09,711,310.15
Spotify,Documentary,4.63,4317.11,940,815.03
Spotify,News & Culture,4.72,4535.66,991,531.21
YouTube,Comedy,4.59,4773.48,1025,475.19
Apple Podcasts,Documentary,4.88,4153.51,1125,728.08
Apple Podcasts,News & Culture,4.23,4592.28,1059,523
Apple Podcasts,Comedy,4.52,4824.29,976,684.85
Apple Podcasts,News & Culture,4.59,4340.09,816,192.66
Spotify,Comedy,4.84,4719.85,812,754.88
Apple Podcasts,News & Culture,4.72,4773.99,1051,562.87
Apple Podcasts,News & Culture,4.36,4884.16,919,463.9
Apple Podcasts,News & Culture,4.63,4574.8,1030,482.29
Apple Podcasts,News & Culture,4,4483.59,973,566.97
Apple Podcasts,Documentary,4.09,4214.05,879,748.31
Apple Podcasts,News & Culture,4.75,4597.4,1106,609.88
Apple Podcasts,News & Culture,5,4686.83,871,676.87
Apple Podcasts,Documentary,4.39,4171.31,687,840.83
Apple Podcasts,Documentary,5,4279.45,888,665.61
Apple Podcasts,Comedy,4.8,4751.05,1062,531.32
Apple Podcasts,Comedy,4.3,4440.03,605,438.76
YouTube,News & Culture,3.41,4292.52,476,487.41
Apple Podcasts,Comedy,4.56,4681.55,735,483.04
Apple Podcasts,Documentary,4.3,4314.51,1064,645.58
Apple Podcasts,News & Culture,3.91,4482.63,764,611.88
Apple Podcasts,Comedy,4.6,4700.01,996,419.86
YouTube,Comedy,4.83,4593.23,803,563.53
Apple Podcasts,News & Culture,4.12,4474.24,965,479.14
Apple Podcasts,Comedy,4.52,4668.51,1036,433.43
Apple Podcasts,Comedy,4.4,4814.98,802,681.06
YouTube,Documentary,3.89,4410.09,1225,924.7
Apple Podcasts,Documentary,4.34,4373.1,1215,825.99
Apple Podcasts,Comedy,5,4666.16,1024,680.55
YouTube,Comedy,4.67,4547.06,1199,458.61
Apple Podcasts,News & Culture,4.08,4626.18,1103,461.8
Apple Podcasts,Documentary,4.4,4368.57,1031,738.45
Apple Podcasts,Comedy,4.42,4791.26,981,805.67
Apple Podcasts,Documentary,4.5,4425,989,778
Apple Podcasts,News & Culture,4.44,4243.64,885,313.67
Apple Podcasts,Comedy,3.25,4716.74,1053,315.29
Apple Podcasts,News & Culture,4.13,4580.36,835,556.1
Apple Podcasts,Comedy,100,4664.16,0,580.48
Spotify,News & Culture,4.77,4377.09,999,196.08
Apple Podcasts,Documentary,5,4390.66,858,1131.05
Apple Podcasts,Comedy,4.68,4805.4,1151,570.13
Apple Podcasts,News & Culture,3.6,4556.96,1110,537.03
Apple Podcasts,News & Culture,4.27,4677.49,1037,525.97
Apple Podcasts,Comedy,4.63,4707.55,923,415.4
Apple Podcasts,Documentary,4.66,4437.68,1031,1059.15
Apple Podcasts,Comedy,4.6,4582.45,672,545.35
YouTube,News & Culture,4.5,4411.74,1006,330.9
Apple Podcasts,Comedy,4.33,4670.77,1009,617.97
Apple Podcasts,News & Culture,3.67,4379.82,709,541.77
Spotify,Comedy,3.68,4740.38,1069,506.54
Spotify,Documentary,4.1,4469.39,943,935.59
Apple Podcasts,Comedy,4.12,4898.38,783,779.04
Apple Podcasts,Documentary,4.88,4306.25,1268,872.41
Apple Podcasts,Comedy,4.25,4425.1,738,590.7
Apple Podcasts,Documentary,4.59,4417.91,843,779.24
Apple Podcasts,News & Culture,5,4219.42,868,424.35
Apple Podcasts,Documentary,4.23,4393.57,1079,883.78
Apple Podcasts,News & Culture,4.51,4423.54,1002,352.18
Apple Podcasts,News & Culture,4.14,4665.66,1099,546.59
Apple Podcasts,Comedy,4.94,4507.69,739,446.22
BBC Sounds,Documentary,5,4509.57,1157,760.15
Apple Podcasts,Documentary,4.66,4209.46,1003,789.5
Apple Podcasts,Documentary,4.6,4335.46,998,948.95
Spotify,Documentary,4.37,4273.19,975,801.01
Spotify,News & Culture,4.62,4727.83,960,489.66
Apple Podcasts,Comedy,4.28,4518.98,942,466.42
Apple Podcasts,Documentary,4,4377.09,846,874.71
Spotify,Documentary,4.55,4278.01,1057,702.81
Apple Podcasts,Documentary,4,4423.57,1204,1030.79
Apple Podcasts,News & Culture,4.61,4797.51,978,812.44
Spotify,Documentary,4.24,4232.75,782,1050.88
Apple Podcasts,Documentary,4.31,4440.75,945,1058.23
Spotify,Documentary,4.4,4394.68,1198,688.78
BBC Sounds,News & Culture,3.73,4478.52,1244,424.79
Apple Podcasts,Documentary,4.85,4570.12,1037,855.82
Apple Podcasts,Documentary,4.5,4293.26,1092,662.34
Apple Podcasts,Comedy,4.17,4834.18,1040,707.45
Apple Podcasts,Comedy,4.23,4974.19,1118,602.97
BBC Sounds,Documentary,4.56,4441.97,1108,885.45
Apple Podcasts,Documentary,4.84,4337.72,1067,692.24
Apple Podcasts,News & Culture,4,4442.13,871,230.71
Apple Podcasts,News & Culture,4.2,4482.01,932,622.73
Apple Podcasts,Documentary,3.5,4129.4,826,561.74
Spotify,Comedy,4.4,4869.65,1016,413.88
Apple Podcasts,News & Culture,3.33,4598.74,860,674.11
Apple Podcasts,Comedy,4.49,4827.59,863,650.33
Apple Podcasts,Comedy,3.91,4444.88,941,331.49
YouTube,Documentary,4.54,4370.71,1092,735.91
Apple Podcasts,Comedy,4.12,4866.88,1030,874.49
Apple Podcasts,Comedy,4.26,4474.12,698,441.69
Apple Podcasts,Comedy,4.75,4757.85,1131,587.12
Apple Podcasts,Comedy,4.37,4967.35,1203,807.24
Apple Podcasts,News & Culture,3.4,4604.19,1010,397.37
Apple Podcasts,Documentary,4.55,4241.96,1004,837.16
Apple Podcasts,Comedy,4.62,4801.47,906,485.19
YouTube,Comedy,4.63,4878.7,1343,522.02
BBC Sounds,Comedy,3.79,4851.95,1010,628.11
Spotify,News & Culture,4.5,4582.45,953,432.89
Apple Podcasts,Comedy,4.87,4645.44,949,530.74
Apple Podcasts,News & Culture,4.04,4292.26,801,443.04
Apple Podcasts,Comedy,4.82,4645.37,1067,498.72
Apple Podcasts,News & Culture,4.59,4417.44,955,459.77
Apple Podcasts,News & Culture,4.57,4580.03,982,590.29
Apple Podcasts,Comedy,3.31,4731.47,888,561.96
Apple Podcasts,Comedy,3.33,4548.25,956,379.94
Apple Podcasts,Documentary,4.63,4337.4,1257,736.3
Apple Podcasts,Documentary,4.18,4411.74,1212,1076.52
Apple Podcasts,Documentary,5,4209.24,956,888.38
Apple Podcasts,News & Culture,4.19,4302.42,690,478.88
Apple Podcasts,Documentary,5,4366.72,993,759.79
Apple Podcasts,News & Culture,4.04,4349.38,870,453.46
Apple Podcasts,Comedy,4.26,4677.94,900,641.07
Apple Podcasts,Documentary,3.43,4297.59,716,633.45
Apple Podcasts,News & Culture,4.59,4854.92,893,592.62
Apple Podcasts,Comedy,4.36,4578.97,851,568.77
Apple Podcasts,Comedy,4.34,4658.55,1046,538.41
Apple Podcasts,Documentary,4,4357.3,809,925.37
Apple Podcasts,Comedy,3.57,4518.83,820,604.65
Apple Podcasts,Documentary,4.33,4286.4,914,989.54
Apple Podcasts,News & Culture,4.46,4656.41,831,459.89
Apple Podcasts,Comedy,4.78,4769.73,1030,669.57
Spotify,Comedy,4.61,4810,1070,572.79
Spotify,Documentary,4.38,4333.49,979,959.58
YouTube,Comedy,4.83,4925.38,1153,573.54
Apple Podcasts,News & Culture,4.57,4782.57,1142,515.64
Apple Podcasts,News & Culture,4.55,4756.68,779,626.41
YouTube,News & Culture,4.48,4375.37,1048,474.3
Apple Podcasts,Documentary,4.58,4350.13,1038,415.66
Apple Podcasts,Comedy,4.09,4692.27,1178,546.32
Apple Podcasts,Documentary,4.6,4234.72,1002,687.1
Apple Podcasts,Comedy,3.85,4581.34,600,869.38
Apple Podcasts,Documentary,4.31,4339.33,984,633.95
YouTube,Documentary,4.25,4251.47,854,664.63
Spotify,Comedy,4.67,4742.08,1162,699.78
YouTube,News & Culture,4.68,4579.97,888,390.24
Spotify,News & Culture,4.77,4720.14,1109,460.63
Apple Podcasts,Comedy,4.1,4557.64,659,636.62
Spotify,Documentary,4,4395.84,845,855.41
Apple Podcasts,News & Culture,4.24,4611.77,991,315.24
Apple Podcasts,Comedy,4.11,4868.25,1127,532.55
Spotify,Documentary,4.87,4381.28,1063,959.75
Apple Podcasts,News & Culture,4.13,4371.55,665,321.69
Apple Podcasts,Comedy,3.4,4785.61,974,499.23
YouTube,News & Culture,4.16,4374.94,846,592.04
Spotify,Comedy,4.7,4830.36,1245,562.46
Apple Podcasts,Documentary,4.66,4274,1061,654.96
Apple Podcasts,Documentary,2.81,4161.75,941,750.87
Apple Podcasts,Documentary,4,4221.72,742,753.14
Apple Podcasts,News & Culture,5,4532.86,792,674.41
Apple Podcasts,Comedy,4.54,4710.85,857,522.75
Apple Podcasts,News & Culture,4.75,4563.15,908,601.24
Spotify,News & Culture,4.71,4645.62,1014,493.28
Apple Podcasts,News & Culture,5,4428.93,901,336.27
YouTube,News & Culture,3.83,4818.01,1100,565.63
Apple Podcasts,News & Culture,4.68,4414.83,1124,440.27
Apple Podcasts,Documentary,4.23,4337.59,1404,668.17
Apple Podcasts,News & Culture,4.92,4659.65,1152,466.98
Apple Podcasts,News & Culture,4.33,4575.73,1032,449.8
Apple Podcasts,Comedy,4.01,4970.64,1246,763.12
Apple Podcasts,Documentary,3.55,4289.92,1126,605.14
Apple Podcasts,Comedy,4.11,4717.42,1162,454.41
Apple Podcasts,News & Culture,4.43,4743.35,915,621.97
Apple Podcasts,Documentary,2.77,4400.14,1023,888.59
Spotify,Documentary,4.57,4120.31,751,658.63
Spotify,News & Culture,4.54,4354.53,876,632.59
Spotify,Comedy,4.37,4585.78,1062,385.84
Apple Podcasts,News & Culture,4.56,4608.61,1196,577.56
Apple Podcasts,Comedy,4.5,4594.41,829,526.48
Apple Podcasts,Comedy,4.6,4596.72,805,631.91
Apple Podcasts,Comedy,5,5069.22,1196,611.07
Apple Podcasts,Documentary,4.57,4229.53,987,688.2
Apple Podcasts,Comedy,5,4678.5,828,678.02
Spotify,News & Culture,4.74,4690.97,1237,489.87
Apple Podcasts,Documentary,4.25,4301.79,1014,783.29
Apple Podcasts,Comedy,3.75,4695.74,687,714.03
Apple Podcasts,News & Culture,4.74,4455.21,826,679.47
Spotify,Comedy,4.57,4673.03,1132,564.14
YouTube,News & Culture,4.17,4486.69,1126,232.91
Apple Podcasts,Comedy,4.09,4875.22,944,521.16
Apple Podcasts,Documentary,4.14,4300.27,887,942.9
Apple Podcasts,Documentary,4.71,4228.79,765,809.01
Apple Podcasts,Documentary,4.23,4381.28,1011,712.25
Apple Podcasts,News & Culture,5,4523.09,695,524.5
Spotify,Comedy,4.47,4613.07,940,350.69
Apple Podcasts,Documentary,4.3,4366.62,967,866.11
Apple Podcasts,Documentary,4.5,4469.41,1215,702.21
Apple Podcasts,News & Culture,4.45,4312.49,765,296.48
Apple Podcasts,Documentary,4.45,4218.73,728,1112.47
BBC Sounds,Documentary,4.59,4153.72,790,696.34
Spotify,Comedy,4.63,4686.25,1008,422.98
Apple Podcasts,Comedy,4.35,4822.24,961,531.15
Apple Podcasts,Documentary,4.89,4175.63,900,630.96
Apple Podcasts,Documentary,4.76,4381.32,1101,663.97
Apple Podcasts,Documentary,4.71,4253.04,906,571.97
Apple Podcasts,News & Culture,3.74,4565.48,970,452.72
Apple Podcasts,Comedy,4.33,4695.7,921,433.03
BBC Sounds,Comedy,4.68,4615.13,608,380.66
Apple Podcasts,Comedy,4.31,4638.28,804,389.14
Apple Podcasts,Documentary,4.45,4465.76,961,916.33
Spotify,News & Culture,4.55,4325.06,860,524.56
Apple Podcasts,Comedy,4.32,4751.52,909,503.93
Apple Podcasts,Documentary,4.2,4349.14,865,800.17
Apple Podcasts,Documentary,4.53,4466.52,990,926.73
Apple Podcasts,Comedy,4.75,4751.59,886,728.99
Apple Podcasts,Documentary,4.85,4439.39,1173,770.62
Apple Podcasts,News & Culture,4.22,4535.23,936,302.17
Spotify,Documentary,4.61,4406.53,793,1073.24
YouTube,Comedy,4.33,4748.4,960,541
Apple Podcasts,Documentary,4.85,4358.1,860,699.07
Apple Podcasts,Documentary,4.63,4405.45,1067,862.33
Apple Podcasts,Comedy,3.64,4654.98,661,635.5
Apple Podcasts,Comedy,4.49,4525.54,781,421.99
Apple Podcasts,Comedy,5,4608.26,925,468.1
Spotify,Documentary,4.59,4392.6,1244,882.36
Apple Podcasts,Documentary,3.92,4269.01,1239,701.36
Apple Podcasts,Documentary,3,4403.75,1032,934.04
Apple Podcasts,News & Culture,4.1,4423.85,840,530.66
Spotify,Comedy,4,4780.27,1035,698.23
BBC Sounds,Documentary,4.84,4223.56,999,901.3
Apple Podcasts,News & Culture,4.33,4368.14,606,636.22
Apple Podcasts,Documentary,4.25,4308.82,589,866.89
Apple Podcasts,News & Culture,4.55,4228.81,851,301.21
Apple Podcasts,News & Culture,4.5,4473.18,991,471.87
Apple Podcasts,Documentary,3.5,4275.08,1276,838.42
Apple Podcasts,Documentary,4.2,4182.27,911,654.72
Apple Podcasts,News & Culture,4.35,4468.87,964,604.1
Apple Podcasts,News & Culture,4.33,4624.68,1014,500.18
Apple Podcasts,Comedy,4.5,4747.49,1102,791.94
YouTube,Comedy,4.79,4482.93,1032,591.13
Spotify,Comedy,4.07,4857.85,1041,674.24
Apple Podcasts,Comedy,4.67,4765.23,1103,742.03
BBC Sounds,Documentary,4.73,4473.24,1051,1021.31
Apple Podcasts,News & Culture,4.75,4174.51,651,355.2
BBC Sounds,Comedy,3.21,4738.79,731,569.22
Apple Podcasts,News & Culture,4.85,4284.47,727,383.19
Apple Podcasts,Comedy,4.5,4618.91,1010,537.52
Apple Podcasts,Comedy,4.89,4704.89,855,567.15
Apple Podcasts,Documentary,4.57,4388.83,848,828.11
Apple Podcasts,Comedy,4.36,4541.22,834,670.05
Apple Podcasts,Comedy,4.22,4651.97,650,686.38
Apple Podcasts,Comedy,4.38,4642.44,782,495.69
Apple Podcasts,News & Culture,3.66,4559.17,1125,493.65
Apple Podcasts,News & Culture,4.2,4547.26,1000,613.89
Apple Podcasts,Comedy,3.66,4662.34,970,523.72
Apple Podcasts,Documentary,4.45,4482.53,1138,740.18
Spotify,News & Culture,4,4606.73,1096,476.33
Spotify,News & Culture,4.76,4449.5,779,633.17
Apple Podcasts,Comedy,4.3,4591.95,770,561.49
YouTube,Documentary,4.64,4502.62,1213,788.77
Apple Podcasts,News & Culture,5,4605.54,781,662.75
Apple Podcasts,Comedy,4.45,4685.4,1061,358.51
Spotify,Comedy,3.97,4862.18,981,660.02
Apple Podcasts,News & Culture,4.17,4449.73,1012,482.41
Apple Podcasts,News & Culture,4.62,4509.44,1043,494.36
Apple Podcasts,Documentary,4.35,4331.62,918,1072.35
Spotify,Documentary,5,4386.95,950,729.98
Apple Podcasts,Comedy,4.36,4672.72,886,370.68
Apple Podcasts,Documentary,4.4,4159.67,1022,837.75
Apple Podcasts,Comedy,4.75,4564.56,1021,343.3
Spotify,News & Culture,4.14,4557.53,1278,590.16
BBC Sounds,News & Culture,4.57,4545.64,928,631
Apple Podcasts,Comedy,2.75,4712.51,891,660.92
YouTube,Documentary,4.7,4329.65,976,826.72
Apple Podcasts,Documentary,4.26,4441.94,1276,1020.15
Spotify,Comedy,4.53,4580.69,907,400.02
Spotify,Documentary,4.61,4342.47,1043,870.2
Apple Podcasts,News & Culture,2.91,4545.37,883,709.67
Apple Podcasts,Documentary,4.09,4409.55,874,994.45
Apple Podcasts,News & Culture,4.54,4676.56,1005,497.46
Apple Podcasts,Documentary,4.23,4340.32,748,826.28
Apple Podcasts,Documentary,4,4182.77,817,591.97
Apple Podcasts,News & Culture,4.58,4726.26,1109,393.3
Spotify,Documentary,3.2,4384.07,1183,834.83
Spotify,Comedy,3.98,4519.29,757,587.65
Apple Podcasts,News & Culture,3.93,4545.39,890,385.36
Apple Podcasts,News & Culture,4.38,4271.94,520,467.51
Apple Podcasts,News & Culture,4.61,4835.5,905,716.1
Apple Podcasts,News & Culture,4.23,4654.13,840,673.66
Apple Podcasts,Documentary,4.8,4530.49,1015,920.35
Apple Podcasts,News & Culture,4.45,4501.8,829,324.76
YouTube,Documentary,3.91,4362.83,937,764.53
Apple Podcasts,Documentary,4.41,4383.15,1138,766.97
Apple Podcasts,Comedy,4.68,4863.32,1005,773
Apple Podcasts,Documentary,3.88,4490.63,1047,997.47
Spotify,Documentary,4.26,4348.38,871,929.25
YouTube,Comedy,4.86,4988.92,1236,541.74
Apple Podcasts,Documentary,4.52,4391.9,1057,949.55
Apple Podcasts,Comedy,4.7,4457.21,900,399.22
Apple Podcasts,Documentary,4.31,4486.96,1356,1040.62
Apple Podcasts,Documentary,4.53,4410.23,1308,730.33
Spotify,News & Culture,3.44,4665.67,1276,299.29
Apple Podcasts,Documentary,3.77,4236.76,1132,766.12
Spotify,Documentary,3.71,4322.55,672,1020.93
Spotify,Documentary,4.09,4345.13,1086,659.1
Apple Podcasts,Documentary,4,4357.32,912,729.95
Apple Podcasts,Comedy,4.56,4809.21,1013,684.12
Apple Podcasts,Documentary,4.48,4502.66,1053,997.76
Spotify,News & Culture,4.33,4576.78,763,609.98
Apple Podcasts,Documentary,4.34,4437.73,1045,723.23
Apple Podcasts,Documentary,4.51,4365.91,828,776.8
Apple Podcasts,News & Culture,4.84,4569.31,950,161.17
Spotify,News & Culture,4.33,4542.99,1030,593.91
Apple Podcasts,Documentary,4.3,4438.82,1088,691.53
Apple Podcasts,Comedy,4.83,4780.29,1096,621.47
Apple Podcasts,Comedy,4,4834.44,1073,477.45
Apple Podcasts,Documentary,5,4319.41,1025,718.42
Apple Podcasts,News & Culture,3,4545.19,974,447.63
Apple Podcasts,Comedy,4.36,4860,1087,639.88
Apple Podcasts,Documentary,4.4,4265.68,1063,773.18
Apple Podcasts,News & Culture,4.62,4523.93,909,821.54
YouTube,News & Culture,4.38,4359.25,753,402.58
YouTube,News & Culture,3.57,4269.19,967,677.05
Apple Podcasts,Documentary,3.8,4315.04,1035,840.38
Apple Podcasts,Documentary,4.19,4357.35,871,717.89
Apple Podcasts,Documentary,4.33,4243.04,1031,652.84
Apple Podcasts,Documentary,4.03,4451.59,990,758.29
Spotify,Documentary,3.62,4527.52,1159,932.27
Apple Podcasts,Documentary,3.33,4227.79,1027,831.35
Apple Podcasts,Comedy,4.07,4798.35,1081,604.33
Apple Podcasts,Comedy,4,4675.44,782,693.42
Apple Podcasts,News & Culture,4.87,4748.54,897,406.34
Apple Podcasts,Documentary,4.4,4188.12,926,672.04
BBC Sounds,News & Culture,4.66,4345.88,792,422.1
Apple Podcasts,Comedy,4.3,4534.12,824,796.35
Spotify,Documentary,4.35,4404.56,960,991.96
Apple Podcasts,Comedy,4.51,4592.46,844,590.5
Apple Podcasts,News & Culture,3.88,4531.33,969,664.01
Apple Podcasts,Documentary,4.8,4365.82,960,911.71
Spotify,Comedy,4.77,4430.96,547,391.8
Spotify,News & Culture,4,4337.07,691,517.98
Apple Podcasts,Comedy,4.62,4740.14,1001,447.37
Apple Podcasts,Documentary,4.16,4209.77,1025,900.95
Apple Podcasts,Documentary,4.18,4329.2,949,747.29
Apple Podcasts,Comedy,4.66,4607.98,550,641.08
Apple Podcasts,Comedy,4.54,4823,927,629.92
Spotify,News & Culture,4.67,4258.7,1235,265.42
Apple Podcasts,Documentary,4.46,4457.9,1062,932.47
Apple Podcasts,News & Culture,4.29,4596.48,1410,302.49
Apple Podcasts,Comedy,4.61,4807.78,727,663.51
Spotify,Documentary,4.25,4440.05,1025,775.76
Apple Podcasts,Comedy,3.99,4619.9,1162,229.73
Apple Podcasts,Documentary,0,4424.61,0,920.8
Apple Podcasts,News & Culture,2.8,4090.22,759,319.6
Apple Podcasts,Comedy,4.5,4724.27,959,467.12
Apple Podcasts,News & Culture,4.07,4413.39,888,419.66
Apple Podcasts,News & Culture,4.06,4253.95,1147,309.84
Apple Podcasts,Comedy,4.8,4718.49,884,504.62
Apple Podcasts,Comedy,4.05,4664.16,1137,648.16
YouTube,Comedy,4.25,4770.12,979,420.96
Apple Podcasts,Documentary,5,4524.59,1342,692.02
Apple Podcasts,News & Culture,4.1,4484.08,925,800.83
Apple Podcasts,Comedy,4.45,4633.25,796,561.01
Apple Podcasts,Comedy,4.57,4787.9,941,592.19
Spotify,News & Culture,4.66,4395.74,1123,448.55
Apple Podcasts,News & Culture,4.15,4568.54,1048,426.19
Apple Podcasts,Documentary,4.14,4412.95,1251,761.66
Apple Podcasts,News & Culture,3.75,4531.77,759,656.08
Spotify,Comedy,4.62,4793.82,954,631.15
YouTube,News & Culture,4.05,4558.13,839,679.51
Spotify,News & Culture,4.45,4728.49,1232,536.93
BBC Sounds,News & Culture,4.5,4558.4,885,583.67
YouTube,News & Culture,3.85,4540.02,842,540.61
Apple Podcasts,News & Culture,4.54,4490.72,849,546.79
BBC Sounds,News & Culture,4.75,4557.9,973,585.41
Apple Podcasts,Comedy,4.66,4878.53,999,671.95
Apple Podcasts,News & Culture,4.25,4874.75,1202,668.67
Apple Podcasts,News & Culture,4.83,4350.38,849,546.47
YouTube,Comedy,4.66,4793.86,879,697.3
Apple Podcasts,Documentary,4.07,4459.99,1313,851.71
Spotify,Documentary,4.8,4371.3,1182,808.48
Apple Podcasts,Comedy,4.75,4869.84,1246,574.19
Apple Podcasts,Comedy,4.41,4661.47,1128,650.21
Apple Podcasts,News & Culture,4.8,4712.62,1283,691.23
Spotify,News & Culture,4.24,4477.37,992,337.02
Apple Podcasts,Comedy,4.1,4803.41,817,542.72
YouTube,Documentary,4.18,4351.96,1032,660.96
Spotify,Comedy,4.1,4886.13,1059,645.43
Spotify,News & Culture,2.63,4245.13,799,478.69
Spotify,Comedy,4.71,4643.94,704,697.81
Spotify,News & Culture,4.13,4280.49,524,507.47
Spotify,News & Culture,4.31,4246.4,758,295.69
Apple Podcasts,News & Culture,4.36,4414.51,884,435.21
Apple Podcasts,Comedy,4.38,4776.54,1067,566.17
Spotify,News & Culture,3.81,4415.27,783,339.62
Apple Podcasts,Comedy,4.5,4819.99,939,550.63
Apple Podcasts,Documentary,4.2,4396.88,872,725.82
YouTube,Comedy,3.81,4645.17,1125,355.48
Spotify,Comedy,4.76,4637.22,1075,564.17
Spotify,Comedy,4.88,4521.53,920,736.15
Apple Podcasts,Documentary,4.25,4348.17,797,799
Apple Podcasts,News & Culture,4.43,4478.39,819,629.65
YouTube,Comedy,4.02,4986.31,1089,643.13
Apple Podcasts,Documentary,4.24,4430.32,1339,780.1
YouTube,Comedy,4.72,4731.89,1005,512.01
Apple Podcasts,News & Culture,4.52,4277.05,889,504.98
Apple Podcasts,Documentary,4.5,4342.81,697,861.64
Apple Podcasts,Documentary,4.23,4212.16,1195,728.28
Spotify,Comedy,4.74,4545.73,874,475.94
Apple Podcasts,Comedy,4.29,4738.22,1172,502.61
Apple Podcasts,Comedy,5,4575.61,972,449.96
Apple Podcasts,Comedy,4.83,4593.67,1046,345.18
Apple Podcasts,News & Culture,4.7,4575.84,874,667.87
Spotify,Documentary,3.75,4370.11,953,1027.47
BBC Sounds,Documentary,4.71,4214.79,924,931.83
BBC Sounds,Documentary,3.6,4419.87,930,778.23
Apple Podcasts,Documentary,4,4375.81,1049,928.7
Apple Podcasts,Documentary,4.69,4267.78,798,739.52
Apple Podcasts,Documentary,4.76,4401.64,1185,800.99
Spotify,News & Culture,3.59,4043.51,608,368.27
Apple Podcasts,News & Culture,4.75,4313.07,667,569.36
Apple Podcasts,Comedy,4.74,4671.5,1112,534.57
Apple Podcasts,Comedy,4.74,4683.25,996,484.18
Apple Podcasts,Comedy,4.51,4599.62,883,533.58
Spotify,Comedy,4.72,4592.66,1165,582.56
Apple Podcasts,News & Culture,4.59,4472.42,1071,370.97
Apple Podcasts,Documentary,4.5,4311.18,1008,714.86
YouTube,Documentary,4,4299.2,880,694.79
Apple Podcasts,Documentary,4.66,4356.44,916,900.19
Apple Podcasts,News & Culture,5,4370.71,770,664.67
Apple Podcasts,News & Culture,4.3,4478.44,932,417.05
Spotify,News & Culture,3.33,4360.53,817,716.3
Apple Podcasts,Comedy,4.35,4604.17,848,525.32
Apple Podcasts,News & Culture,3.44,4431.28,877,624.52
Apple Podcasts,News & Culture,3.75,4669.65,1049,582.55
Spotify,Documentary,4.47,4139.2,811,808
Spotify,News & Culture,4.55,4353.09,820,376.43
Apple Podcasts,Documentary,4.3,4254.42,1105,898.85
Apple Podcasts,Documentary,3.6,4315.98,894,889.43
Apple Podcasts,Documentary,4.71,4309.46,979,1000.82
Apple Podcasts,Comedy,4.04,4690.5,752,557.93
Apple Podcasts,Comedy,4.82,4848.64,1052,568.28
Spotify,News & Culture,4.4,4584.81,678,763.12
Apple Podcasts,Documentary,4.33,4346.45,948,694.97
YouTube,Documentary,4.56,4221.82,1079,891.69
Apple Podcasts,Comedy,5,4715.67,910,712.39
Apple Podcasts,Documentary,3.87,4283.38,1079,848.69
YouTube,News & Culture,4.53,4447.54,689,514.24
Apple Podcasts,News & Culture,4.14,4422.48,723,609.59
Spotify,Comedy,4.63,4775.66,1135,518.49
Apple Podcasts,Documentary,4.87,4269.77,763,858.67
Apple Podcasts,Documentary,4.4,4499.36,1401,782.72
Spotify,News & Culture,4.79,4417.51,884,358.99
Apple Podcasts,Comedy,4.05,4713.21,790,717.72
Apple Podcasts,Documentary,3.62,4366.72,1400,690.67
Apple Podcasts,News & Culture,4.64,4313.46,823,547.46
Spotify,Comedy,3.91,4531.8,806,397.38
Apple Podcasts,Comedy,4.61,4681.47,637,731.78
Apple Podcasts,Comedy,4.19,4803.81,927,416.44
Apple Podcasts,Comedy,4.12,4390.89,842,367.94
Apple Podcasts,Documentary,0,4106.55,0,713.28
Apple Podcasts,Documentary,4.25,4453,1163,744.02
Spotify,Documentary,4.34,4404.67,976,898.1
Apple Podcasts,News & Culture,4.8,4683.41,934,397.93
Spotify,Documentary,4.73,4375.89,1056,818.1
Apple Podcasts,Documentary,4.32,4301.77,980,878.74
Spotify,Documentary,4.88,4370.23,810,896.95
YouTube,News & Culture,5,4304.22,1009,455.16
Spotify,Comedy,4.73,4696.51,704,828.41
Apple Podcasts,News & Culture,4.06,4524.71,782,628.5
Apple Podcasts,News & Culture,4.43,4405.61,644,487.81
Spotify,Comedy,4.08,4550.7,920,690.52
Apple Podcasts,Comedy,4.46,4664.49,1161,263.86
Apple Podcasts,Documentary,5,4394.84,999,911.13
Apple Podcasts,Comedy,4.67,4495.29,612,580.17
Apple Podcasts,Documentary,4.67,4335.39,1187,614.91
Apple Podcasts,Documentary,4.27,4396.06,955,931.76
Apple Podcasts,News & Culture,4.5,4563.86,1032,278.55
Apple Podcasts,News & Culture,4.68,4313.87,826,415.8
Apple Podcasts,News & Culture,4.63,4498.13,1085,471.56
Apple Podcasts,News & Culture,4.88,4489.07,1051,346.37
YouTube,News & Culture,4.18,4416.27,664,460.17
Apple Podcasts,News & Culture,4.66,4511.67,910,737.14
YouTube,Documentary,4.01,4316.76,1235,655.98
Spotify,Documentary,4.5,4425.74,1089,735.93
Spotify,News & Culture,0,4265.99,0,358.27
Apple Podcasts,Documentary,3.84,4459.76,878,831
Apple Podcasts,News & Culture,4.36,4556.42,1056,706.18
Apple Podcasts,Comedy,4.39,4605.43,744,367.25
Apple Podcasts,Documentary,4.72,4356.36,921,772.74
Apple Podcasts,News & Culture,4.06,4263.52,1081,381.24
Apple Podcasts,Documentary,4.38,4142.14,1015,804.17
Apple Podcasts,News & Culture,4.5,4342.53,544,672.58
Apple Podcasts,Comedy,3.92,4566.21,930,181.33
Apple Podcasts,Documentary,4.85,4262.05,988,556.35
Apple Podcasts,Documentary,4.47,4303.22,1017,703.86
Apple Podcasts,Documentary,2.9,4490.14,1228,787.09
Apple Podcasts,Documentary,4.39,4467.63,1246,764.15
Apple Podcasts,News & Culture,3.34,4495.93,1034,498.37
Spotify,Comedy,3.96,4617.93,1217,473.07
Apple Podcasts,Comedy,4.17,4680.28,821,723.55
Apple Podcasts,News & Culture,4,4415.25,762,567.85
Apple Podcasts,Documentary,1.68,4331.01,818,988.01
Apple Podcasts,News & Culture,4.73,4498.44,1033,369.18
Apple Podcasts,Comedy,3.97,4535.53,884,571.86
Spotify,Documentary,3,4443.16,1042,886.91
BBC Sounds,Comedy,4.73,4557.06,876,446.67
Apple Podcasts,News & Culture,4.77,4382.05,720,425.3
Apple Podcasts,News & Culture,4.51,4525.18,1120,369.42
Apple Podcasts,Comedy,4.84,4657.02,899,499.97
Apple Podcasts,Documentary,4.66,4399.1,996,832.57
Apple Podcasts,News & Culture,4.03,4753.63,850,690.17
Apple Podcasts,News & Culture,4.37,4515.63,1187,466.35
Apple Podcasts,Comedy,3.76,4929.51,1038,557.69
Apple Podcasts,Documentary,4.63,4397.92,988,930.55
Spotify,Comedy,4.48,4624.65,718,415.33
YouTube,Documentary,4.73,4226.58,772,806.15
Apple Podcasts,Comedy,4,4500.9,670,641.49
Apple Podcasts,Comedy,4.51,4627.86,885,535.77
Apple Podcasts,News & Culture,4.29,4387.19,973,316.43
Apple Podcasts,Documentary,4.01,4385.34,1002,721.7
Apple Podcasts,News & Culture,4.66,4394.79,786,681.35
Apple Podcasts,Documentary,5,4260.91,1041,805.25
Apple Podcasts,Comedy,4.06,4819.73,1140,570.59
Apple Podcasts,Comedy,4.92,4612.2,901,477.76
Apple Podcasts,Comedy,4.64,4492.31,992,477.42
Apple Podcasts,News & Culture,3.7,4333.72,880,336.98
YouTube,News & Culture,4.5,4626.22,663,645.84
Apple Podcasts,Documentary,4.2,4257.91,796,894.76
Apple Podcasts,News & Culture,4,4599.58,1103,455.06
BBC Sounds,Comedy,3.18,5025.18,1093,646.74
Apple Podcasts,Documentary,4.58,4270.13,941,625.54
Apple Podcasts,News & Culture,4.43,4358.5,832,229.76
Apple Podcasts,Documentary,4.86,4564.02,1044,909.24
YouTube,News & Culture,3.93,4580.59,975,483.69
Apple Podcasts,Comedy,4.42,4744.43,894,594.87
Apple Podcasts,Documentary,3.8,4310.55,1200,762.16
Apple Podcasts,News & Culture,4.49,4514.67,617,823.49
Apple Podcasts,News & Culture,4,4453.22,1012,314.94
Apple Podcasts,News & Culture,4.75,4475.5,835,579.26
YouTube,Documentary,4.76,4514.31,1134,952.42
Apple Podcasts,Documentary,4.45,4274.84,1104,846.27
YouTube,News & Culture,3.98,4644.72,826,816.46
Apple Podcasts,News & Culture,4.18,4408.69,679,325.88
Apple Podcasts,Documentary,4.13,4405.68,866,873.38
Apple Podcasts,News & Culture,4.28,4688.57,1017,639.57
Apple Podcasts,News & Culture,4.57,4776.42,1147,522.2
Apple Podcasts,Comedy,4.72,4798.36,1076,739.33
Spotify,Comedy,4.43,4715.42,900,504.34
Apple Podcasts,Comedy,3.95,4744.45,1013,811.03
Apple Podcasts,Comedy,4.39,4650.09,736,663.63
Apple Podcasts,News & Culture,4.62,4634.91,1221,508.16
Apple Podcasts,News & Culture,4.86,4372.83,783,412.46
Apple Podcasts,News & Culture,4,4166.13,1108,390.55
Apple Podcasts,Comedy,4.33,4810.75,998,540.28
Apple Podcasts,News & Culture,5,4489.12,938,608.23
Apple Podcasts,Documentary,4.46,4285.04,931,663.42
Spotify,Documentary,4.83,4429.65,947,798.8
Apple Podcasts,Comedy,4.76,4728.05,1208,645.1
Apple Podcasts,Comedy,3.57,4704.38,911,654.76
Apple Podcasts,Documentary,4.42,4268.52,981,955.36
Apple Podcasts,Comedy,4.38,4784.74,678,646.24
Apple Podcasts,News & Culture,4.11,4484.61,954,750.37
Spotify,Comedy,4.33,4585.35,1041,652.64
Spotify,Documentary,4.4,4342.2,721,1094.61
YouTube,Comedy,3.87,4741.15,1056,565.16
YouTube,Documentary,4.21,4517.62,1198,816.76
YouTube,Comedy,4.49,4877.72,1207,281.41
Apple Podcasts,Comedy,4.35,4724.5,1220,615.19
Apple Podcasts,News & Culture,4.3,4449.69,983,422.05
BBC Sounds,Documentary,4.78,4414.23,993,947.6
YouTube,Comedy,3.74,4745.8,904,677.26
Spotify,News & Culture,4.15,4661.49,962,790.73
Apple Podcasts,Comedy,3.97,4736.64,1236,581.94
Apple Podcasts,Comedy,4.65,4565.16,1069,565.25
Apple Podcasts,Documentary,4.51,4175.64,749,857.19
Spotify,Documentary,4.13,4234.95,1023,721.27
Spotify,Comedy,3.96,4654.56,1118,673.59
Apple Podcasts,Documentary,4.5,4436.24,1132,826.74
Apple Podcasts,News & Culture,4.34,4510.12,933,452.12
Apple Podcasts,News & Culture,3.61,4625.53,958,322.6
YouTube,News & Culture,4.51,4246.38,710,448.73
Spotify,Comedy,4.5,4662.41,1133,679.17
Apple Podcasts,Comedy,4.78,4984.58,1021,576.15
Apple Podcasts,News & Culture,4.45,4380.7,1092,566.54
Apple Podcasts,News & Culture,4.33,4469.04,947,563.18
Spotify,News & Culture,4.25,4568.28,892,737.61
Apple Podcasts,Documentary,4.67,4137.28,929,660.77
Apple Podcasts,Documentary,3.91,4377.73,1075,908.82
Apple Podcasts,Comedy,4.68,4735.01,916,819.12
Apple Podcasts,News & Culture,4.28,4464.18,936,528.39
Apple Podcasts,Comedy,4.66,4695.06,835,432.69
Apple Podcasts,News & Culture,3.71,4416.84,995,483.29
Apple Podcasts,News & Culture,3.56,4278.6,923,603.7
Apple Podcasts,News & Culture,4.92,4424.64,982,548.96
BBC Sounds,Comedy,3.66,4945.11,1305,815.08
Apple Podcasts,Documentary,4.15,4391.68,1183,803.02
Apple Podcasts,News & Culture,4.78,4326.98,834,523.66
Apple Podcasts,Documentary,4.87,4348.52,1025,860.64
Apple Podcasts,News & Culture,4.33,4625.62,835,575.81
Apple Podcasts,News & Culture,4.5,4345.84,905,257.6
Apple Podcasts,Documentary,3.4,4325.19,1062,811.28
Spotify,Comedy,4.49,4572.39,639,651.15
Apple Podcasts,Comedy,3.95,4690.82,1228,604.78
YouTube,News & Culture,4.8,4474.42,549,545.77
Apple Podcasts,News & Culture,4.85,4481.62,980,415.91
Apple Podcasts,Comedy,4.64,4539.62,530,609.17
Apple Podcasts,News & Culture,4.66,4370.05,736,441.13
Apple Podcasts,Documentary,4.65,4192.22,1001,772.83
Apple Podcasts,Documentary,3.66,4429.86,904,829.62
Spotify,News & Culture,4.52,4583.33,813,606.46
Apple Podcasts,Documentary,4.75,4391.6,1052,1085.72
Apple Podcasts,Documentary,4.54,4371.15,1006,960.27
Apple Podcasts,News & Culture,4.54,4472.38,873,505.42
YouTube,Documentary,4.27,4483.53,851,1013.66
Apple Podcasts,News & Culture,4.1,4216.04,1125,465.37
Apple Podcasts,Documentary,3.43,4212.33,1045,821.38
Apple Podcasts,News & Culture,5,4388.15,789,434.88
Apple Podcasts,News & Culture,4.88,4457.01,912,634.43
Apple Podcasts,News & Culture,3.4,4598.7,1026,421.08
Apple Podcasts,Documentary,3.88,4214.16,884,668.02
BBC Sounds,Documentary,4.21,4376.36,1223,1013.9
Spotify,Documentary,3.48,4338.42,1083,518.22
Apple Podcasts,Comedy,4.81,4686.9,903,423.33
Apple Podcasts,News & Culture,4.39,4488.85,1010,470.52
Apple Podcasts,News & Culture,2.97,4473.88,627,298.03
Spotify,Documentary,4.15,4326.65,905,728.04
YouTube,News & Culture,4.52,4457.13,740,473.86
Apple Podcasts,Comedy,4.37,4857.27,695,631.63
Apple Podcasts,Comedy,0,4710.86,0,397.12
Apple Podcasts,Comedy,4.44,4598.27,1003,419.42
Apple Podcasts,Comedy,4.55,4666.48,1125,741.84
YouTube,Comedy,4.51,4685.59,971,401.84
Apple Podcasts,Comedy,4.71,4780.78,1250,577.37
Spotify,Documentary,3.71,4262.09,978,691.99
Apple Podcasts,Documentary,4.9,4345.27,843,1042.81
Apple Podcasts,Comedy,4,4827.04,1107,789.82
Apple Podcasts,Documentary,4.66,4330.95,1006,850.76
Apple Podcasts,Documentary,4.48,4277.86,1003,1014.21
Apple Podcasts,News & Culture,4.33,4755.34,848,753.55
YouTube,News & Culture,4.78,4515.19,823,492.52
Spotify,Documentary,4.84,4381.21,984,769.83
Apple Podcasts,Documentary,4.5,4540.84,1238,856.71
Apple Podcasts,News & Culture,3.45,4351.22,1059,411.47
Apple Podcasts,Comedy,4.69,4823.41,904,551.33
Apple Podcasts,Documentary,4.03,4425.21,1121,801.05
Apple Podcasts,Documentary,5,4412.15,1277,804.69
Spotify,Documentary,4.6,4329.86,926,786.88
Apple Podcasts,Documentary,4.52,4170.71,1077,655.26
Spotify,News & Culture,4.4,4526.8,950,569.8
Apple Podcasts,Documentary,3.66,4520.39,1120,925.7
Spotify,Comedy,3.5,4630.3,913,672.62
Apple Podcasts,Documentary,3.5,4356.32,1173,880.08
Apple Podcasts,News & Culture,4.4,4406.33,777,516.08
Apple Podcasts,Documentary,4.83,4292.94,1080,665.94
Apple Podcasts,Comedy,3.75,4623.76,854,526.06
Spotify,Documentary,4.48,4342.59,1103,503.83
Spotify,Documentary,4.61,4291.84,999,944.71
Apple Podcasts,News & Culture,4.51,4608.01,915,763.79
Apple Podcasts,Comedy,5,4805.91,1193,541.85
Apple Podcasts,Comedy,4.4,4691.39,1048,718.21
Spotify,News & Culture,4.08,4861.5,1231,671.85
Apple Podcasts,News & Culture,4.71,4537.73,808,421.32
Spotify,Comedy,3.87,4873.62,947,724.33
Apple Podcasts,Documentary,4.8,4460.83,1180,872.4
Apple Podcasts,News & Culture,4.5,4252.17,816,499.4
Apple Podcasts,Comedy,4.32,4782.68,1121,627.76
YouTube,Comedy,4.61,4774.36,844,511.3
YouTube,Comedy,4.38,4588.23,901,461.51
Apple Podcasts,News & Culture,4.52,4407.24,879,602.55
YouTube,Documentary,5,4196.26,1076,475.32
Apple Podcasts,Documentary,4.5,4164.36,915,705.24
Apple Podcasts,Comedy,4.84,4729.11,747,689.85
Spotify,Comedy,4.42,4816.04,958,549.21
Apple Podcasts,Comedy,4.51,4750.67,941,436.75
Apple Podcasts,News & Culture,4.34,4376.32,745,342.27
Spotify,Documentary,4.85,4316.19,957,819.86
BBC Sounds,News & Culture,4.69,4390.87,822,290.66
Apple Podcasts,Documentary,4.16,4458.28,1012,939.7
Apple Podcasts,Documentary,4.47,4261.91,1022,738.38
Apple Podcasts,Documentary,3.64,4418.59,1305,756.19
Spotify,Documentary,4.3,4250.17,1151,836.42
Apple Podcasts,Comedy,4.3,4707.34,1010,639.3
YouTube,Comedy,4.59,4628.51,894,520.32
Spotify,News & Culture,4.36,4266.43,1242,493.57
Apple Podcasts,Comedy,4.79,4532.57,662,451.2
Apple Podcasts,Comedy,4.69,4744.7,1173,379.23
Apple Podcasts,Comedy,4.63,4514.18,806,580.51
Apple Podcasts,Comedy,3.75,4770.93,1043,711.42
Apple Podcasts,News & Culture,5,4543.85,871,595.35
Apple Podcasts,Comedy,5,4583.96,858,453.8
Apple Podcasts,News & Culture,4.7,4632.75,1049,463.78
Apple Podcasts,Comedy,4.46,4696.79,892,502.12
YouTube,Documentary,5,4372.58,951,686.91
Spotify,Documentary,4.25,4464.89,1166,1059.05
Apple Podcasts,News & Culture,3.81,4661.61,937,478.38
Apple Podcasts,News & Culture,4.45,4499.17,892,465.99
YouTube,Documentary,4.31,4231.74,1070,779.75
Apple Podcasts,Comedy,4.3,4835.2,1116,543.22
Apple Podcasts,Comedy,4.26,4518.8,841,461.55
Spotify,News & Culture,4.18,4634.62,1101,305.56
YouTube,Comedy,4.35,4798.89,1281,567.79
Apple Podcasts,Documentary,4.66,4351.6,953,1034.08
YouTube,Documentary,4.35,4378.78,1142,708.41
Spotify,Documentary,4,4390.98,1237,664.13
Apple Podcasts,News & Culture,4.26,4462.26,878,581.13
Apple Podcasts,News & Culture,4.5,4295.6,848,323.66
Apple Podcasts,Documentary,4.8,4125.53,797,657.33
Apple Podcasts,Documentary,4.56,4341.65,1278,821.6
Spotify,Comedy,3.16,4409.86,890,703.25
Apple Podcasts,Comedy,3.95,4638.43,688,516.64
Apple Podcasts,Comedy,4.31,4601.93,1007,477.2
Apple Podcasts,News & Culture,4.58,4770.96,1232,454.22
Apple Podcasts,Comedy,4.45,4709.7,1468,243.43
Apple Podcasts,News & Culture,4.81,4284.49,1004,261.93
Spotify,Documentary,4.55,4469.71,1272,699.65
Apple Podcasts,Documentary,4.43,4454.76,1346,615.15
YouTube,Comedy,4.77,4715.78,1235,443.76
Apple Podcasts,News & Culture,4.43,4631.38,1181,406.68
YouTube,Comedy,3.71,4620.3,742,600.06
Apple Podcasts,Comedy,4.25,4393.07,886,322.91
YouTube,News & Culture,3.66,4481.43,481,533.91
BBC Sounds,Comedy,4.29,4716.68,895,608.47
Apple Podcasts,News & Culture,3.83,4537.24,1011,436.65
Apple Podcasts,Documentary,4.51,4343.61,968,866.57
Spotify,Comedy,4.62,4606.02,840,485.94
Apple Podcasts,Comedy,4.57,4568.4,836,455.92
YouTube,Documentary,4.8,4359.61,1039,803.58
Apple Podcasts,Comedy,4.15,4686.71,1010,662.16
Apple Podcasts,Comedy,4.33,4636.17,1180,347.23
Apple Podcasts,Comedy,4.71,4789.23,1042,674.82
Apple Podcasts,Comedy,4.38,4590.61,863,587.29
Apple Podcasts,Documentary,4.61,4342.18,848,913.82
Apple Podcasts,News & Culture,4.45,4400.77,863,506.01
Apple Podcasts,News & Culture,4.66,4360.7,1043,618.9
Spotify,Comedy,4.37,4339.24,487,680.48
Spotify,Documentary,4.8,4405.24,960,864.43
Apple Podcasts,Documentary,4.03,4450.24,1112,750.31
Apple Podcasts,Documentary,4.95,4466.23,985,799.86
Apple Podcasts,Documentary,4.61,4179.28,1005,681.73
Spotify,Comedy,4.51,4812.38,969,598.49
Apple Podcasts,Documentary,4.47,4399.68,1137,644.71
Spotify,News & Culture,1.68,4796.94,987,468.28
YouTube,News & Culture,4.19,4643.83,1118,715.41
Apple Podcasts,Documentary,4.55,4281.79,1166,553.92
Apple Podcasts,Comedy,4.5,4592.86,814,392.53
Apple Podcasts,Comedy,4.57,4655.7,762,521.22
YouTube,Documentary,4.5,4416.62,803,802.08
Spotify,News & Culture,4.66,4447.13,977,224.09
YouTube,Documentary,4.33,4320.56,542,741.2
Spotify,News & Culture,4.28,4511.42,746,503.36
Apple Podcasts,Documentary,4.8,4294.22,1026,835.73
Apple Podcasts,Documentary,4.37,4395.05,1075,768.05
Apple Podcasts,Comedy,5,4569.16,842,792.78
Apple Podcasts,Comedy,3.72,4730.79,813,510.66
Apple Podcasts,News & Culture,4.09,4627.79,1043,659.01
Apple Podcasts,Comedy,4.5,4724.47,1106,602.65
Apple Podcasts,Comedy,4.63,4626.12,605,618.11
Spotify,Documentary,4.28,4285.58,1061,704.39
Apple Podcasts,Documentary,4.52,4450.61,961,947.01
Spotify,Documentary,4.32,4416.85,937,747.4
Apple Podcasts,News & Culture,4.4,4516.59,1036,416.63
Apple Podcasts,Comedy,4.69,4720.95,769,582.8
Apple Podcasts,Comedy,5,4476.67,737,461.7
Apple Podcasts,Comedy,4.48,4784.42,1040,738.88
Apple Podcasts,Comedy,4.84,4697.11,1092,483.42
Apple Podcasts,News & Culture,4.65,4469.16,636,685.25
Apple Podcasts,News & Culture,3.9,4530.94,881,434.42
Apple Podcasts,Documentary,4.71,4375.98,559,960.14
Spotify,News & Culture,4.5,4579.09,1032,464.07
Apple Podcasts,News & Culture,3.77,4595.5,663,424.15
Apple Podcasts,Comedy,3.87,4634.7,963,447.65
Spotify,Documentary,4.76,4228.23,813,765.82
Apple Podcasts,Comedy,4.08,4776.72,988,524.67
YouTube,Documentary,4.65,4131.05,794,816.9
Apple Podcasts,Documentary,4.46,4162.77,611,782.13
Spotify,News & Culture,3.5,4621.91,1044,508.75
Apple Podcasts,Comedy,4,4773.76,1218,822.24
Apple Podcasts,Comedy,4.39,4763.62,1045,574.59
Apple Podcasts,Comedy,4.4,4836.88,1109,562.95
Spotify,News & Culture,3.93,4420.14,837,330.11
Spotify,News & Culture,4.61,4255.45,967,238.69
Apple Podcasts,News & Culture,4.7,4314.55,984,439.96
Spotify,Comedy,4.52,4575.14,860,458.87
Spotify,News & Culture,4.4,4394.44,1019,521.11
Apple Podcasts,News & Culture,5,4551.86,903,637.06
Apple Podcasts,Comedy,4.75,4527.68,967,628.07
Apple Podcasts,News & Culture,5,4427.73,813,482.02
YouTube,News & Culture,4.59,4310,769,353.56
Apple Podcasts,Documentary,4.72,4412.23,913,1057.78
YouTube,Documentary,3.91,4406.21,1205,861.26
Apple Podcasts,Comedy,4.5,4610.43,942,624.91
Apple Podcasts,Comedy,0,4641.26,0,534.07
YouTube,Comedy,4.39,4703.61,1023,637.79
Apple Podcasts,Documentary,4.36,4328.52,1173,773.34
Apple Podcasts,Comedy,4.83,4788.92,724,779.98
Apple Podcasts,News & Culture,4.87,4562.45,847,527.07
Apple Podcasts,Comedy,4.66,4359.47,777,467.31
YouTube,News & Culture,5,4646.73,852,550.84
Apple Podcasts,Comedy,3.2,4739.51,833,652.37
Spotify,Comedy,5,4819.49,1082,570.56
Apple Podcasts,Comedy,3.91,4685.06,880,624.15
Apple Podcasts,Comedy,4.26,4690.17,1001,567.25
Apple Podcasts,News & Culture,4.25,4424.49,831,705.4
Spotify,Documentary,4.58,4366.32,914,698.57
Apple Podcasts,Comedy,4.54,4855.34,1017,785.97
Apple Podcasts,News & Culture,4.27,4514.69,767,655.02
Apple Podcasts,News & Culture,3.35,4624.05,1134,448.35
YouTube,Comedy,4.44,4845.42,999,524.87
Apple Podcasts,Documentary,4.34,4535.26,1223,953.16
Spotify,Documentary,5,4329.06,1148,838.96
Apple Podcasts,Documentary,4.48,4506.55,1123,787.46
Apple Podcasts,Comedy,4.56,4561.18,860,653.83
Spotify,News & Culture,4.33,4332.48,1031,268.87
Apple Podcasts,Documentary,4.28,4357.71,972,957.82
Apple Podcasts,News & Culture,4.33,4549.11,1082,490.29
Apple Podcasts,Documentary,4.59,4438.53,1284,659.25
Spotify,Comedy,4.62,4699.19,919,739.73
Apple Podcasts,News & Culture,4.61,4721.74,825,605.02
Apple Podcasts,Documentary,4.59,4258.27,917,890.14
Spotify,News & Culture,4.44,4483.44,846,521.93
Apple Podcasts,Documentary,4.68,4491.82,1094,1013.16
Apple Podcasts,Comedy,3.42,4757.71,731,735.91
Apple Podcasts,Documentary,4.87,4447.27,1021,793.05
YouTube,Comedy,4.37,4882.68,1075,553.22
Apple Podcasts,News & Culture,4.16,4488.12,858,278.39
YouTube,Comedy,4.31,4785.55,808,647.6
Apple Podcasts,Comedy,4.33,4761.53,1108,857.46
Spotify,Documentary,4.76,4561.06,892,1020.66
Apple Podcasts,Comedy,3.44,4661.8,753,578.85
Apple Podcasts,Documentary,4.75,4265.14,1115,841.57
Apple Podcasts,Documentary,4.2,4344.09,936,742.25
Apple Podcasts,Comedy,5,4770.29,836,472.1
Apple Podcasts,News & Culture,3.66,4581.08,1121,266.26
Apple Podcasts,News & Culture,4,4817.08,1118,779.18
Apple Podcasts,Comedy,4.38,4725.79,968,599.35
Spotify,Comedy,4.58,4652.09,914,709.71
Spotify,News & Culture,4.85,4769.19,887,526.46
Apple Podcasts,News & Culture,4.33,4460.32,982,505.49
Apple Podcasts,Comedy,4.4,4769.83,995,655.24
Apple Podcasts,Comedy,4.17,4773.43,949,720.52
Apple Podcasts,Documentary,4.42,4225.29,976,796.03
Spotify,News & Culture,4.65,4626.07,981,470.9
Apple Podcasts,Comedy,4.5,4867.82,936,565.06
Apple Podcasts,Documentary,3.93,4348.29,941,869.45
Apple Podcasts,Comedy,4.5,4691.05,1122,668.08
Apple Podcasts,News & Culture,4.58,4426.01,967,387.13
Apple Podcasts,Comedy,4.71,4573.75,736,650.05
Apple Podcasts,Comedy,3.64,4874.31,1104,504.54
Spotify,News & Culture,4.34,4521.25,1121,436.71
Apple Podcasts,Comedy,4.45,4613.5,898,511.79
Spotify,Comedy,4.62,4624.29,1107,544.25
BBC Sounds,News & Culture,4.12,4487.57,805,448.15
Apple Podcasts,Comedy,4.02,4789.51,897,835.38
Apple Podcasts,Documentary,4.36,4378.12,807,828.27
Spotify,Comedy,5,4462.11,828,375.59
BBC Sounds,News & Culture,3.95,4561.75,746,557.38
YouTube,News & Culture,4,4461.12,836,523.63
Apple Podcasts,News & Culture,4.1,4773.96,845,410.23
Apple Podcasts,Documentary,3.43,4285.27,1033,755.61
Spotify,News & Culture,4.28,4447.55,849,493.69
Apple Podcasts,Documentary,4.77,4348.85,847,765.3
Spotify,Comedy,4.13,4781.05,1098,584.18
Spotify,Documentary,4,4235.36,879,875.88
Spotify,Comedy,4.55,4567.43,903,471.5
YouTube,News & Culture,4.84,4594.82,1340,461.81
Apple Podcasts,News & Culture,4.72,4782.02,1122,553.63
Apple Podcasts,Comedy,4.7,4637.99,630,598.61
Apple Podcasts,Documentary,5,4324.81,1026,581.47
Spotify,News & Culture,4.72,4442.21,964,460.33
YouTube,Comedy,4.29,4595.01,841,418.38
Apple Podcasts,News & Culture,4.34,4449,718,403.94
Apple Podcasts,Comedy,4.35,4740.6,1072,499.7
Spotify,Documentary,4.74,4213.99,964,582.07
Apple Podcasts,Comedy,3.83,4767.01,977,660.56
Apple Podcasts,News & Culture,4.08,4269.69,1063,441.83
YouTube,Documentary,4.61,4318.23,1119,799.99
Apple Podcasts,Documentary,4.68,4383.33,1105,882.73
Apple Podcasts,Comedy,4.48,4652.13,771,630.24
Apple Podcasts,Comedy,5,4712.38,935,659.52
BBC Sounds,Documentary,4.5,4253.87,1027,806.93
Apple Podcasts,Comedy,4.59,4740.46,859,536.12
Apple Podcasts,News & Culture,4.24,4567.83,1176,513.76
Apple Podcasts,News & Culture,4.8,4449.96,708,678.49
Apple Podcasts,Comedy,4,4651.71,808,749.19
YouTube,Documentary,4.5,4301.04,824,827.58
Apple Podcasts,News & Culture,4.66,4656.06,957,473.7
Apple Podcasts,Comedy,4.71,4627.99,954,464.53
Apple Podcasts,Comedy,4.44,4638.62,906,503.98
Apple Podcasts,Documentary,4.2,4458.64,907,789.29
Apple Podcasts,News & Culture,3.66,4496.43,932,312.26
Apple Podcasts,News & Culture,4.65,4706.6,1207,335.2
Apple Podcasts,Comedy,4.41,4639.42,699,591.63
Apple Podcasts,News & Culture,1,4622.31,1103,551.7
Spotify,Documentary,4.63,4302.52,1043,605.72
Apple Podcasts,News & Culture,4.75,4614.5,1028,617.13
Apple Podcasts,News & Culture,4.25,4335.43,951,468.14
Apple Podcasts,News & Culture,3.88,4543.71,1097,367.97
Apple Podcasts,News & Culture,4.4,4504.11,703,601.02
Spotify,News & Culture,4.54,4575.78,1136,440.98
Apple Podcasts,Documentary,4.45,4314.61,964,752.91
Apple Podcasts,Comedy,4.86,4713.08,999,514.56
Apple Podcasts,Comedy,4.45,4767.59,843,493.96
Spotify,Documentary,4.46,4304.6,1019,764.27
Apple Podcasts,Documentary,5,4166.52,704,771.55
Spotify,Comedy,4.27,4737,1161,464.48
YouTube,Documentary,4.31,4197.82,974,749.79
Apple Podcasts,News & Culture,4.47,4352.75,966,414.1
Apple Podcasts,Documentary,5,4333.29,999,812.63
BBC Sounds,Documentary,4.64,4466.38,1070,992.41
BBC Sounds,Documentary,3.26,4385.57,1128,686.84
YouTube,Documentary,4.41,4425.48,1039,823.39
Apple Podcasts,Documentary,4.61,4438.9,903,968.51
Apple Podcasts,News & Culture,4.49,4348.66,920,555.61
Apple Podcasts,Comedy,4.34,4460.38,802,472.66
Spotify,Comedy,4.43,4655.94,861,650.85
Apple Podcasts,Documentary,4.7,4272.53,935,924.48
Spotify,News & Culture,4.6,4720.36,1021,458
BBC Sounds,Comedy,4.66,4759.75,1506,358.14
Apple Podcasts,Documentary,4.34,4535.28,1417,646.1
Apple Podcasts,News & Culture,4.55,4372.3,970,528.89
Apple Podcasts,News & Culture,4.68,4672.93,980,465.22
Apple Podcasts,News & Culture,4.8,4461.28,769,426.73
Apple Podcasts,Comedy,3.82,4856.33,744,799.5
YouTube,News & Culture,4.71,4331.5,811,455.63
Apple Podcasts,Documentary,4.66,4364.8,875,1086.4
Apple Podcasts,Comedy,4.34,4665.07,904,536.65
Spotify,Comedy,4.5,4641.87,682,627.42
Apple Podcasts,Comedy,3.93,4449.45,820,379.77
Apple Podcasts,News & Culture,4,4297.16,713,665.42
Apple Podcasts,Comedy,4.58,4548.28,776,628.7
Apple Podcasts,Comedy,4.55,4579.37,820,483.82
Apple Podcasts,Documentary,4.86,4446.91,1071,977.55
Spotify,Comedy,4.5,4597.02,720,674.11
Spotify,Documentary,4.58,4160.05,870,573.44
Apple Podcasts,Documentary,3.98,4275.74,994,790.59
Apple Podcasts,Comedy,4.5,4699.58,847,649.32
Apple Podcasts,News & Culture,4.59,4543.3,664,561.44
Apple Podcasts,Documentary,4.91,4366.54,941,751.12
YouTube,Comedy,4,4696.19,1238,550.2
Spotify,Comedy,3.33,4753.65,834,417.23
Apple Podcasts,Comedy,4.48,4536.62,1143,477.72
Apple Podcasts,Documentary,3.83,4314.26,892,590.92
Apple Podcasts,News & Culture,3.66,4665.7,1038,523.32
Apple Podcasts,Comedy,4.8,4552.86,642,533.49
Spotify,Documentary,2.56,4413.85,852,967.12
Apple Podcasts,Comedy,100,4865.09,0,584.45
Apple Podcasts,Comedy,4.34,4979.77,1175,540.35
Apple Podcasts,News & Culture,4.59,4731.77,882,750.12
Spotify,Documentary,4.44,4336.23,860,793.13
Spotify,News & Culture,4.54,4672.13,1188,295.46
Apple Podcasts,Documentary,3.4,4168.29,957,756.62
Apple Podcasts,Comedy,3.1,4976.27,1320,754.4
Apple Podcasts,Documentary,4.6,4365.83,1145,762.24
YouTube,Documentary,4.75,4279.09,993,809.42
Apple Podcasts,Comedy,4.71,4717.86,1019,590.31
Spotify,Comedy,4.47,4574.14,688,611.07
Apple Podcasts,News & Culture,4.11,4802.95,988,826.49
Apple Podcasts,Comedy,4.39,4672.19,1038,243.25
Apple Podcasts,News & Culture,4.88,4366.59,1004,417.84
Apple Podcasts,News & Culture,4.7,4517.17,983,475.1
Apple Podcasts,Comedy,4.7,4764.85,1002,498.94
Apple Podcasts,Comedy,4.64,4730.18,1012,502.77
Apple Podcasts,Documentary,3.99,4407.23,945,777.64
Apple Podcasts,Comedy,4.47,4720.88,677,465.11
Apple Podcasts,Comedy,4.73,4726.58,883,631.97
Spotify,News & Culture,4.62,4550.52,936,535.66
YouTube,Comedy,4.66,4638.34,829,571.28
Apple Podcasts,News & Culture,4.54,4455.79,616,414.88
Apple Podcasts,Documentary,4.12,4303.94,1081,693.92
Apple Podcasts,Comedy,4.45,4671.34,1149,378.37
Apple Podcasts,Documentary,4.51,4325.71,998,650.98
Apple Podcasts,Documentary,4.07,4300.32,879,774.68
Apple Podcasts,News & Culture,4.69,4233.98,839,471.88
Spotify,News & Culture,4.56,4473.51,1077,323.81
BBC Sounds,Comedy,3.36,4804.77,890,692.85
Apple Podcasts,Documentary,4.29,4301.5,1165,737.6
Apple Podcasts,Comedy,4.5,4462.02,856,399.24
Apple Podcasts,Comedy,3.33,4885.86,1146,532.49
Apple Podcasts,News & Culture,4.57,4317.39,769,464.95
Apple Podcasts,Documentary,4,4484.88,1329,961.81
Spotify,News & Culture,0,4381.45,0,485.04
YouTube,News & Culture,4.14,4433.02,1039,130.96
Apple Podcasts,News & Culture,4.57,4514.04,859,554.62
Apple Podcasts,Comedy,4.3,4684.11,1147,536.45
Apple Podcasts,Documentary,4.45,4570.27,1425,904.75
Apple Podcasts,Documentary,4.28,4540.84,1183,931.51
Apple Podcasts,Documentary,3.78,4205.73,990,918.82
Apple Podcasts,Comedy,3.18,5009.56,1102,835.24
YouTube,Documentary,3.98,4337.19,922,613.93
Spotify,Comedy,4.33,4583.98,953,503.7
YouTube,News & Culture,4.49,4848.33,1271,613.38
Apple Podcasts,Comedy,4.5,4626.96,947,352.71
Apple Podcasts,Comedy,4.54,4591.24,1037,600.94
Apple Podcasts,News & Culture,4.66,4621.04,990,411.7
Spotify,Comedy,3.27,4409.53,638,427.29
Apple Podcasts,News & Culture,4,4732.83,1223,628.31
Spotify,Documentary,4.34,4309.01,1063,838.22
Apple Podcasts,News & Culture,4.32,4392.61,908,500.3
YouTube,Comedy,4.58,4883.79,955,725.77
YouTube,Documentary,3.77,4508.07,1095,1118.74
Apple Podcasts,Documentary,4.23,4306.22,870,630.67
Apple Podcasts,News & Culture,4.48,4423.09,704,891.98
Apple Podcasts,Comedy,4.43,4701.97,1295,457.55
Apple Podcasts,Comedy,4.12,5031.03,1227,446.34
Apple Podcasts,Documentary,4.67,4469.72,1060,1021.01
Spotify,News & Culture,4.75,4598.24,1117,247.24
Apple Podcasts,Documentary,4.82,4341.24,990,647.48
Apple Podcasts,News & Culture,4.86,4472.74,871,391.82
YouTube,News & Culture,4.49,4506.7,826,507.43
Apple Podcasts,News & Culture,4.93,4581.41,1003,729.93
Apple Podcasts,News & Culture,1.77,4651.82,920,765.35
Apple Podcasts,Documentary,4.29,4603.17,1037,1189.92
Apple Podcasts,Comedy,4.44,4823.52,801,608.61
Spotify,News & Culture,4.4,4497.57,989,437.09
Apple Podcasts,Comedy,4,4547.8,684,591.48
Apple Podcasts,News & Culture,4.35,4474.4,675,352.06
Apple Podcasts,Documentary,5,4352.32,975,657.52
Apple Podcasts,Comedy,4.5,4777.4,762,719.23
Apple Podcasts,News & Culture,4.47,4677.62,1062,524.61
Apple Podcasts,Comedy,4.64,5017.77,911,810.55
Apple Podcasts,Documentary,4.04,4467.11,844,909.5
Apple Podcasts,News & Culture,4.56,4331.31,723,471.87
Apple Podcasts,News & Culture,4.47,4446,652,447.41
Apple Podcasts,News & Culture,4.38,4348.48,1063,133.77
Apple Podcasts,Comedy,5,4811.73,1006,726.78
Apple Podcasts,Documentary,4.34,4322.82,1180,644.08
Apple Podcasts,Comedy,5,4794.86,874,847.92
Apple Podcasts,Comedy,4.12,4580.58,1059,729.4
Apple Podcasts,News & Culture,4.87,4376.81,917,431.96
Apple Podcasts,Comedy,3.78,4734.78,1237,324.33
Apple Podcasts,Comedy,4.09,4648.86,839,578.61
Spotify,News & Culture,4.22,4636.72,792,618.38
Spotify,Documentary,4.09,4268.03,834,796.44
Apple Podcasts,Documentary,4.66,4284.78,816,943.34
Spotify,Documentary,4.89,4410,868,923.49
Apple Podcasts,News & Culture,4.6,4429.91,859,637.15
Spotify,Comedy,4.79,4864.65,1000,669.36
Spotify,News & Culture,4.2,4418.47,603,451.24
BBC Sounds,News & Culture,4.68,4367.69,939,571.12
Apple Podcasts,News & Culture,4,4658.83,1067,547.08
Spotify,Documentary,3.72,4446.8,1201,855.63
Apple Podcasts,Comedy,4.78,4751.24,840,821.62
Apple Podcasts,Documentary,4.59,4199.44,911,785.41
Apple Podcasts,Comedy,4.38,4657.19,666,733.17
Apple Podcasts,News & Culture,4.77,4754.05,808,782.31
Apple Podcasts,News & Culture,4.07,4565.32,890,566.45
YouTube,Comedy,4.22,4637.04,799,624.25
Apple Podcasts,Comedy,4.62,4585.12,798,512.34
Apple Podcasts,News & Culture,4.34,4417.61,804,591.6
Apple Podcasts,News & Culture,4.53,4588,1119,606.4
Apple Podcasts,Documentary,4.53,4326.95,1058,837.05
Spotify,News & Culture,4.59,4414.72,966,476.74
Apple Podcasts,Comedy,4.61,5072.87,1132,553.99
Apple Podcasts,News & Culture,4.28,4465.84,795,488.43
Apple Podcasts,News & Culture,4.09,4497.31,938,354.58
Spotify,Comedy,4.52,4726.74,767,599.19
Apple Podcasts,Comedy,4.63,4669.66,1010,470.44
BBC Sounds,News & Culture,4.83,4569.97,896,860.51
Apple Podcasts,News & Culture,4.33,4316.27,1084,286.45
YouTube,Documentary,4.24,4311.22,963,851.02
Spotify,News & Culture,4.82,4551.28,862,598.08
Apple Podcasts,Comedy,4.27,4696.33,789,734.83
YouTube,News & Culture,4.33,4680.97,1013,556.19
Apple Podcasts,News & Culture,4.61,4485.26,680,541.33
Apple Podcasts,Comedy,4.03,4625.87,941,591.92
Apple Podcasts,Documentary,4.52,4406.87,1146,642.2
Spotify,Documentary,4.8,4277.17,756,959.16
Apple Podcasts,News & Culture,4.9,4501.34,1120,457.8
Spotify,Documentary,4.78,4317.52,1118,857.2
Apple Podcasts,Documentary,4.18,4281.62,913,823.03
Apple Podcasts,News & Culture,4.44,4201.3,1104,341.99
Apple Podcasts,News & Culture,4.86,4400.04,609,403.18
Apple Podcasts,News & Culture,4.48,4682.06,1094,597.21
Apple Podcasts,News & Culture,2.94,4803.34,946,607.21
BBC Sounds,Comedy,4.22,4597.97,886,599.85
Apple Podcasts,Comedy,4.33,4669.88,881,490.58
Spotify,News & Culture,4.62,4471.9,1093,180.9
Apple Podcasts,Comedy,4.33,4785.48,923,505.97
Apple Podcasts,Documentary,3.9,4212.05,794,503.62
Apple Podcasts,Documentary,4.83,4335.09,776,812.47
Apple Podcasts,Documentary,3.87,4553.77,1149,837.07
Apple Podcasts,News & Culture,4.27,4690.53,1201,218.96
Apple Podcasts,News & Culture,4.95,4592.78,833,790.8
Apple Podcasts,News & Culture,4.3,4516.45,1116,608.79
BBC Sounds,Documentary,4.35,4343.43,897,915.86
Apple Podcasts,News & Culture,4.66,4605.61,1167,243.98
Apple Podcasts,Documentary,4.45,4404.46,1009,927.74
Apple Podcasts,Comedy,4.44,4604.48,1009,522.56
Apple Podcasts,News & Culture,4.87,4585.36,822,631.52
Apple Podcasts,Comedy,5,4562.82,932,614.81
Apple Podcasts,Comedy,4.26,4602.55,933,482.43
Apple Podcasts,News & Culture,4,4406.03,1077,371.95
Apple Podcasts,Comedy,4.69,4653.13,916,565.74
Apple Podcasts,Documentary,4,4364.6,1088,824.85
Apple Podcasts,Documentary,4.74,4346.26,1195,808.38
Apple Podcasts,Documentary,4.43,4383.22,949,754.6
Apple Podcasts,Comedy,5,4723.94,634,699.34
Apple Podcasts,News & Culture,4.71,4221.61,911,456.34
Apple Podcasts,Documentary,4.53,4475.68,919,987.19
Apple Podcasts,Documentary,4.75,4422.27,960,954.42
Apple Podcasts,Documentary,4.33,4382.22,939,873.6
YouTube,News & Culture,4.39,4438.48,893,584.64
Apple Podcasts,News & Culture,4.67,4525.09,947,597.87
Apple Podcasts,Documentary,4.87,4283.64,1062,800.34
Apple Podcasts,Comedy,4.74,4608.93,994,567.01
Apple Podcasts,News & Culture,3.83,4760.11,1178,387.8
Apple Podcasts,Comedy,4.12,4575.66,1159,323.89
Spotify,News & Culture,4.47,4533.04,745,727.28
Apple Podcasts,News & Culture,4.07,4785.12,1226,622.32
Apple Podcasts,Comedy,5,4811.9,1108,844.97
Apple Podcasts,Comedy,4.81,4748.37,1216,500.83
Apple Podcasts,News & Culture,4.03,4624.47,1030,632.2
Apple Podcasts,Comedy,4.51,4738.82,1015,540.96
Apple Podcasts,Comedy,4.78,4773.7,1156,638.38
Apple Podcasts,Documentary,4.31,4429.5,1082,986.96
Apple Podcasts,Comedy,4.43,4785.19,825,786.32
Apple Podcasts,Comedy,4,4525.84,925,467.3
Apple Podcasts,Documentary,4.44,4425.5,1264,688.55
Spotify,Documentary,3.98,4270.77,1027,723.08
Apple Podcasts,Documentary,4.77,4324.84,1226,806.79
Apple Podcasts,Documentary,4.41,4354.02,1198,724.68
Spotify,News & Culture,4.57,4459.87,1086,523.37
YouTube,Documentary,4.2,4452.84,1271,919.56
Apple Podcasts,Documentary,4.73,4366.99,1186,870.41
Apple Podcasts,Comedy,3.47,4672.37,1132,502.94
Spotify,Documentary,4.28,4574.13,1079,1041.61
Apple Podcasts,Documentary,4.36,4260.53,668,862.47
Spotify,Documentary,4.26,4398.43,797,1090.06
Apple Podcasts,Documentary,4.27,4388.35,1220,733.7
Apple Podcasts,News & Culture,4.19,4451.56,825,706.85
Apple Podcasts,Comedy,4.57,4679.04,1098,760.12
Apple Podcasts,Comedy,4.3,4762.78,1098,556.06
Apple Podcasts,Comedy,4.13,4804.44,876,570.94
Apple Podcasts,Comedy,4.72,4834.64,816,731.21
Apple Podcasts,Comedy,4.61,4925.02,1073,706.55
Spotify,Comedy,4.66,4559.59,644,621.32
Apple Podcasts,Documentary,100,4317.5,0,962.97
Apple Podcasts,Documentary,4.37,4313.71,964,952.38
Apple Podcasts,Comedy,4.42,4563.8,933,485.42
Apple Podcasts,Documentary,4.5,4201.67,690,818.96
Spotify,News & Culture,5,4162.6,786,341.82
Apple Podcasts,Comedy,4.29,4642,825,563.83
Apple Podcasts,News & Culture,4.26,4298.5,751,434.48
Spotify,Comedy,4.45,4533.78,747,506.18
Apple Podcasts,Comedy,4,4636.22,805,536.43
Apple Podcasts,News & Culture,4.39,3969.88,843,19.05
Apple Podcasts,Comedy,4.47,4443.25,946,273.88
Apple Podcasts,Comedy,4.69,4751.88,1158,510.3
Apple Podcasts,Documentary,4.37,4451.75,1072,963.21
Apple Podcasts,Comedy,4.65,4800.75,1056,719.15
Spotify,News & Culture,4.4,4788.8,1198,581.34
Apple Podcasts,Comedy,4.51,4765.56,1107,534.4
Apple Podcasts,Documentary,4.28,4340.85,972,805.75
YouTube,Comedy,4.34,4611.37,991,464.78
Apple Podcasts,Comedy,4.44,4499.36,888,516.84
YouTube,Documentary,4.38,4424.78,1182,880.55
Apple Podcasts,Comedy,3.55,4706.08,986,407.29
BBC Sounds,Documentary,5,4268.05,1037,783.89
Apple Podcasts,Documentary,4.66,4324.48,835,848.97
YouTube,Comedy,3.57,4628.77,911,399.76
Spotify,Comedy,4.75,4722.88,737,678.46
YouTube,News & Culture,4.55,4353.52,861,335.64
Apple Podcasts,Comedy,4.46,4734.03,1015,426.15
Apple Podcasts,Documentary,4.18,4376.91,972,573.52
Apple Podcasts,News & Culture,4.69,4708.45,970,363.28
YouTube,Documentary,4.7,4428.54,1384,928.81
Apple Podcasts,Comedy,4.69,4490.11,708,404.82
Apple Podcasts,Comedy,4.17,4883.2,1148,597.51
Apple Podcasts,Comedy,4.68,4762.76,1064,713.83
Apple Podcasts,Comedy,2.66,4668.79,673,858.19
Apple Podcasts,News & Culture,4.07,4574.06,1011,512.15
YouTube,News & Culture,4.31,4381.14,859,610.42
YouTube,News & Culture,4.79,4557.78,912,504.31
Apple Podcasts,Documentary,5,4472.01,1106,894.99
Spotify,Documentary,5,4476.96,1313,826.14
Apple Podcasts,Documentary,4.4,4443.9,1025,875.07
Spotify,Documentary,4.62,4336.19,885,775.75
Apple Podcasts,News & Culture,4.34,4299.26,922,457.58
Spotify,Documentary,5,4348.3,1141,624.95
Apple Podcasts,Documentary,4.45,4553.35,1216,889.54
Apple Podcasts,Comedy,3.66,4891.99,1102,440.65
Apple Podcasts,Comedy,4.55,4605.41,1064,470.65
Apple Podcasts,Comedy,4.8,4731.73,1004,604.02
Apple Podcasts,News & Culture,4.05,4704.26,1162,500.73
YouTube,Comedy,4.61,4600.46,987,571.64
Apple Podcasts,Documentary,4.42,4392.6,1082,875.24
Apple Podcasts,News & Culture,4.5,4781.93,892,766.51
Apple Podcasts,News & Culture,4.63,4395.16,1068,722.97
Apple Podcasts,Comedy,0,4699.11,0,637.51
Apple Podcasts,Comedy,4.45,4656.78,941,685.78
Apple Podcasts,News & Culture,4.42,4662.83,924,480.52
Apple Podcasts,Documentary,5,4424.04,871,939.87
Spotify,Documentary,4.75,4440.61,1026,961.36
Spotify,Comedy,4.63,4750.6,1081,616.51
Spotify,News & Culture,4.33,4391.87,944,303.53
Apple Podcasts,News & Culture,4.22,4710.63,1153,622.56
Apple Podcasts,News & Culture,4.51,4650.17,1024,607.34
YouTube,Comedy,4.85,4560.69,819,595.33
Apple Podcasts,Documentary,4.19,4503.17,1198,883.63
Apple Podcasts,News & Culture,4.8,4270.95,734,544.33
Apple Podcasts,Documentary,4.6,4538.61,974,849.86
Apple Podcasts,Documentary,4.7,4203,1014,818.22
YouTube,Documentary,3.55,4409.74,1100,993.61
Apple Podcasts,Documentary,3.96,4260.47,848,785.12
Apple Podcasts,Documentary,4.64,4190.79,808,823.28
Apple Podcasts,Documentary,4.63,4269.15,1126,749.17
Apple Podcasts,Documentary,4.54,4305.17,680,826.4
Apple Podcasts,Documentary,3.83,4322.77,1046,690.06
Apple Podcasts,News & Culture,4.49,4208.23,842,486.23
Spotify,Comedy,4.48,4769.84,1111,529.38
Apple Podcasts,Comedy,3.5,4544.94,1025,605.71
Spotify,News & Culture,4.86,4551.3,850,372.13
Apple Podcasts,News & Culture,3.54,4353.82,1003,509.21
BBC Sounds,Comedy,4.66,4727.41,1255,283.67
Apple Podcasts,Comedy,4.54,4758.19,952,641.87
Apple Podcasts,Documentary,5,4274.81,796,870.04
YouTube,Comedy,4.58,4626.67,1121,544.72
YouTube,Documentary,4.43,4335.85,1086,740.07
Apple Podcasts,News & Culture,5,4499.39,1317,601.71
Apple Podcasts,Comedy,4.33,4771.47,1090,581.34
YouTube,Documentary,4.73,4430.35,1073,1019.04
Apple Podcasts,News & Culture,3.86,4585.08,1053,476.54
Apple Podcasts,Comedy,3.97,4644.59,865,431.89
Apple Podcasts,News & Culture,4.66,4450.94,832,704.91
Apple Podcasts,Comedy,3.87,4829.79,973,588.93
Apple Podcasts,Comedy,4.34,4925.36,1000,642.06
Apple Podcasts,Documentary,3.53,4514.59,1032,889.3
Apple Podcasts,News & Culture,4.29,4414.17,769,675.09
Apple Podcasts,Comedy,3.77,4588.95,977,371.51
Apple Podcasts,Comedy,4.59,4612.04,911,389.11
BBC Sounds,News & Culture,4.4,4401.79,1038,390.3
Apple Podcasts,Comedy,4.75,4491.82,1001,486.81
Spotify,Comedy,4.72,4797.14,887,635.47
Spotify,Documentary,4.4,4270.52,912,751.22
Apple Podcasts,Documentary,3.71,4187.54,1008,582.69
Apple Podcasts,News & Culture,3.35,4619.94,840,453.22
YouTube,News & Culture,4.5,4654.09,1009,592.24
Apple Podcasts,Comedy,4.25,4663.85,926,464.86
Apple Podcasts,Comedy,4.2,4866.46,990,429.96
Spotify,Comedy,4.3,4672.14,848,571.13
Apple Podcasts,News & Culture,4.22,4284.04,902,249.93
Apple Podcasts,News & Culture,4.62,4449.85,753,681.22
Apple Podcasts,News & Culture,4.5,4370.86,925,566.94
Apple Podcasts,Comedy,3.73,4547.83,900,432.27
Apple Podcasts,Comedy,4.66,4635.72,898,465.07
Spotify,Documentary,4.19,4310.73,970,814.11
Apple Podcasts,News & Culture,3.8,4475.6,1066,297.47
Apple Podcasts,News & Culture,4.46,4690.08,903,450.38
BBC Sounds,Comedy,4.78,4796.6,756,575.05
Apple Podcasts,News & Culture,4.54,4888.45,1042,684.48
Spotify,News & Culture,3.87,4336.25,1057,431.85
Apple Podcasts,Comedy,3.75,4718.57,906,540.77
Apple Podcasts,Documentary,4.92,4364.86,977,880.7
YouTube,Comedy,4.25,4624.25,808,678.02
Apple Podcasts,Documentary,4.45,4366.54,1015,571.56
Apple Podcasts,Documentary,4.12,4452.51,1103,861.54
Apple Podcasts,Documentary,3.93,4530.27,1170,713.14
Apple Podcasts,Documentary,4.74,4159.44,904,791.88
Apple Podcasts,News & Culture,4.25,4845.49,968,675.49
Apple Podcasts,News & Culture,3.86,4396.83,879,508.27
Spotify,News & Culture,4.85,4530.73,689,579.97
Apple Podcasts,News & Culture,4.42,4577.58,966,513.87
Apple Podcasts,Documentary,4.08,4376.81,924,783.04
Apple Podcasts,Documentary,4.04,4447.77,1170,1060.35
Apple Podcasts,Documentary,4.5,4170.75,756,791.17
Apple Podcasts,News & Culture,4.49,4456.96,864,357.14
Spotify,News & Culture,4.64,4383.72,1028,331.2
Spotify,Documentary,4.47,4362.89,1080,797.4
Apple Podcasts,Comedy,4.44,4760.77,1015,401.87
Apple Podcasts,Documentary,4.5,4274.23,944,1033.5
Apple Podcasts,Comedy,4,4729.06,954,619.86
Apple Podcasts,News & Culture,4.25,4453.26,841,322.78
Spotify,Documentary,4.35,4389.62,689,1027.72
Spotify,Documentary,4.38,4575.59,1015,1071.96
Spotify,Comedy,4.12,4705.15,1062,503.34
Apple Podcasts,Documentary,4.09,4407.36,1045,848.01
Spotify,Documentary,4.35,4238.28,718,691.77
Apple Podcasts,Comedy,4.73,4662.67,1046,596.62
Apple Podcasts,Documentary,4.09,4326,962,874.59
Spotify,News & Culture,4.21,4510.21,894,369.78
Apple Podcasts,Documentary,4.67,4346.74,1008,727.2
Apple Podcasts,Documentary,3.86,4362.94,1001,713.76
Spotify,Comedy,4.02,4865.24,1287,432.3
Apple Podcasts,Comedy,4.17,4740.59,827,500.87
BBC Sounds,News & Culture,4.42,4508.38,805,586.53
Apple Podcasts,Documentary,4,4296.11,715,863.82
BBC Sounds,News & Culture,4.33,4640.49,869,521.98
Apple Podcasts,Documentary,4.55,4283.08,803,742.69
Apple Podcasts,News & Culture,4.67,4481.57,1009,514.07
Apple Podcasts,Comedy,4.55,4522.34,891,548.72
Apple Podcasts,News & Culture,4.36,4376.76,813,588.96
YouTube,Comedy,4.82,4814.33,940,677.41
Apple Podcasts,News & Culture,4.38,4242.85,879,287.58
Spotify,Documentary,4.25,4479.1,1243,895.92
Apple Podcasts,Comedy,0,4701.88,0,390.38
Apple Podcasts,News & Culture,4.49,4134.5,645,372.4
Apple Podcasts,Documentary,4.77,4542.82,1352,1191.92
YouTube,Comedy,3.89,4580.5,1072,445.84
YouTube,Comedy,4.66,4578.07,732,478.98
Spotify,Comedy,4,4569.08,857,714.43
Apple Podcasts,Comedy,4.71,4458.69,944,318.02
Apple Podcasts,Documentary,4,4432.79,843,985.37
Apple Podcasts,Documentary,4.62,4388.4,1079,758.23
YouTube,News & Culture,4.01,4464.46,744,394.31
Apple Podcasts,News & Culture,4.71,4492.45,1106,511.42
YouTube,News & Culture,3.9,4389.79,1028,460.66
Apple Podcasts,News & Culture,4.14,4709.96,1189,646.23
Apple Podcasts,News & Culture,4.58,4367.71,798,395.18
Spotify,Comedy,4.34,4679.97,1107,369.29
YouTube,Documentary,4.87,4425.86,1073,783.09
Apple Podcasts,Comedy,3.97,4586.16,877,451.84
Apple Podcasts,Comedy,4.4,4719.5,1098,478.94
Spotify,Comedy,4.13,4679.64,1154,536.89
YouTube,Comedy,4.65,4614.76,1044,455.29
YouTube,Comedy,4.5,4771.85,857,790.24
Apple Podcasts,News & Culture,4.12,4331.87,759,360.96
Apple Podcasts,Documentary,4.48,4269.83,790,744.22
Spotify,News & Culture,4.8,4383.59,886,514.32
Apple Podcasts,Comedy,4.28,4523.97,788,685.86
Apple Podcasts,Comedy,4.22,4473.58,873,629.7
Apple Podcasts,News & Culture,4.44,4451.25,755,307.71
Apple Podcasts,Documentary,4.4,4362.98,909,830.82
Apple Podcasts,Documentary,5,4265.13,857,878.69
Spotify,News & Culture,4.42,4580.83,1091,362.6
Apple Podcasts,News & Culture,4.8,4863.37,1082,548.48
Apple Podcasts,News & Culture,4.5,4613.76,841,609.83
BBC Sounds,Comedy,4.18,4533.28,864,671.05
YouTube,Comedy,4.5,5187.64,1195,590.18
Apple Podcasts,Documentary,3.77,4367.91,1159,839.83
Apple Podcasts,Comedy,4.44,4701.92,958,697.95
Apple Podcasts,News & Culture,4.75,4724.35,991,688.57
YouTube,Documentary,4.47,4324.05,1019,898.45
Apple Podcasts,News & Culture,3.71,4571.17,1168,835.73
Apple Podcasts,Documentary,4.37,4243.48,982,478.56
Apple Podcasts,Documentary,4.22,4200.65,777,691.38
Spotify,Comedy,4.78,4716.62,811,594.34
Apple Podcasts,News & Culture,4.41,4513.65,798,621.25
Apple Podcasts,Comedy,4.18,4833.65,968,661.05
Apple Podcasts,Documentary,4.58,4242.27,904,683.82
Apple Podcasts,News & Culture,4.6,4642.82,1096,610.62
BBC Sounds,Documentary,4.17,4425.85,1024,857.59
Spotify,News & Culture,4.16,4344.9,895,700.23
YouTube,News & Culture,3.33,4438.94,871,520.47
Spotify,Documentary,4.32,4406.38,934,870.87
YouTube,Comedy,4.58,4902.18,993,644.71
Apple Podcasts,News & Culture,4.59,4525.62,991,638.84
Apple Podcasts,Comedy,5,4718.52,1078,382
Apple Podcasts,Comedy,4.9,4595.41,1044,475.31
YouTube,Documentary,4.8,4469.61,1032,936.17
Spotify,Documentary,4.23,4492.91,1216,616.52
Spotify,Comedy,4.56,4830.49,902,648.34
YouTube,Comedy,4.74,4761.37,1198,499.01
Apple Podcasts,News & Culture,4.72,4568.93,1022,565.8
Apple Podcasts,News & Culture,4.37,4587.63,897,586.08
Apple Podcasts,Comedy,4,4784.96,1149,724.87
Apple Podcasts,Comedy,3.66,4555.54,862,454.36
BBC Sounds,News & Culture,2.6,4418.48,833,270.97
Apple Podcasts,Comedy,4.06,4692.51,1035,678.37
Apple Podcasts,Comedy,4.33,4576.5,858,557.83
YouTube,Comedy,4.43,4608.41,1115,549.21
Apple Podcasts,News & Culture,4.8,4308.08,850,422.37
Apple Podcasts,Comedy,4,4796.57,1033,416.27
YouTube,Documentary,4.14,4324.86,903,588.47
BBC Sounds,News & Culture,4.8,4575.54,769,768.64
Apple Podcasts,Comedy,4.88,4404.59,795,663.88
Apple Podcasts,News & Culture,3.72,4466.48,878,487.36
Spotify,Comedy,4.1,4786.43,1255,578.24
Apple Podcasts,Documentary,4.7,4311.64,1015,941.75
Apple Podcasts,Comedy,3.88,4471.94,1037,431.56
Apple Podcasts,Comedy,5,4819.71,1174,776.1
Apple Podcasts,Documentary,4.14,4311.49,698,750.62
Apple Podcasts,News & Culture,4.62,4460.76,980,351.5
Spotify,News & Culture,4.01,4851.9,902,885.04
BBC Sounds,Comedy,4.22,4702.1,1115,517.91
Apple Podcasts,Documentary,4.33,4433.86,1140,809.87
Apple Podcasts,Documentary,100,4344.57,0,837.5
Apple Podcasts,Documentary,4.42,4439.79,905,877.46
Spotify,News & Culture,4.41,4574.86,817,485.59
Apple Podcasts,News & Culture,4.25,4362.94,749,384.24
Apple Podcasts,Documentary,4.64,4372.82,938,1012.54
Apple Podcasts,Comedy,3.41,4532.76,786,513.81
Apple Podcasts,Documentary,100,4197.58,0,714.73
Spotify,News & Culture,4.08,4772.49,1170,662.34
Apple Podcasts,Comedy,4.65,5008.65,860,523.09
Apple Podcasts,Documentary,4.74,4212.91,847,768.16
Apple Podcasts,Documentary,4.65,4451.89,1007,796.91
Apple Podcasts,News & Culture,4.62,4403.83,907,507.44
YouTube,Comedy,4.17,4746.32,1296,639.16
Spotify,News & Culture,3.54,4564.37,920,474.72
Apple Podcasts,News & Culture,5,4597.35,969,522.01
Apple Podcasts,News & Culture,4.3,4458.85,801,365.84
Apple Podcasts,Comedy,3.48,4382.85,548,497.13
Spotify,Comedy,4.11,4863,808,612.79
Apple Podcasts,Comedy,4.38,4819.45,786,580.67
Apple Podcasts,Documentary,3.88,4108.48,790,721.23
Apple Podcasts,Documentary,4.61,4432.2,889,991.4
Apple Podcasts,News & Culture,3.75,4531.11,904,521.1
Apple Podcasts,Documentary,4.33,4388.37,808,930.91
Apple Podcasts,Comedy,4.51,4588.65,799,632.01
Spotify,News & Culture,4.45,4520.68,736,578.96
Spotify,News & Culture,3.76,4758.1,1122,682.52
Apple Podcasts,News & Culture,4.25,4701.08,1307,572.02
Apple Podcasts,Documentary,5,4401.25,784,777.13
Apple Podcasts,Comedy,5,4796.69,978,523.12
Apple Podcasts,Documentary,5,4279.85,887,812.35
Apple Podcasts,Documentary,4.68,4248.15,772,804.68
Apple Podcasts,Comedy,4.93,4524.16,791,540.49
Apple Podcasts,News & Culture,4.66,4517.24,850,592.43
Apple Podcasts,News & Culture,4.51,4556.03,832,658.66
Apple Podcasts,News & Culture,4.56,4747.2,771,792.77
Spotify,Comedy,2.85,4729.71,899,616.85
Apple Podcasts,News & Culture,4.8,4609.43,1072,654.39
Apple Podcasts,Documentary,4.85,4382.16,1170,535.24
Spotify,News & Culture,4.41,4334.97,1013,492.81
Apple Podcasts,Documentary,4.76,4324.51,1121,791.37
Apple Podcasts,Comedy,4.84,4508.04,741,325.96
Apple Podcasts,News & Culture,4.45,4508.8,995,398.52
Apple Podcasts,Comedy,4.5,4747.96,821,642.37
Apple Podcasts,Documentary,4.11,4302.19,940,860.9
Apple Podcasts,News & Culture,4.82,4470.26,625,857.43
Apple Podcasts,News & Culture,4.07,4593.33,680,676.78
YouTube,News & Culture,5,4257.63,837,403.42
Apple Podcasts,News & Culture,4.11,4263.78,626,384.24
Apple Podcasts,News & Culture,4.55,4693.76,1036,570.11
YouTube,News & Culture,4.5,4441.48,982,448.63
Apple Podcasts,Comedy,4.59,4696.67,874,492.59
Apple Podcasts,Documentary,4.55,4381.28,1078,776.99
Apple Podcasts,News & Culture,4.15,4758.2,1021,508.34
YouTube,Comedy,4.03,4823.39,765,723.31
Apple Podcasts,Documentary,4.47,4411.06,877,805.1
Apple Podcasts,Documentary,4.42,4428.03,983,817.58
Apple Podcasts,Comedy,4.48,4643.8,1080,586.49
Apple Podcasts,News & Culture,4.88,4519.8,1006,667.65
Spotify,News & Culture,4.15,4585.87,1128,816.35
Apple Podcasts,News & Culture,3.96,4647.09,882,644.19
Spotify,News & Culture,4.42,4653.33,880,636.79
Apple Podcasts,Comedy,4.65,4564.52,794,508.68
Spotify,News & Culture,4.12,4677.26,1006,490.29
Apple Podcasts,Comedy,3.83,4886.78,1381,501.9
Spotify,Documentary,4.52,4232.61,887,715.94
YouTube,News & Culture,4.87,4407.41,773,577.29
Apple Podcasts,Comedy,4.59,4540.31,1052,378.4
Apple Podcasts,Comedy,4.56,4817.17,1209,570.81
Apple Podcasts,Documentary,4.42,4460.99,921,829.54
Apple Podcasts,Comedy,4.5,4602.63,826,557.61
Apple Podcasts,Documentary,4.5,4495.89,1209,831.45
Apple Podcasts,Documentary,4.2,4569.55,1186,867.27
Apple Podcasts,News & Culture,3.97,4581.61,878,588.4
Apple Podcasts,Comedy,3,4646.8,1216,380.32
Apple Podcasts,Comedy,4,4620.91,1206,400.36
Apple Podcasts,Documentary,4.69,4254.66,851,758
Apple Podcasts,Documentary,3.05,4595.22,1280,708.45
Apple Podcasts,Comedy,4.9,4798.12,928,675.93
Apple Podcasts,News & Culture,4,4560.29,894,598.37
Spotify,Documentary,2.66,4432.05,1021,821.49
Apple Podcasts,News & Culture,4.72,4283.73,804,338.71
Spotify,Documentary,4.21,4396.23,982,957.43
Apple Podcasts,Documentary,3.66,4369.89,828,1012.14
Apple Podcasts,News & Culture,4.18,4419.66,740,303.09
Apple Podcasts,Documentary,4.5,4292.22,994,648.13
Apple Podcasts,News & Culture,4.18,4384.81,870,570.78
Apple Podcasts,Comedy,4.75,4738.74,1231,428.83
Apple Podcasts,Comedy,3.32,4829.93,1021,398.01
Apple Podcasts,News & Culture,3.73,4775.87,1119,663.33
Spotify,Comedy,4.48,4763.26,820,516.29
Apple Podcasts,News & Culture,4.77,4351.14,924,467.81
Apple Podcasts,Documentary,4.78,4306.5,1107,928.83
Apple Podcasts,News & Culture,4.16,4536.03,964,388.26
YouTube,Comedy,5,4455.14,812,435.64
Apple Podcasts,Comedy,4.23,4689.12,646,501.82
Apple Podcasts,Documentary,4.4,4273.67,1022,641.22
Apple Podcasts,Comedy,4.21,4659.07,897,574.44
Apple Podcasts,News & Culture,4.49,4527.73,741,730.51
Apple Podcasts,News & Culture,3.26,4423.53,827,605.29
Apple Podcasts,Comedy,4.34,4699.12,909,709.29
Apple Podcasts,News & Culture,4.49,4679.06,682,512.27
Apple Podcasts,News & Culture,4.94,4385.25,578,416.79
Apple Podcasts,Comedy,4.32,4979.07,1038,759.28
Spotify,Documentary,4.75,4323.37,1033,834.14
Apple Podcasts,News & Culture,3.85,4651.4,956,482.86
Apple Podcasts,News & Culture,4.79,4749.72,1019,568.66
Spotify,Documentary,4.04,4492.33,1052,877.82
YouTube,Documentary,4.86,4416.37,1206,756.07
Apple Podcasts,Comedy,4.6,4762.55,1000,471.64
YouTube,Documentary,3.66,4527.89,978,964.22
Apple Podcasts,News & Culture,4.09,4361.37,741,574.89
Apple Podcasts,Documentary,4.94,4466.88,1091,942.85
Apple Podcasts,Comedy,4.8,4771.36,1166,559.04
Apple Podcasts,Comedy,4.04,4802.96,1156,529.61
Apple Podcasts,Documentary,4.8,4290.93,932,780.44
Apple Podcasts,Documentary,4.77,4327.84,1100,746.8
Apple Podcasts,Comedy,4.74,4640.64,785,336.5
Apple Podcasts,News & Culture,5,4445.5,950,199.04
Apple Podcasts,Comedy,4.52,4694.51,1073,550.54
Spotify,Documentary,4.74,4486.18,1128,849.93
Apple Podcasts,Comedy,4.55,4610.08,808,721.18
Apple Podcasts,Documentary,4.75,4334.61,1118,984.25
Apple Podcasts,Comedy,4.39,4661.21,937,426.09
Apple Podcasts,News & Culture,4.81,4443.15,1076,648.51
Apple Podcasts,Documentary,4.18,4437.6,1130,995.11
Apple Podcasts,Documentary,4.44,4198.51,887,811.33
Apple Podcasts,Comedy,4.21,4846.81,1063,547.58
Apple Podcasts,News & Culture,4.03,4679.68,1227,358.17
Apple Podcasts,Comedy,4.65,4642.06,867,471.74
YouTube,Comedy,4.04,4508.64,694,522.96
Apple Podcasts,Comedy,4.85,4536.83,925,684.45
YouTube,Documentary,4.15,4161.19,856,717.63
Spotify,News & Culture,4.78,4550.2,934,588.89
Apple Podcasts,News & Culture,4.6,4600.17,1135,516.1
Apple Podcasts,Comedy,3.5,4523.2,787,572.5
Apple Podcasts,News & Culture,4.7,4470.42,1180,543.24
YouTube,Comedy,4.28,4677.29,959,437.74
Apple Podcasts,News & Culture,4.57,4461.08,680,657.55
Apple Podcasts,News & Culture,4.61,4393.29,780,824.46
Apple Podcasts,News & Culture,3,4364.66,1014,419.76
Apple Podcasts,Comedy,4.25,4722.61,1191,513.2
Apple Podcasts,News & Culture,3.96,4487.92,791,621.51
Apple Podcasts,Documentary,4.48,4183.47,829,689.11
Apple Podcasts,News & Culture,4.5,4247.36,926,243.7
Apple Podcasts,News & Culture,4.4,4507.61,759,393.58
Apple Podcasts,Comedy,4.13,4609.41,993,395.82
Apple Podcasts,News & Culture,4.02,4438.6,886,709.05
Apple Podcasts,Documentary,4.74,4412.4,1051,773.51
Apple Podcasts,Comedy,4.38,4715.68,907,742.88
Apple Podcasts,Documentary,5,4276.15,791,615.13
Apple Podcasts,Documentary,4.7,4389.03,1138,778.1
Apple Podcasts,News & Culture,4,4416.46,758,839.86
Apple Podcasts,Documentary,3.6,4344.36,1026,799.56
Apple Podcasts,Documentary,4.61,4247.47,785,679.5
Apple Podcasts,Documentary,3.08,4358.34,796,904.38
Apple Podcasts,Comedy,4.75,4761.22,946,737.25
Apple Podcasts,Comedy,3.53,4514.06,730,451.52
Apple Podcasts,News & Culture,5,4619.67,982,494.99
Apple Podcasts,Comedy,4.66,4817.69,942,462.38
Spotify,Comedy,4.5,4597.92,1065,749.43
Apple Podcasts,Comedy,4.34,4630.77,994,499.13
Apple Podcasts,News & Culture,3.31,4693.09,1171,386.65
Apple Podcasts,Documentary,4.86,4169.47,826,665.33
Apple Podcasts,Comedy,4.1,4733.21,958,625.77
Apple Podcasts,Comedy,4,4769.05,909,706.2
Apple Podcasts,Comedy,4.2,4645.21,912,471.6
Apple Podcasts,News & Culture,3.81,4508.81,759,515.57
Apple Podcasts,Documentary,4.25,4291.67,1215,853.52
Apple Podcasts,Documentary,4.34,4488.15,921,811.85
Apple Podcasts,Comedy,4.71,4818.63,1149,593.75
Spotify,News & Culture,4.67,4205.54,506,411.19
Apple Podcasts,Documentary,4.32,4219.78,662,894.96
Apple Podcasts,News & Culture,3.76,4577.41,853,482.86
Apple Podcasts,News & Culture,4.32,4516.29,1245,602.33
Apple Podcasts,Comedy,4.47,4651.53,1009,600.27
Spotify,News & Culture,4.59,4325.35,919,284.63
YouTube,News & Culture,4.5,4474.95,774,460.12
Apple Podcasts,Comedy,4,4714.13,877,722.83
Apple Podcasts,Documentary,3.66,4077.2,666,709.35
Spotify,News & Culture,4.13,4621.64,1144,573.31
Apple Podcasts,Documentary,4.04,4299.77,924,898.87
Apple Podcasts,Comedy,4.22,4845.26,1050,542.76
Apple Podcasts,News & Culture,4.23,4739.64,977,469.04
Apple Podcasts,Comedy,4.27,4560.72,895,429.37
Spotify,Comedy,4.2,4945.25,1196,750.68
Apple Podcasts,Documentary,3.82,4454.66,945,851.27
Apple Podcasts,News & Culture,4.66,4272.75,785,297.61
Spotify,Documentary,4.41,4290.74,1001,743.24
Apple Podcasts,News & Culture,4.7,4530.58,956,390.23
Apple Podcasts,Comedy,4.11,4773.11,728,643.81
Apple Podcasts,News & Culture,4.66,4597.25,895,550.95
Spotify,Documentary,4.84,4386.39,1169,667.28
Apple Podcasts,Comedy,2.77,4685.79,866,507.16
Apple Podcasts,Documentary,4.82,4519.64,1175,907.09
Apple Podcasts,Documentary,3.89,4280.19,979,808.61
Apple Podcasts,Documentary,4.31,4493.48,1086,869.32
Apple Podcasts,Documentary,4.58,4307.91,1093,770.84
BBC Sounds,Comedy,4.47,4758.17,913,573.27
Apple Podcasts,Comedy,4.7,4865.85,1039,814.05
Apple Podcasts,Documentary,4.46,4429.13,908,863.17
Apple Podcasts,Documentary,4.08,4282.08,834,1009.72
Apple Podcasts,News & Culture,4.8,4506,986,447.87
Apple Podcasts,News & Culture,4.01,4581.45,926,642.98
Apple Podcasts,Comedy,2.66,4755.81,1133,454.2
Apple Podcasts,Comedy,3.84,4779.38,935,552.93
Apple Podcasts,News & Culture,4.19,4525.99,743,452.35
Spotify,Documentary,4.68,4415.97,1138,945.67
BBC Sounds,News & Culture,4.56,4329.96,1019,260.38
Spotify,News & Culture,4.5,4394.56,668,686.54
Apple Podcasts,Comedy,4.8,4799.07,919,645.65
Apple Podcasts,News & Culture,4.28,4332.86,939,454.12
Apple Podcasts,News & Culture,3.66,4151.99,996,262.2
YouTube,News & Culture,4.73,4658.32,1116,368.81
Apple Podcasts,Comedy,4.4,4794.42,1006,461.49
YouTube,News & Culture,4.46,4328.44,875,582.93
YouTube,News & Culture,4.54,4495.45,998,555.5
Apple Podcasts,Documentary,4.27,4424.84,1208,877.33
Apple Podcasts,Documentary,4.66,4315.98,1212,989.73
Apple Podcasts,News & Culture,4.14,4309.52,753,508.78
Apple Podcasts,News & Culture,5,4470.28,755,468.06
Apple Podcasts,Documentary,3.62,4550.1,1160,1044.08
Apple Podcasts,Comedy,4.11,4685.26,589,538.29
Apple Podcasts,Comedy,4.46,4703.3,1012,531.09
Apple Podcasts,Documentary,4.55,4223.98,821,880.89
BBC Sounds,Documentary,3,4211.66,803,882.63
Apple Podcasts,News & Culture,4.5,4482.63,907,417.61
Apple Podcasts,Comedy,4.44,4655.67,1118,396.58
Apple Podcasts,Documentary,4.57,4230.67,870,842.39
Apple Podcasts,Documentary,4.47,4264.69,948,880.19
Apple Podcasts,News & Culture,4.48,4495.57,942,586.51
Spotify,Documentary,4.47,4415,928,881.4
Apple Podcasts,Documentary,4.27,4461.8,1236,817.57
Apple Podcasts,News & Culture,4.41,4653.75,1053,475.13
YouTube,Comedy,4.95,4711.11,1072,541.41
Apple Podcasts,Documentary,3.53,4453.21,979,853.94
Apple Podcasts,Comedy,4.23,4582.97,871,622.26
Apple Podcasts,News & Culture,3.75,4839.8,1021,629.99
Apple Podcasts,News & Culture,5,4593.63,690,484.78
YouTube,Documentary,4.62,4334.9,1393,617.5
YouTube,News & Culture,3.51,4499.77,695,609.21
Apple Podcasts,Documentary,4.62,4355.64,1036,745.05
Apple Podcasts,Comedy,4.4,4645.94,937,522.18
Apple Podcasts,Comedy,2.66,4658.4,1108,246.48
Apple Podcasts,Comedy,4.48,4475.68,823,415.5
Spotify,News & Culture,3.8,4635.62,808,643.65
Apple Podcasts,Documentary,4.51,4117.27,1042,866.1
Apple Podcasts,News & Culture,4.18,4394.27,1071,453.12
Apple Podcasts,News & Culture,4.24,4508.41,954,574.59
Spotify,Comedy,4.58,4646.98,529,541.28
Apple Podcasts,News & Culture,3.85,4354.14,909,367.2
Spotify,News & Culture,4.53,4536.74,941,568.42
Spotify,News & Culture,4.46,4638.52,849,561.54
BBC Sounds,Comedy,4.8,4768.31,1101,449.45
Spotify,News & Culture,4.06,4483.5,973,500.66
Apple Podcasts,Documentary,4.75,4538.79,1112,849.61
Apple Podcasts,Documentary,3.95,4315.27,1068,839.32
YouTube,Documentary,4.66,4323.08,855,638.38
Apple Podcasts,Comedy,4.42,4600.48,1058,495.81
YouTube,Comedy,4.55,4665.24,765,391.78
Apple Podcasts,News & Culture,3.33,4673.45,965,845.41
Apple Podcasts,News & Culture,3.69,4587.42,982,563.6
Apple Podcasts,Comedy,4.03,4932.58,867,814.69
Apple Podcasts,Documentary,4.38,4456.69,1196,1078.7
Apple Podcasts,News & Culture,4.47,4774.75,964,730.33
Apple Podcasts,Comedy,4.27,4821.93,855,512.33
Apple Podcasts,News & Culture,4.56,4616.39,987,341.12
Apple Podcasts,News & Culture,4.85,4490.76,1134,506.96
Apple Podcasts,Documentary,4.43,4417.1,1236,658.95
Apple Podcasts,Documentary,4.8,4261.35,868,880.18
Apple Podcasts,News & Culture,4.24,4556.22,889,752.61
Apple Podcasts,News & Culture,4.64,4738.59,1066,826.18
Spotify,News & Culture,4.2,4421.45,962,282.37
YouTube,News & Culture,4.45,4664.25,978,697.47
Spotify,News & Culture,4.63,4437.46,934,539.82
Apple Podcasts,Documentary,4.47,4210.06,1034,832.84
Spotify,News & Culture,3.97,4410.17,881,550.07
Apple Podcasts,Documentary,4.42,4513.62,1119,765.88
Apple Podcasts,Documentary,4.56,4242.54,1021,690.17
Apple Podcasts,Comedy,3.88,4793.13,1101,464.43
Apple Podcasts,News & Culture,4.53,4763.29,748,443.86
Apple Podcasts,Documentary,3.87,4374.43,997,1064.57
Apple Podcasts,Documentary,4.83,4408.68,1130,955.66
Apple Podcasts,Documentary,4.84,4382.48,1034,988.25
Apple Podcasts,Comedy,4.47,4760.13,817,598.44
Apple Podcasts,News & Culture,4.67,4704.75,1049,407.52
YouTube,Comedy,4.44,4722.98,995,480.64
Spotify,News & Culture,4.38,4769.86,1132,717.04
Apple Podcasts,Comedy,4.54,4837.29,1062,462.52
Apple Podcasts,Comedy,3.57,4564.88,796,413.78
Spotify,Comedy,100,4442.82,0,630.92
Apple Podcasts,News & Culture,1,4547,765,548.84
YouTube,News & Culture,4.36,4271.37,891,344.21
YouTube,News & Culture,4.04,4239.95,884,483
Apple Podcasts,Documentary,4,4197.61,660,899.59
Apple Podcasts,News & Culture,4.66,4608.98,1042,516.15
BBC Sounds,Comedy,4.19,4604.74,893,470.88
Spotify,Comedy,4.68,4643.4,798,618.36
Apple Podcasts,Documentary,4.79,4420.28,829,842.9
Apple Podcasts,Comedy,4,4757.05,1135,643.15
Apple Podcasts,Comedy,4.46,4836.45,1062,738.22
Apple Podcasts,Documentary,4.61,4334.79,997,661.75
Spotify,News & Culture,3.95,4583.26,794,687.86
Apple Podcasts,Comedy,4.17,4884.56,1031,525.71
Apple Podcasts,News & Culture,4.66,4570.22,749,542.83
Apple Podcasts,News & Culture,4.66,4693.84,1132,524.25
Apple Podcasts,Comedy,4.65,4763.33,1041,461.64
Apple Podcasts,Documentary,4.9,4207.14,1074,594.94
Apple Podcasts,News & Culture,3.43,4431.56,864,358.36
Spotify,Documentary,4.76,4237.49,1050,725.17
Apple Podcasts,Comedy,3.88,4764.92,1243,411.04
Apple Podcasts,News & Culture,4.52,4721.73,1195,560.61
Spotify,Comedy,3.59,4508.82,1192,235.55
Apple Podcasts,Documentary,4.25,4293.71,712,868.88
Apple Podcasts,Comedy,4,4782.48,868,572.85
Apple Podcasts,News & Culture,2.85,4396.21,831,561.34
Apple Podcasts,Comedy,3.88,4841.08,840,301.42
Apple Podcasts,News & Culture,5,4419.42,933,584.43
YouTube,News & Culture,4.46,4449.47,808,395.82
Spotify,News & Culture,3.44,4313.49,900,524.25
Apple Podcasts,News & Culture,4.22,4512.94,815,688.62
Apple Podcasts,Documentary,4.48,4375.42,1048,618.02
Spotify,Comedy,4.38,4762.49,1169,310.22
Apple Podcasts,Documentary,3.68,4404.63,1167,826.19
Apple Podcasts,News & Culture,4.39,4655.83,961,570.2
Apple Podcasts,Documentary,3.78,4313.28,1095,358.84
Apple Podcasts,News & Culture,4.46,4393.93,884,684.05
Apple Podcasts,News & Culture,4,4290.79,1073,429.83
Apple Podcasts,Documentary,3.69,4237.86,907,734.37
Apple Podcasts,News & Culture,4.11,4851.33,1177,414.59
Spotify,Comedy,4.9,4760.03,1167,640.33
Apple Podcasts,News & Culture,4.78,4568.96,870,809.93
Apple Podcasts,News & Culture,4.14,4577.83,1009,626.44
Apple Podcasts,Documentary,4.53,4241.19,995,704.08
Apple Podcasts,Comedy,4.5,4561.18,958,387.1
Apple Podcasts,Comedy,4.18,4761.5,934,744.2
Apple Podcasts,News & Culture,4.58,4438.16,884,452.5
Apple Podcasts,Documentary,4.45,4412.25,907,825.94
Apple Podcasts,Documentary,4.13,4352.3,957,792.84
BBC Sounds,Comedy,4.7,4881.65,1012,735.94
Spotify,Documentary,4.78,4581.01,1124,747.91
Apple Podcasts,News & Culture,3.84,4490.5,972,492.58
Apple Podcasts,Documentary,5,4374.18,1066,623.25
YouTube,News & Culture,4,4508.29,785,651.48
Apple Podcasts,Documentary,4.38,4355.19,1168,872.52
Apple Podcasts,Comedy,5,4598.7,884,589.01
Apple Podcasts,Documentary,5,4445.87,904,762.84
Apple Podcasts,Documentary,4.4,4445.78,1155,932.61
Apple Podcasts,Comedy,2.5,4676.08,1078,475.6
Apple Podcasts,Documentary,4.54,4422.25,1167,758.05
Apple Podcasts,Documentary,4.49,4315.84,1274,520.83
Apple Podcasts,Comedy,4.27,4925.42,809,607.83
Apple Podcasts,Documentary,4.11,4339.33,899,926.13
Apple Podcasts,News & Culture,4.38,4509.39,875,500.75
YouTube,Comedy,4.77,4818.34,1172,584.79
YouTube,News & Culture,4.57,4428.9,901,313.37
YouTube,News & Culture,4.4,4646.58,768,539.99
Apple Podcasts,Documentary,4.55,4489.94,1051,816.64
Spotify,Documentary,3.61,4356.47,1110,836.22
Apple Podcasts,Documentary,4.25,4375.83,1078,787.04
Apple Podcasts,Documentary,4.75,4244.69,774,798.51
Apple Podcasts,News & Culture,3.88,4588.17,1248,477.91
Apple Podcasts,Documentary,4.33,4269.9,1280,679.44
Apple Podcasts,News & Culture,4,4543.91,818,600.9
Apple Podcasts,Documentary,4,4407.82,1034,670.92
Apple Podcasts,Documentary,4.29,4305.64,826,814.08
Apple Podcasts,News & Culture,4.33,4582.92,890,686.99
Apple Podcasts,Comedy,4.42,4557.05,842,547.03
Apple Podcasts,News & Culture,4.39,4492.13,910,686.37
Apple Podcasts,News & Culture,4.66,4537.97,813,402.15
Apple Podcasts,News & Culture,3.92,4654.99,864,719.1
Apple Podcasts,Documentary,4,4358.35,1113,990.06
Spotify,News & Culture,4.54,4625.36,1084,593.45
Apple Podcasts,Documentary,3.96,4365.01,1100,946.17
Apple Podcasts,Comedy,4.81,4702.18,514,814.99
Apple Podcasts,News & Culture,4.44,4549.98,758,463.9
Apple Podcasts,Comedy,4.49,4655.52,1052,532.69
Apple Podcasts,Documentary,4.64,4356.55,1155,735.51
BBC Sounds,Documentary,4.23,4395.66,1055,801.02
BBC Sounds,Documentary,4.47,4376.13,1277,461.62
Apple Podcasts,Documentary,4.58,4191.98,700,695.78
Apple Podcasts,News & Culture,4.72,4226.17,644,360.17
Apple Podcasts,Comedy,3.81,4676.71,1043,493.53
YouTube,Comedy,4.61,4885.15,970,671.09
Apple Podcasts,Comedy,4.73,4614.47,1106,480.09
Apple Podcasts,News & Culture,4.24,4417.42,1146,668.12
Spotify,News & Culture,4.3,4617.11,669,667.86
YouTube,Documentary,4.5,4372.13,965,1062.76
Apple Podcasts,Documentary,3.8,4616.09,1162,785.54
Apple Podcasts,News & Culture,4.71,4458.41,746,543.05
Apple Podcasts,Documentary,3.83,4328.47,1014,813.32
Apple Podcasts,Comedy,4.66,4552.7,867,398.95
Apple Podcasts,Documentary,4.75,4377.64,1143,797.14
Apple Podcasts,Documentary,4.83,4419.12,837,871.54
Apple Podcasts,News & Culture,4.64,4460.93,1094,560.12
Apple Podcasts,Documentary,4.13,4255.26,1038,725.65
YouTube,Documentary,4.14,4548.06,1257,909.23
BBC Sounds,News & Culture,4.12,4268.31,706,596.33
Apple Podcasts,Comedy,4.08,4781.31,1233,368.6
Apple Podcasts,Documentary,3.91,4498.28,1252,946.06
Apple Podcasts,Documentary,4.45,4287.12,916,642.05
Apple Podcasts,Documentary,4.27,4231.55,956,668.56
Apple Podcasts,Comedy,4.55,4566.5,831,490.2
Apple Podcasts,News & Culture,3.66,4595.72,796,500.6
Apple Podcasts,Documentary,4.47,4478.28,1199,974.34
Spotify,News & Culture,4.77,4409.67,850,496.37
Apple Podcasts,Documentary,4.8,4410.48,1163,964.37
Apple Podcasts,Comedy,4.26,4666.69,1009,561.03
BBC Sounds,Documentary,3.92,4148.49,1094,730.26
Apple Podcasts,Comedy,4.46,4816.76,1306,428.79
Apple Podcasts,News & Culture,3.75,4246.44,538,507.8
Apple Podcasts,News & Culture,5,4703.61,1354,373.23
Spotify,Documentary,4.42,4562.94,1284,743.58
Apple Podcasts,News & Culture,4.23,4548.94,807,765.12
Apple Podcasts,Documentary,4.14,4037.49,872,655.64
Apple Podcasts,News & Culture,3.73,4579.47,1075,440.44
Apple Podcasts,Documentary,4.53,4458.76,1269,637.34
Apple Podcasts,News & Culture,4.75,4535.72,1018,628.42
BBC Sounds,News & Culture,5,4709.63,1017,620.24
Spotify,News & Culture,4.41,4816.15,1121,710.21
Apple Podcasts,Comedy,4.53,4441.16,795,263.76
YouTube,News & Culture,3.38,4508.18,1046,554.2
YouTube,Documentary,1,4346.77,1177,903.25
Apple Podcasts,News & Culture,4.29,4449.67,829,505.62
Apple Podcasts,News & Culture,4.33,4722.35,1041,563.87
Apple Podcasts,Documentary,4.88,4381.68,1181,633.77
Apple Podcasts,News & Culture,4.65,4541.02,1110,470.62
Spotify,Comedy,3.37,4668.26,932,437.96
Apple Podcasts,Comedy,5,4796.71,935,627.44
Apple Podcasts,News & Culture,5,4495.83,968,562.8
Apple Podcasts,Comedy,4.92,4649.49,926,620.53
Apple Podcasts,Documentary,4.75,4506.46,1216,804.74
Apple Podcasts,News & Culture,4,4716.53,954,440.51
Apple Podcasts,Documentary,4.36,4313.2,1124,611.74
Apple Podcasts,Documentary,4.88,4292.15,972,885.66
Apple Podcasts,News & Culture,3.86,4329.1,872,459.92
Spotify,Documentary,5,4387.6,999,741.01
Apple Podcasts,Comedy,4.75,4732.72,875,434.5
Apple Podcasts,Comedy,4.71,4568.84,1046,441.46
Spotify,Comedy,4.84,4776.09,793,503.87
Spotify,Documentary,4.13,4346.45,1018,879.93
BBC Sounds,Comedy,3.92,4917.96,1020,523.54
Spotify,Documentary,4.76,4393.44,1255,628.1
Apple Podcasts,Documentary,4.4,4435.17,1002,860.39
Spotify,Documentary,4.37,4350.42,782,821.7
YouTube,News & Culture,4.38,4674.11,1037,472.09
BBC Sounds,Documentary,4.6,4470.48,863,955.74
Spotify,Comedy,5,4729.95,901,661.03
Apple Podcasts,News & Culture,4.33,4671.04,1117,595.33
Apple Podcasts,Comedy,4.5,4797.8,1029,673.26
YouTube,News & Culture,4.55,4564.84,637,651.44
Spotify,News & Culture,4.42,4553.26,732,527.21
Apple Podcasts,News & Culture,4,4463.77,808,689.86
Apple Podcasts,Documentary,4.85,4398.94,1142,813.5
Apple Podcasts,News & Culture,4.12,4463.91,871,765.34
Apple Podcasts,News & Culture,4.72,4377.5,1112,241.58
Apple Podcasts,Comedy,2,4679.08,946,621.71
Apple Podcasts,Comedy,4.03,4690.68,858,741.47
Apple Podcasts,Comedy,4.82,4833.62,831,796.22
Apple Podcasts,News & Culture,3.54,4394.94,967,624.98
Apple Podcasts,Comedy,4.12,4563.63,1040,513.05
Spotify,Comedy,4.62,4693.58,877,501.04
Apple Podcasts,Comedy,3.36,4706.1,967,517.73
Apple Podcasts,Comedy,4.67,4815.09,910,719.67
Apple Podcasts,Documentary,4.08,4469.78,1136,815.57
Apple Podcasts,Documentary,4.94,4020.5,554,646.84
Spotify,Comedy,4.52,4631.43,883,460.27
Apple Podcasts,Comedy,4.22,4799.48,1258,600.05
Apple Podcasts,Documentary,4.33,4329.1,1071,623.28
Apple Podcasts,News & Culture,4.8,4605,1030,454.46
Apple Podcasts,Comedy,4.52,4752.17,1197,588.36
Apple Podcasts,Comedy,4.09,4609.02,785,568.62
Apple Podcasts,Comedy,4.67,4294.28,953,488.27
Spotify,Comedy,4.66,4720.39,1021,638.06
Apple Podcasts,Documentary,3.86,4399.02,822,961.84
Apple Podcasts,News & Culture,3.84,4519.55,941,608.42
Apple Podcasts,Documentary,100,4254.14,0,637.32
Apple Podcasts,News & Culture,3.94,4423.18,1020,354
Spotify,Comedy,4.33,4706.57,989,653.82
Spotify,Documentary,4.3,4384.54,1017,752.71
Apple Podcasts,News & Culture,4,4595.57,991,354.41
Apple Podcasts,News & Culture,4.79,4620.06,813,481.94
Apple Podcasts,News & Culture,3.86,4644.13,765,292.81
Apple Podcasts,Comedy,4,4631.51,948,849.44
YouTube,News & Culture,4.23,4457.48,530,606.66
Apple Podcasts,Documentary,4.59,4371.26,720,756.32
YouTube,Documentary,4.8,4414.46,914,762.83
Apple Podcasts,News & Culture,4.18,4344.98,831,535.37
Apple Podcasts,Comedy,4.6,4680.5,743,685.37
Apple Podcasts,News & Culture,4.36,4614.1,1148,702.61
YouTube,Documentary,4,4243.62,998,654.09
Apple Podcasts,News & Culture,3.83,4330.23,869,572.72
Apple Podcasts,News & Culture,4.81,4664.81,1015,548.07
Apple Podcasts,Documentary,5,4383.47,951,769.98
Apple Podcasts,Comedy,4.36,4564.98,693,400.36
Apple Podcasts,Documentary,4.7,4274.51,762,774.13
Apple Podcasts,Comedy,4.15,4789.33,1123,549.62
Spotify,Documentary,4.51,4451.08,1200,825.37
Apple Podcasts,News & Culture,4.92,4644.51,1147,652.1
Apple Podcasts,Comedy,2.79,4928.91,918,842.66
Apple Podcasts,Documentary,4.73,4367.75,947,965.88
Apple Podcasts,Documentary,4.61,4499.89,1205,942.13
Apple Podcasts,News & Culture,3.7,4550.59,789,556.84
Apple Podcasts,Documentary,4.3,4384.9,925,732.56
Spotify,Documentary,4.87,4351.93,1121,720.9
YouTube,Comedy,5,4939.19,1148,349.82
Apple Podcasts,Comedy,4.68,4784.6,1330,492.38
Apple Podcasts,News & Culture,4.59,4423.06,973,441.9
Apple Podcasts,Comedy,4.34,4901.6,1155,768.39
YouTube,Documentary,3.55,4100.61,799,921.75
Apple Podcasts,News & Culture,4.75,4456.72,909,342.88
Apple Podcasts,Documentary,4.2,4280.59,780,829.91
Spotify,Documentary,4.21,4404.13,889,944.24
YouTube,Documentary,4.69,4499.42,973,970.86
Spotify,Documentary,4.76,4223.79,1027,735.98
Apple Podcasts,News & Culture,4.63,4464.59,952,423.73
Apple Podcasts,News & Culture,4.27,4500.6,849,632.63
Apple Podcasts,Documentary,4.17,4564.79,1270,830.82
Apple Podcasts,News & Culture,4.84,4572.48,988,484.44
Apple Podcasts,Documentary,3.82,4476.2,944,937.98
Apple Podcasts,Comedy,3.73,4644.41,987,552.99
Apple Podcasts,Documentary,4.41,4435.75,894,745.26
Apple Podcasts,News & Culture,4.94,4804.19,725,632.86
Apple Podcasts,News & Culture,4.38,4592.56,1043,375.26
Apple Podcasts,Comedy,4,4721.11,715,753.7
Apple Podcasts,Documentary,4.62,4468.28,1116,806.16
Apple Podcasts,News & Culture,4.59,4720.51,1084,685.84
YouTube,Documentary,4.54,4483.64,1127,881.55
Apple Podcasts,Comedy,4.47,4762.57,1120,650.15
YouTube,News & Culture,4.24,4235.65,677,684.79
Apple Podcasts,Comedy,4.73,4657.18,826,440.12
Apple Podcasts,News & Culture,4.09,4452.01,963,269.81
Apple Podcasts,News & Culture,4.5,4842.27,1121,670.68
Spotify,Comedy,4.37,4855.48,1173,655.26
Apple Podcasts,Comedy,4.66,5079.74,1162,717.11
Apple Podcasts,Comedy,4.51,4751.23,852,708.28
Apple Podcasts,Comedy,3.89,4794.43,1117,311.33
YouTube,Comedy,4.8,4822.85,877,747.49
YouTube,Comedy,4.57,4653.51,904,669.16
Spotify,News & Culture,4.77,4485.73,775,679.62
Apple Podcasts,Documentary,4.66,4329.93,1022,762.9
Apple Podcasts,Comedy,4.71,4676.49,1035,345.78
Apple Podcasts,News & Culture,3.73,4572.58,987,537.8
Apple Podcasts,News & Culture,4.7,4563.46,1180,346.85
Apple Podcasts,Comedy,4.66,4549.95,1008,238.22
Apple Podcasts,Comedy,3.53,4795.24,1044,514.09
YouTube,News & Culture,5,4340.56,702,777.54
Spotify,News & Culture,2.7,4767.45,1039,690.08
Apple Podcasts,News & Culture,4.71,4489.71,811,651.06
Spotify,Documentary,3.9,4373.08,870,735.09
Apple Podcasts,Documentary,4.25,4172.94,795,564.21
Apple Podcasts,Documentary,4.78,4402.69,1135,714.55
YouTube,Documentary,4.46,4508.09,1084,984.21
Apple Podcasts,News & Culture,4.16,5042.34,1016,739.33
Apple Podcasts,Documentary,4.45,4417.88,794,1064.44
Spotify,Documentary,4.73,4280.67,924,876.37
Apple Podcasts,News & Culture,4.69,4248.06,665,422.09
YouTube,Comedy,4.72,4754.92,961,548.96
Apple Podcasts,Documentary,4.11,4412.17,1337,603.86
Apple Podcasts,News & Culture,4.35,4270.96,796,481.44
Apple Podcasts,News & Culture,4.65,4576.68,1089,543.3
YouTube,News & Culture,4.21,4713.67,1090,394.97
Apple Podcasts,Comedy,4.17,4678.13,697,499.44
Apple Podcasts,News & Culture,3.83,4703.79,1123,646.45
YouTube,News & Culture,4.2,4419.43,959,742.89
Apple Podcasts,Comedy,5,4689.52,935,446.86
Spotify,News & Culture,4.88,4454.05,697,700.75
YouTube,News & Culture,3.89,4323.43,944,383.64
Apple Podcasts,Comedy,4,4580.1,833,388.11
Apple Podcasts,Documentary,4.37,4372.47,1033,864.3
Apple Podcasts,Documentary,1.81,4522.12,962,915.01
YouTube,Documentary,4.91,4356.02,936,1054.76
Apple Podcasts,News & Culture,4.9,4364.75,798,544.5
Spotify,News & Culture,3.66,4465.61,867,311.41
Spotify,Comedy,4.4,4721.62,782,613.41
Apple Podcasts,News & Culture,4.37,4421.35,614,410.87
Apple Podcasts,Comedy,3.75,4612.76,1041,462.06
Apple Podcasts,News & Culture,4.63,4578.33,1014,746.49
Spotify,Documentary,4.1,4388.14,1152,793.18
Apple Podcasts,Documentary,4,4382.44,682,925.82
Apple Podcasts,Comedy,5,4736.59,1096,231.81
Apple Podcasts,News & Culture,4.44,4335.34,1071,340.08
Apple Podcasts,Comedy,4.87,4639.94,886,618.6
Apple Podcasts,Documentary,4.58,4367.29,946,887.11
Apple Podcasts,News & Culture,3.72,4387.35,748,398.06
Apple Podcasts,News & Culture,4.52,4290.08,1122,527.66
YouTube,Documentary,4.8,4270.2,1135,836.71
YouTube,Comedy,3.43,4663.18,943,634.23
Apple Podcasts,Comedy,4.71,4513.94,803,234.34
Apple Podcasts,Comedy,4,4645.01,815,834.09
Spotify,News & Culture,4.52,4468.47,928,376.05
Apple Podcasts,News & Culture,4.34,4423.36,885,534.16
Apple Podcasts,News & Culture,4.18,4780.8,1149,524.3
Apple Podcasts,Documentary,4.27,4535.09,1233,878.01
BBC Sounds,News & Culture,4.47,4433.25,1207,355.93
Apple Podcasts,Comedy,4.63,4832.87,857,708.82
Apple Podcasts,News & Culture,4.49,4324.76,1029,575.04
Spotify,Comedy,4.56,4934.26,1276,671.4
Apple Podcasts,Comedy,4,4734.68,987,497.01
Apple Podcasts,News & Culture,4.58,4214.68,738,531.78
Spotify,Comedy,4.56,4746.39,1020,698.17
Apple Podcasts,Documentary,4,4213.55,778,788.15
YouTube,News & Culture,4.66,4437.03,834,347.78
Spotify,Comedy,3.5,4744,986,601.54
Apple Podcasts,News & Culture,4.04,4376.06,913,438.18
Apple Podcasts,Documentary,4.4,4344.59,834,1019.6
Apple Podcasts,News & Culture,4.68,4583.04,1066,523.2
Apple Podcasts,Comedy,4.3,4586.66,926,321.83
Apple Podcasts,Documentary,4.55,4256.26,711,1030.75
Apple Podcasts,News & Culture,4.57,4495.63,1116,447.76
Apple Podcasts,Comedy,4,4790.25,917,436.46
Apple Podcasts,Comedy,3.61,4904.82,1040,532.42
Apple Podcasts,Documentary,5,4298.75,988,869.1
Apple Podcasts,Comedy,4.13,4541.54,879,551.23
Apple Podcasts,Documentary,4.09,4446.79,935,955.16
Apple Podcasts,Documentary,4.2,4271.75,955,832.49
Apple Podcasts,News & Culture,4.54,4449.13,806,377.03
Apple Podcasts,News & Culture,4.41,4459.21,1034,521.26
Apple Podcasts,Comedy,4.36,4665.39,1150,643.23
Apple Podcasts,News & Culture,4.25,4602.08,1259,472.25
Apple Podcasts,Comedy,4.15,4899.35,944,634.4
Apple Podcasts,Documentary,4.7,4325.75,971,820.34
Apple Podcasts,Comedy,4.57,4956.37,1138,655.3
Apple Podcasts,News & Culture,4.07,4708.99,1021,599.55
Apple Podcasts,Documentary,4.85,4313.74,891,939.16
Apple Podcasts,Documentary,4.5,4393.33,1224,776.54
Apple Podcasts,News & Culture,4.16,4345.48,907,400.77
Apple Podcasts,Comedy,4.05,4618.42,776,503.57
YouTube,Documentary,5,4454.58,871,950.93
Apple Podcasts,Comedy,4.53,4719.58,1138,479.56
Apple Podcasts,Documentary,4.31,4623.21,1252,994.53
Apple Podcasts,Documentary,5,4534.63,1007,1062.89
Apple Podcasts,News & Culture,4.6,4406.27,669,717.9
Apple Podcasts,Documentary,3.98,4391.92,855,951.77
YouTube,News & Culture,4.79,4314,624,313.39
Apple Podcasts,Documentary,4.6,4307.59,711,827.03
Apple Podcasts,Documentary,4.02,4539.83,1064,861.93
Apple Podcasts,Comedy,4.66,4634.17,1071,583.02
Apple Podcasts,News & Culture,5,4463.96,1029,497.27
Apple Podcasts,Comedy,4.27,4682.03,975,724.18
Apple Podcasts,Documentary,4,4476.28,1108,871.39
Apple Podcasts,Documentary,4.2,4343.88,1195,878.93
Apple Podcasts,Comedy,3.53,4700.16,765,640.33
Apple Podcasts,News & Culture,4,4385.08,953,256.53
Apple Podcasts,Comedy,4.83,4764.64,838,440.14
Spotify,News & Culture,4.78,4629.61,1211,318.98
Apple Podcasts,Comedy,4.72,4550.05,769,424.52
YouTube,News & Culture,4.53,4312.46,423,529.35
Apple Podcasts,Documentary,4.33,4315.76,911,931
Apple Podcasts,Documentary,4.5,4448,936,694.77
Apple Podcasts,Documentary,3.91,4334.45,714,1108.42
Apple Podcasts,Documentary,4.31,4214.31,879,734.89
Apple Podcasts,Documentary,3.83,4414.89,962,782.94
Spotify,Comedy,3.83,4894.91,902,623.92
Apple Podcasts,Documentary,4.5,4544.6,1058,835.57
Apple Podcasts,Documentary,4.72,4397.22,871,900.92
Apple Podcasts,News & Culture,4.12,4616.08,858,725.32
YouTube,Comedy,4.63,4795.64,1306,671.38
Apple Podcasts,News & Culture,4.61,4238.45,742,501.16
Spotify,News & Culture,4,4471.81,1020,575.93
Apple Podcasts,News & Culture,4.87,4254.47,749,564.74
Apple Podcasts,Comedy,4.75,4475.8,880,396.08
Apple Podcasts,News & Culture,4.8,4365.46,700,289.41
Apple Podcasts,Comedy,4.55,4823.64,909,713.77
Apple Podcasts,Documentary,4.25,4458.04,1269,821.68
BBC Sounds,Documentary,4.55,4382.02,903,857.22
Apple Podcasts,Documentary,4.53,4326.33,956,742.6
Apple Podcasts,Comedy,1,4571.53,768,472.56
Apple Podcasts,Documentary,4.24,4496.78,1127,944.08
Apple Podcasts,Documentary,3.33,4250.62,963,647.3
Apple Podcasts,News & Culture,3.91,4414.67,905,527.49
Apple Podcasts,Documentary,4.8,4485.9,1137,607.86
Apple Podcasts,News & Culture,4.58,4624.82,1114,506.19
Apple Podcasts,Documentary,4.75,4380.89,1073,818.11
Apple Podcasts,News & Culture,4,4551.38,1156,607.93
Apple Podcasts,News & Culture,4.59,4451.64,829,695.1
Apple Podcasts,News & Culture,4.44,4489.35,1036,375.98
Spotify,News & Culture,4.26,4588.31,1215,512.97
Spotify,Comedy,4.55,4676.74,1040,656.23
Spotify,News & Culture,5,4495.03,1086,618.33
Apple Podcasts,Comedy,4,4654.15,759,675.15
Apple Podcasts,Documentary,4.53,4305.71,794,789.57
Spotify,Documentary,4.54,4429.92,1041,996.11
BBC Sounds,News & Culture,4.45,4648.03,833,517.71
Apple Podcasts,Documentary,4.25,4323.6,949,756.53
Apple Podcasts,Documentary,4.02,4286.21,1029,787.83
Spotify,Comedy,5,4617.73,1063,414.52
Apple Podcasts,Comedy,4.9,4833.74,1151,483.56
YouTube,News & Culture,4.66,4465.53,662,483.65
Apple Podcasts,Documentary,4.59,4129.3,907,584.36
Apple Podcasts,News & Culture,3.97,4762.57,1171,490.64
Apple Podcasts,News & Culture,4.5,4490.84,903,401.1
Apple Podcasts,Documentary,4.44,4254.13,983,891.53
Apple Podcasts,Documentary,4.12,4444,973,909.98
Apple Podcasts,Documentary,4.29,4366.03,585,910.8
YouTube,News & Culture,5,4556.63,878,417
Apple Podcasts,Documentary,4.11,4323.99,900,916.97
YouTube,Documentary,4.81,4373.45,948,922.58
Apple Podcasts,Documentary,4.16,4218.19,873,762.43
Spotify,Comedy,4.75,4814.29,977,555.72
Apple Podcasts,Documentary,4.8,4456.84,1039,754.88
BBC Sounds,Documentary,4.03,4204.52,999,857.81
YouTube,Comedy,4.59,4590.89,765,515.85
Spotify,News & Culture,5,4622.73,910,553.68
Apple Podcasts,Comedy,4.52,4851.09,1068,605.97
Apple Podcasts,Documentary,4.66,4338.68,1157,741.41
Apple Podcasts,News & Culture,4.61,4610.82,974,675
Apple Podcasts,News & Culture,3.84,4439.36,1002,449.97
Apple Podcasts,News & Culture,4.51,4431.78,984,400.38
Apple Podcasts,Documentary,5,4510.87,1107,774.81
Apple Podcasts,Documentary,5,4434.98,929,988.14
YouTube,Comedy,4.2,4851.81,1069,662.86
Apple Podcasts,Comedy,3.96,4805.99,768,691.7
Apple Podcasts,Documentary,4,4383.15,918,930.19
Apple Podcasts,Documentary,4.63,4367.71,722,627.03
Apple Podcasts,Comedy,4.76,4816.69,1007,753.03
Apple Podcasts,News & Culture,5,4510.61,729,594.23
Apple Podcasts,Documentary,5,4429.92,1050,980.88
YouTube,News & Culture,4.31,4394.47,993,509.03
YouTube,Documentary,4.73,4221.58,982,474.22
Apple Podcasts,Documentary,4.49,4320.35,1012,588.88
Apple Podcasts,News & Culture,3.63,4629.19,1033,397.2
Apple Podcasts,Documentary,4.84,4212.41,893,781.16
YouTube,News & Culture,4.66,4523.93,973,647.54
Spotify,Comedy,4.5,4887.85,1225,542.9
Apple Podcasts,Comedy,4.8,4551.16,1141,437.45
Apple Podcasts,News & Culture,4.35,4554.57,1410,486.77
Apple Podcasts,Documentary,3.33,4655.21,1190,948.37
Apple Podcasts,Comedy,4.52,4741.16,854,474.72
Apple Podcasts,Comedy,4.5,4762.67,986,720.24
Apple Podcasts,Comedy,4.66,4972.71,1011,596.08
Apple Podcasts,Documentary,3.74,4414.07,934,755.21
Apple Podcasts,Documentary,4.4,4389.33,889,973.95
Apple Podcasts,News & Culture,4.53,4526.44,1444,373.51
Apple Podcasts,Comedy,4.45,4502.06,889,150.25
Spotify,News & Culture,4.53,4574.66,881,652.3
Apple Podcasts,News & Culture,4.72,4496.7,869,573.14
Apple Podcasts,Documentary,4.44,4253.71,1139,801.13
Apple Podcasts,Comedy,3.75,4592.39,712,851.37
Apple Podcasts,Documentary,4.75,4244.8,760,864.32
Apple Podcasts,Comedy,4.22,4736.21,930,731.22
Apple Podcasts,Documentary,4.15,4440.88,1266,792.29
YouTube,Comedy,4,4626.33,1049,400.14
Apple Podcasts,Comedy,4.42,4794.25,941,598.81
YouTube,News & Culture,4.73,4619.61,1105,550.34
Spotify,Documentary,4.87,4394.71,625,885.4
Apple Podcasts,Comedy,4.41,4769.89,1098,524.36
Apple Podcasts,News & Culture,4.43,4428.14,849,485.05
Apple Podcasts,Documentary,3.37,4219.76,928,565.56
Apple Podcasts,Documentary,4.43,4509.01,1274,1025.26
Apple Podcasts,News & Culture,4.5,4510.74,670,426.52
Apple Podcasts,Comedy,4.85,4403.63,681,534.45
Apple Podcasts,Comedy,4.31,4656.41,933,611.72
YouTube,Comedy,4.39,4693.51,949,482.13
Apple Podcasts,Documentary,3.64,4299.2,920,769.58
Spotify,Documentary,4.58,4445.68,1094,697.27
Apple Podcasts,News & Culture,4.77,4435.71,1097,342.46
Apple Podcasts,News & Culture,3.4,4548.19,1220,601.76
Apple Podcasts,News & Culture,3.88,4814.18,1027,463.82
Apple Podcasts,Documentary,4.71,4204.36,980,693.34
Spotify,News & Culture,3.76,4611.25,1182,498.94
Apple Podcasts,Documentary,3.57,4255.97,1068,606.33
Apple Podcasts,News & Culture,3.77,4546,865,369.42
Spotify,News & Culture,4.34,4540.11,952,721.26
Apple Podcasts,News & Culture,4.42,4489.51,1133,631.2
Apple Podcasts,Comedy,4.85,4795.85,1156,593.88
Apple Podcasts,News & Culture,3.48,4416.05,1052,672.96
YouTube,News & Culture,4.56,4181.45,980,337.93
Apple Podcasts,Documentary,4.25,4352.15,1091,873.27
BBC Sounds,News & Culture,4.1,4627.24,951,315.87
Apple Podcasts,News & Culture,4.14,4301.89,817,330.81
BBC Sounds,Comedy,4.24,4567.65,807,561.08
Apple Podcasts,Comedy,4.63,4761.72,794,825.48
Apple Podcasts,News & Culture,100,4593.85,0,517.54
Apple Podcasts,News & Culture,4.76,4486.6,648,598.82
Apple Podcasts,Comedy,3.66,4792.93,1096,471.56
Apple Podcasts,Comedy,4.7,4720.17,899,323.45
Apple Podcasts,Comedy,4.25,4751.15,1034,533.37
Spotify,Comedy,4.39,4675.68,915,602.43
Apple Podcasts,News & Culture,3.85,4399.17,880,438.81
Apple Podcasts,Comedy,3.9,4537.05,1030,483.61
Apple Podcasts,Comedy,4.51,4711.52,908,484.93
YouTube,Documentary,4.31,4417.52,968,995.97
Spotify,Comedy,4.66,4891.75,1190,532.18
Apple Podcasts,Comedy,4.44,4668.84,816,386.64
Spotify,News & Culture,4.28,4545.1,1038,488.03
Apple Podcasts,Comedy,4.77,4702.99,830,786.52
Apple Podcasts,Documentary,4.75,4274.25,948,847.15
Apple Podcasts,News & Culture,4.7,4627.17,749,599.06
Spotify,Documentary,4.25,4396.46,877,696.47
Apple Podcasts,Documentary,4.69,4186.48,888,613.26
Apple Podcasts,Documentary,4.72,4366.41,934,877.53
Apple Podcasts,Comedy,4,4755.79,859,650.07
Apple Podcasts,News & Culture,4.04,4824.6,908,679.02
Apple Podcasts,Comedy,4.18,4820.76,1136,518.81
Apple Podcasts,Comedy,4.44,4924.38,974,636.42
Apple Podcasts,News & Culture,2.8,4726.36,1155,517.56
Apple Podcasts,News & Culture,4.57,4480.56,1052,416.21
Apple Podcasts,Comedy,4.87,4631.28,771,579.26
Apple Podcasts,Documentary,4.71,4359.17,793,1118.19
Spotify,News & Culture,4.21,4398.37,874,575.92
YouTube,Comedy,4.8,4633.66,1045,507.44
Spotify,News & Culture,4.46,4435.05,851,476.18
Apple Podcasts,Comedy,4.19,4840.74,1060,566.32
BBC Sounds,Documentary,4.56,4349.84,901,659.97
Apple Podcasts,News & Culture,4.3,4376.43,968,546.67
Apple Podcasts,Comedy,4.55,4585.17,889,580.55
Apple Podcasts,News & Culture,4.2,4706.35,975,582.13
Apple Podcasts,Documentary,4.83,4326.21,906,796.59
Apple Podcasts,Documentary,4.49,4126.76,978,661.12
YouTube,Documentary,4.44,4256.45,1090,727.21
Apple Podcasts,Comedy,3.75,4713.8,908,605.17
YouTube,News & Culture,4.43,4451.2,856,443.64
Apple Podcasts,News & Culture,4,4712.93,1144,662.52
Apple Podcasts,News & Culture,3.66,4518.91,809,377.46
Apple Podcasts,Documentary,3.86,4359.85,1139,638.03
Apple Podcasts,Documentary,4.58,4352.02,1028,1068.38
Spotify,Comedy,4.42,4774.53,1083,655.08
Apple Podcasts,Comedy,4.4,4743.61,979,667.76
Apple Podcasts,Documentary,4.45,4230.67,999,633.72
Apple Podcasts,Comedy,5,4643.22,1289,487.13
Apple Podcasts,Documentary,3.97,4403.39,1368,729.27
Apple Podcasts,Comedy,4.18,4798.82,843,730.86
Apple Podcasts,Comedy,4.19,4923.02,892,802.21
Spotify,News & Culture,4.55,4145.6,855,323.27
YouTube,Documentary,4.65,4415.85,1295,715.62
Apple Podcasts,Comedy,4.61,4830.08,1021,634.59
Apple Podcasts,Comedy,4.5,4604.14,1002,426.67
Spotify,Comedy,4.53,4382.65,895,401.27
Apple Podcasts,Comedy,4.17,4827.69,1233,763.45
YouTube,Documentary,4.59,4380.52,1474,569.13
Apple Podcasts,News & Culture,4.34,4275.48,492,352.94
Apple Podcasts,News & Culture,4.65,4521.9,1036,601.66
Spotify,Documentary,4.34,4277.36,849,799.39
Spotify,Documentary,5,4320.03,1155,650.23
Spotify,Documentary,4.84,4490.68,1050,804.1
YouTube,Comedy,4.71,4800.43,1189,698.94
Apple Podcasts,Documentary,4,4360.28,729,1005.09
Apple Podcasts,Comedy,4.71,4750.34,1070,669.18
Apple Podcasts,Documentary,4,4385.93,1086,1043.05
Apple Podcasts,Comedy,4.37,4598.08,763,759.87
BBC Sounds,Documentary,4.62,4409.67,1120,1001.28
Apple Podcasts,Documentary,3.75,4545.27,999,671.28
Spotify,Documentary,4.46,4400.79,1092,868.27
Apple Podcasts,Documentary,2.77,4278.16,1204,733.69
Apple Podcasts,Comedy,4.3,4743.98,850,750.24
Apple Podcasts,Comedy,5,4601.05,968,577.81
Apple Podcasts,News & Culture,4.11,4491.22,724,346.31
Apple Podcasts,Comedy,4.25,4564.21,583,665.22
Spotify,Documentary,4.31,4394.12,1002,718.47
Apple Podcasts,News & Culture,4.82,4630.22,772,520.1
Apple Podcasts,Comedy,5,4651.03,1108,596.3
Spotify,News & Culture,4.5,4531.6,1096,502.62
Apple Podcasts,News & Culture,4.65,4280.9,669,479.68
Spotify,Comedy,4.33,4778.99,903,613.3
Apple Podcasts,Documentary,2.5,4327.3,988,771.94
Spotify,Documentary,4,4374.36,918,789.81
Apple Podcasts,Comedy,3.83,4683.16,873,598.81
Apple Podcasts,News & Culture,3.82,4401.35,850,311.61
Spotify,News & Culture,4.8,4816.54,869,642.2
Apple Podcasts,Documentary,4.61,4509.94,987,1084.26
Apple Podcasts,Comedy,5,4876.45,937,804.87
Apple Podcasts,Documentary,5,4370.06,1213,769.9
Apple Podcasts,News & Culture,4.55,4690.22,988,437.27
Spotify,News & Culture,4.41,4447.3,1150,330.84
YouTube,Documentary,3.68,4407.5,915,877.41
Apple Podcasts,Comedy,3.79,4694.4,1120,408.3
Apple Podcasts,Comedy,4,4620,1168,315.25
Apple Podcasts,Documentary,4.26,4354.28,1042,789.97
Apple Podcasts,Documentary,4.82,4362.93,794,811.83
Apple Podcasts,Documentary,4.5,4375.64,1206,655.52
Apple Podcasts,Documentary,4.54,4297.7,1105,836.63
Apple Podcasts,Documentary,4.87,4564.7,1005,865.08
Apple Podcasts,Documentary,3.73,4366.19,813,940.48
Apple Podcasts,Documentary,5,4423.73,1031,668.61
Apple Podcasts,News & Culture,4.45,4547.94,746,462.31
Spotify,Comedy,4.26,4555.64,766,601
Apple Podcasts,Comedy,4.45,4791.5,894,697.92
Apple Podcasts,Comedy,4.67,4705.81,1039,576.81
Apple Podcasts,Documentary,4.47,4311.25,1056,756.79
Spotify,Comedy,4.23,4790.17,1123,569.3
Apple Podcasts,News & Culture,4.9,4444.35,882,525.58
Apple Podcasts,Comedy,4.62,4682.26,1042,384.13
Apple Podcasts,Documentary,4.13,4356.19,1238,731.75
Apple Podcasts,News & Culture,4.28,4232.26,858,506.8
Apple Podcasts,Documentary,4.44,4359.91,1095,848.66
Apple Podcasts,Comedy,3.63,4666.31,916,598.56
Apple Podcasts,Documentary,4.46,4368.19,849,773.96
YouTube,Documentary,4.82,4295.14,1026,726.98
Apple Podcasts,Documentary,4.01,4388.69,970,854.57
Apple Podcasts,Comedy,4.2,4783.63,940,538.22
Apple Podcasts,Documentary,4.67,4311.38,1067,798.41
YouTube,Documentary,4.01,4466.21,840,643.09
YouTube,Documentary,4.24,4311.18,1017,628.75
Apple Podcasts,Documentary,3.91,4115.52,1073,689.92
Spotify,News & Culture,5,4565.32,922,354.92
Apple Podcasts,News & Culture,100,4523.68,0,602.03
Apple Podcasts,News & Culture,4.03,4731.31,1177,721.7
Apple Podcasts,Comedy,3.58,4659.7,809,576.11
Apple Podcasts,Documentary,4.5,4260.92,1198,621.63
Apple Podcasts,News & Culture,4,4385.51,945,340.17
Apple Podcasts,Documentary,4.26,4439.94,1137,1059.01
Apple Podcasts,Documentary,5,4238.72,938,527.96
Apple Podcasts,Comedy,4.73,4659.45,979,550.48
Spotify,Documentary,4.67,4293.49,837,883.56
YouTube,News & Culture,4.79,4465.58,980,583.12
Apple Podcasts,Comedy,5,4628.59,861,609.49
Apple Podcasts,Comedy,3.77,4778.23,1139,411.62
BBC Sounds,News & Culture,3.85,4460.11,611,571.99
Apple Podcasts,News & Culture,4.18,4609.03,878,592.32
Apple Podcasts,News & Culture,4.43,4743.51,1079,657.5
Apple Podcasts,Documentary,4.22,4400.09,989,997.78
Apple Podcasts,News & Culture,4.61,4690.04,657,677.9
BBC Sounds,Comedy,5,4600.8,1158,479.79
Apple Podcasts,News & Culture,4.36,4872.13,1056,701.83
Spotify,Documentary,5,4334.29,1080,787.82
Spotify,Documentary,4.65,4193.64,735,730.44
Apple Podcasts,Documentary,4.44,4242.23,969,662.2
Apple Podcasts,Comedy,4.06,4773.08,813,658.6
Apple Podcasts,Documentary,3.85,4494.88,1123,860.95
Apple Podcasts,Documentary,100,4296.75,0,896.92
Apple Podcasts,Comedy,4.62,4708.8,780,585.57
Apple Podcasts,News & Culture,3.94,4531.07,996,757.62
Apple Podcasts,Comedy,4.3,4477.81,953,214.83
Apple Podcasts,Comedy,4.56,4777.15,1092,421.2
Apple Podcasts,News & Culture,4.7,4555.8,886,665
Apple Podcasts,Comedy,4.51,4407.42,1025,636.17
Apple Podcasts,Comedy,4.62,4746,836,482.07
YouTube,News & Culture,4.58,4316.75,862,552.09
Apple Podcasts,News & Culture,4.54,4531.68,1050,453.73
Apple Podcasts,Comedy,4,4754.98,1142,566.54
Apple Podcasts,Documentary,3.71,4451.12,1135,875.42
Apple Podcasts,Comedy,4.68,4639.16,1168,320.76
Apple Podcasts,Documentary,4.14,4458.35,930,768.89
YouTube,Documentary,4.72,4348.44,777,798.75
Apple Podcasts,Comedy,4.38,4803.38,1143,666.43
YouTube,Documentary,3.39,4363.17,1049,969.29
Apple Podcasts,Documentary,4.71,4448.84,1005,806.76
Apple Podcasts,Documentary,4.66,4285.88,859,648.59
Spotify,Comedy,4.59,4689.29,958,619.3
Apple Podcasts,News & Culture,4.43,4755.97,840,558.03
Apple Podcasts,Comedy,4.6,5041.33,1308,657.85
Apple Podcasts,Documentary,4.23,4317,895,649.17
Apple Podcasts,Comedy,4.44,4636.61,786,471.29
Apple Podcasts,Documentary,4.66,4488.39,892,723.77
Apple Podcasts,News & Culture,4.14,4721.73,1124,541.26
Apple Podcasts,News & Culture,4.6,4628.46,1036,503.62
Apple Podcasts,Documentary,3.88,4379.23,949,981.96
Apple Podcasts,Documentary,0,4290.31,0,987.25
Apple Podcasts,Comedy,4.21,4663.87,907,621.66
Apple Podcasts,Documentary,4.38,4473.62,846,976.02
Apple Podcasts,News & Culture,4.52,4568.09,870,506.05
YouTube,Comedy,4.9,4844.39,819,697.88
Apple Podcasts,Comedy,4.37,4694.96,918,475.22
Apple Podcasts,Documentary,4.58,4467.34,1130,997.84
Apple Podcasts,Documentary,4.57,4426.31,1064,817.54
Apple Podcasts,Documentary,4.37,4329.89,945,641.69
Spotify,Comedy,4.31,4683.52,925,576.68
Apple Podcasts,Comedy,4.9,4572.77,654,710.73
Spotify,Comedy,4.58,4657.59,883,417.71
Apple Podcasts,Documentary,4.18,4256.71,1190,677.82
Apple Podcasts,Documentary,4.89,4346.61,1068,911.11
Apple Podcasts,News & Culture,4.74,4462.69,938,537.68
Apple Podcasts,News & Culture,4.79,4466.1,979,374.46
Apple Podcasts,Comedy,4.59,4985.61,1133,592.26
Apple Podcasts,Comedy,3.5,4617.46,517,628.36
Apple Podcasts,Comedy,5,4668.3,978,513.74
Apple Podcasts,News & Culture,4.55,4560.17,972,414.54
Apple Podcasts,News & Culture,4.67,4256.62,786,292.8
Spotify,Documentary,4.68,4459.16,1029,759.92
Apple Podcasts,Documentary,4.45,4292.68,756,877.5
Apple Podcasts,Documentary,4.24,4411.88,1133,651.32
Apple Podcasts,Comedy,4.07,4716.67,1434,461.43
Apple Podcasts,News & Culture,4.45,4573.76,728,809.92
Apple Podcasts,Documentary,4.4,4598.21,1160,874.02
Apple Podcasts,Comedy,4.76,4823.68,1059,593.27
BBC Sounds,Comedy,4.11,4806.67,1104,480.3
Apple Podcasts,Comedy,5,4558.65,864,355.81
YouTube,Comedy,4.88,4608.78,973,417.19
YouTube,News & Culture,4.08,4422.18,672,554.53
Spotify,Documentary,4.63,4446.97,1153,847.79
Apple Podcasts,Comedy,4.61,4802.12,1103,481
Apple Podcasts,News & Culture,4.47,4439.22,880,616.53
Apple Podcasts,Comedy,4.23,4832.58,877,664.13
Apple Podcasts,News & Culture,3.76,4571.18,898,473.5
BBC Sounds,Documentary,4.11,4414.81,817,894.31
Apple Podcasts,News & Culture,4.76,4124.88,662,360.82
Apple Podcasts,News & Culture,4.66,4534.07,848,483.29
Apple Podcasts,Documentary,4.54,4111.8,819,888.43
Apple Podcasts,Documentary,3.75,4265.93,1072,786.04
Apple Podcasts,Documentary,4.86,4446.69,981,754.14
Apple Podcasts,News & Culture,4.41,4475.81,890,511.93
Apple Podcasts,Comedy,4.63,4729.52,943,661.94
Apple Podcasts,Comedy,4.4,4700.33,1080,370.6
YouTube,Comedy,4.58,4519.11,985,298.97
Apple Podcasts,Comedy,4.55,4787.98,949,495.15
Apple Podcasts,Documentary,4.2,4324.12,830,980.77
Apple Podcasts,Comedy,4.48,4751.26,1297,476.43
Apple Podcasts,News & Culture,4.44,4202.01,929,145.49
Spotify,News & Culture,3.63,4638.62,1008,618.94
Apple Podcasts,Comedy,4.29,4681.3,1027,510.43
Apple Podcasts,Documentary,4.54,4299.77,844,970.83
Apple Podcasts,Comedy,3.5,4531.26,825,421.89
Apple Podcasts,Comedy,4.85,4707.57,921,453.1
Apple Podcasts,News & Culture,4.21,4630.46,918,638.78
Apple Podcasts,Comedy,4.75,4592.45,684,843.96
Apple Podcasts,Documentary,3.37,4332.28,999,942.8
YouTube,Comedy,4.34,4763.9,1031,384.83
Apple Podcasts,News & Culture,4.5,4347.15,680,479.18
Apple Podcasts,Comedy,3.92,4847.31,1068,815.74
Apple Podcasts,Comedy,4.18,4800.66,810,622.18
Apple Podcasts,News & Culture,4.66,4623.25,1354,-2
Apple Podcasts,Documentary,3.26,4210.44,838,1144.06
Apple Podcasts,News & Culture,4.2,4435.56,914,587.95
Apple Podcasts,News & Culture,4.34,4649.1,1061,671.15
Apple Podcasts,Comedy,3.45,4546.66,819,181.98
YouTube,Documentary,4,4367.81,979,823.57
Apple Podcasts,Documentary,4.57,4226.53,811,937.91
Apple Podcasts,Comedy,4.5,4671.4,956,482.24
Apple Podcasts,Comedy,4.53,4556.07,616,588.31
YouTube,Documentary,4.05,4340.95,1153,884.92
Apple Podcasts,Comedy,4.19,4639.31,953,425.61
Apple Podcasts,News & Culture,4.04,4632.25,1096,529.64
Apple Podcasts,News & Culture,4.51,4331.29,799,659.29
Apple Podcasts,Documentary,3.12,4301,891,841.73
Apple Podcasts,News & Culture,4.02,4571.4,1229,331.92
YouTube,News & Culture,4.37,4262.1,926,461.34
Apple Podcasts,Documentary,4.63,4238.8,891,754.93
Apple Podcasts,Comedy,4.31,4483.93,624,573.46
Apple Podcasts,Comedy,4.43,4715.69,901,630.82
Apple Podcasts,Comedy,4.08,4687.43,1330,504.5
Spotify,Comedy,4.33,4715.42,1001,558.14
Apple Podcasts,News & Culture,3.85,4562.13,957,501.62
YouTube,Comedy,4.27,4740.91,995,553.55
Apple Podcasts,Comedy,4.39,4574.46,1129,417.06
Apple Podcasts,News & Culture,4.62,4508.13,935,529.59
Spotify,Documentary,4.51,4443.3,864,912.79
YouTube,Documentary,4.4,4217.8,879,674.81
Apple Podcasts,News & Culture,4.43,4245.32,826,537.77
Apple Podcasts,Documentary,4,4434.45,1031,892.63
Apple Podcasts,Comedy,3.12,4579.36,897,300.05
Spotify,News & Culture,4.48,4753.92,1302,208.65
Apple Podcasts,Comedy,4.85,4832.25,1240,440.31
Apple Podcasts,Documentary,4,4339.38,1002,842.37
Apple Podcasts,News & Culture,4.46,4658.95,902,668.03
Apple Podcasts,Documentary,4.17,4296.87,914,810.26
Apple Podcasts,News & Culture,4.34,4282.82,765,312.29
Apple Podcasts,Comedy,4.61,4623.99,872,424.89
Apple Podcasts,News & Culture,4.5,4723.05,1000,585.77
Apple Podcasts,Documentary,4.7,4456.85,997,776.19
Apple Podcasts,News & Culture,4.59,4523.98,709,347.21
YouTube,Documentary,4.41,4339.51,911,926.68
Apple Podcasts,Documentary,4.06,4439.94,981,1059.78
YouTube,News & Culture,4.5,4629.5,1212,709.87
BBC Sounds,News & Culture,4.58,4375.54,896,465.4
Apple Podcasts,Documentary,3.98,4263.53,756,860.19
Apple Podcasts,News & Culture,4.09,4627.41,908,557.4
Apple Podcasts,News & Culture,3.42,4493.16,898,704.79
BBC Sounds,News & Culture,4.16,4272.74,762,301.42
Apple Podcasts,Comedy,4.6,4765.81,907,607.56
Spotify,Comedy,3.33,4856.48,1192,592.68
Apple Podcasts,Comedy,4.28,4642.22,1121,509.19
Spotify,Documentary,3.73,4470.89,1162,767.79
Apple Podcasts,News & Culture,4.85,4504.78,1037,389.93
YouTube,News & Culture,4.22,4580.27,907,581.43
Apple Podcasts,Comedy,1,4727.44,710,584.85
Apple Podcasts,Comedy,4.55,4572.17,814,644.4
Spotify,Documentary,4.12,4281.49,970,957.74
YouTube,Comedy,4.59,4572.9,817,388.49
Apple Podcasts,Documentary,4.5,4260.25,984,775.01
Apple Podcasts,Documentary,4.7,4433.69,1239,684.62
Apple Podcasts,News & Culture,4.72,4474.42,856,426.16
Apple Podcasts,Comedy,3.62,4819.41,1043,585.11
Apple Podcasts,News & Culture,4.41,4495.37,971,622.68
Spotify,News & Culture,4.84,4653.27,1002,499.45
Apple Podcasts,Comedy,4.29,4642.28,1005,599.25
Spotify,News & Culture,4.08,4359.45,1048,519.37
Apple Podcasts,Comedy,4.71,4731.59,758,600
Apple Podcasts,Comedy,3.22,4633.02,971,352.84
Apple Podcasts,News & Culture,4.33,4765.25,1096,453.1
Apple Podcasts,Comedy,3.93,4766.46,705,618.82
Apple Podcasts,News & Culture,4.75,4444.27,646,706.81
Apple Podcasts,Documentary,3.37,4292.28,759,965.62
Apple Podcasts,Documentary,4.58,4450.55,1068,866.77
Apple Podcasts,Documentary,4.63,4246.95,659,760.87
Apple Podcasts,Documentary,4.44,4385.94,1135,790.59
Apple Podcasts,Comedy,4.86,4584.68,952,364.24
Apple Podcasts,Comedy,4.78,4591.65,1037,369.43
Apple Podcasts,News & Culture,4.69,4574.44,1125,368.22
Spotify,Documentary,0,4413.9,0,885.26
Apple Podcasts,Comedy,3.55,4782.53,782,771.91
Apple Podcasts,News & Culture,4.36,4492.62,787,793.82
Apple Podcasts,Documentary,4.45,4425.84,1179,859.57
Apple Podcasts,News & Culture,3.94,4381.69,853,572.03
YouTube,Comedy,4.03,4907.39,1251,463.25
Apple Podcasts,News & Culture,4,4493.97,977,683.97
Apple Podcasts,News & Culture,5,4543.25,775,576.19
Spotify,News & Culture,4.31,4639.96,990,577.44
Spotify,Documentary,4.88,4248.22,1156,688
Apple Podcasts,Comedy,4.6,4718.02,1000,520.6
Apple Podcasts,News & Culture,4.41,4687.74,1039,452.33
Apple Podcasts,Documentary,3,4266.93,901,770.09
Apple Podcasts,News & Culture,4.55,4599.75,867,407.71
Apple Podcasts,Comedy,4.23,4802.22,888,481.68
YouTube,Documentary,4.2,4273.2,908,733.02
Apple Podcasts,Documentary,4.39,4291.55,747,845.32
Apple Podcasts,Documentary,4.61,4406.31,923,797.27
Apple Podcasts,News & Culture,4.24,4539.38,702,735.69
Apple Podcasts,Documentary,4.2,4158.08,732,873.77
Apple Podcasts,Comedy,4.5,4480.26,1015,433.45
Apple Podcasts,Documentary,4.73,4171.28,821,854.59
Apple Podcasts,News & Culture,4.62,4201.03,683,214.99
Apple Podcasts,Documentary,4.48,4299.56,981,836.66
Apple Podcasts,News & Culture,4.39,4602.63,854,548.02
YouTube,Documentary,4.5,4344.6,1081,930.83
Spotify,News & Culture,3.88,4524.99,773,458.59
Spotify,News & Culture,5,4560,974,232.72
Apple Podcasts,News & Culture,4.25,4307.6,1147,480.05
Apple Podcasts,Documentary,4.62,4504.61,969,814.09
Apple Podcasts,News & Culture,1,4159.93,793,437.64
Apple Podcasts,Comedy,4.54,4622.47,970,597.22
Spotify,News & Culture,3.66,4458.65,1034,398.7
Apple Podcasts,Documentary,3.87,4253.35,1118,883.43
Apple Podcasts,Comedy,5,4766.6,1190,580.26
YouTube,News & Culture,3.78,4595.4,1093,469.12
Apple Podcasts,Documentary,4.8,4490.96,1027,974.27
Apple Podcasts,News & Culture,4.5,4550.18,1029,542.42
YouTube,Documentary,4.6,4347.54,806,810.51
Spotify,Documentary,3.66,4190.08,844,762.11
YouTube,News & Culture,4.5,4738.19,1176,565.19
Apple Podcasts,Comedy,4.9,4608.64,873,676.47
Apple Podcasts,Comedy,4.26,4595.58,1031,526.12
Apple Podcasts,News & Culture,3.95,4625.44,1006,601.12
Apple Podcasts,News & Culture,4.25,4344.62,918,629.76
Spotify,News & Culture,4.7,4584.43,677,613.21
YouTube,News & Culture,3.68,4528.7,1218,479.14
Apple Podcasts,News & Culture,4.75,4447.6,715,535.97
Spotify,Documentary,4.23,4276.67,923,806.77
Apple Podcasts,Comedy,4.57,4518.44,1035,467.67
Apple Podcasts,Comedy,4.83,4863.87,1313,579.12
Apple Podcasts,News & Culture,4.46,4557.39,1030,317.61
Apple Podcasts,News & Culture,4.46,4101.43,669,460.12
Apple Podcasts,Comedy,4.04,4647.69,1128,636.04
Apple Podcasts,Documentary,4.25,4198.12,987,622.35
Apple Podcasts,Comedy,4.45,4727.56,993,564.51
Apple Podcasts,News & Culture,3.88,4746.2,1009,560.34
Apple Podcasts,Documentary,4,4377.94,987,652.28
Apple Podcasts,Comedy,4.53,4680.41,834,556.66
Apple Podcasts,News & Culture,4.2,4325.85,710,359.34
Apple Podcasts,Documentary,3.81,4453.45,946,927.73
YouTube,Comedy,4.43,4740.91,1096,768.21
Apple Podcasts,Comedy,4.79,4501.79,610,522.7
Apple Podcasts,Documentary,4.12,4393.15,943,943.72
Apple Podcasts,Documentary,4.37,4430.78,986,825.66
Apple Podcasts,News & Culture,4.2,4484.59,792,399.53
Spotify,News & Culture,4.69,4662.25,896,581.57
Apple Podcasts,Comedy,4.33,5011.82,1181,842.2
Apple Podcasts,Documentary,3.53,4344.18,838,822.39
Apple Podcasts,Documentary,4.53,4659.15,1210,1070.56
Apple Podcasts,News & Culture,3.2,4327.07,926,393.38
Apple Podcasts,Documentary,3.84,4401.92,795,654.39
Apple Podcasts,Comedy,5,4523.1,1018,350.06
Apple Podcasts,Comedy,5,4803.89,1025,641.68
Apple Podcasts,Documentary,4.59,4459.2,855,1054.7
Apple Podcasts,Comedy,4.31,4578.39,892,454.05
Apple Podcasts,News & Culture,4.16,4359.51,886,499.91
Apple Podcasts,Documentary,4.51,4219.92,1016,725.36
Spotify,Documentary,4.86,4386.96,780,933.29
Apple Podcasts,Documentary,4.53,4193.14,587,855.23
Apple Podcasts,News & Culture,4.5,4498.18,845,360.82
Spotify,Documentary,4.5,4165.1,1006,808.22
Spotify,Comedy,4.79,4684.22,871,561.97
Apple Podcasts,Documentary,4.28,4234.8,1198,834.37
Apple Podcasts,Comedy,4.7,4682.44,756,320.89
Spotify,Documentary,3.81,4360.19,990,925.26
Spotify,Comedy,4.18,4792.74,1076,511.54
YouTube,Comedy,3.76,4892.77,1079,532.9
Apple Podcasts,Comedy,4.72,4640.77,1132,555.06
Spotify,Comedy,5,4678.71,1019,608.25
Spotify,Comedy,4.09,4636.43,775,678.05
Spotify,Comedy,4.17,4789.81,949,459
Apple Podcasts,Comedy,3.78,4875.35,964,727.24
Apple Podcasts,Documentary,4.33,4456.52,924,716.46
Apple Podcasts,Comedy,4.47,4662.51,940,692.65
Spotify,Comedy,4.41,4620.75,758,533.34
Spotify,Documentary,4.13,4264.97,755,792.58
Spotify,News & Culture,4.69,4644.34,953,556.28
Apple Podcasts,Comedy,3.66,4566.71,850,490.97
Apple Podcasts,News & Culture,3.94,4467.1,926,487.46
Apple Podcasts,Comedy,4.42,4579.66,834,574.57
BBC Sounds,News & Culture,4.85,4379.69,642,604.03
Apple Podcasts,Documentary,4.47,4359.67,716,1108.58
Apple Podcasts,Documentary,4.29,4469.13,1096,751.53
Spotify,Comedy,3.67,4806.78,932,700.62
Apple Podcasts,News & Culture,4.8,4301.58,702,369.9
Apple Podcasts,Documentary,4.37,4274.83,961,801.48
Apple Podcasts,Comedy,3.87,4495.4,564,418.31
YouTube,Comedy,4.5,4548.84,1004,471.03
Apple Podcasts,Comedy,4.71,5085.77,1024,550.55
YouTube,Documentary,4.48,4399.91,1131,559.31
Apple Podcasts,Documentary,4.57,4357.26,1062,848.79
Apple Podcasts,News & Culture,4.63,4639.9,908,604.97
Apple Podcasts,News & Culture,4.11,4714.81,877,630.62
Apple Podcasts,Documentary,4.28,4288.52,907,806
Apple Podcasts,Comedy,4,4448.1,765,315.37
Apple Podcasts,News & Culture,3.6,4471.72,892,517.09
Apple Podcasts,Documentary,4.17,4255.55,1106,825.39
Apple Podcasts,Comedy,4.62,4544.11,884,498.53
Apple Podcasts,News & Culture,4.14,4364.47,823,521.01
YouTube,Documentary,3.74,4246.92,895,679.87
Apple Podcasts,Comedy,4.62,4970.68,1350,775.83
Spotify,News & Culture,4.55,4391.29,996,449.35
Apple Podcasts,News & Culture,4.61,4421.28,626,511.8
Apple Podcasts,Documentary,4.85,4279.85,1079,1095.87
Apple Podcasts,Documentary,3.9,4174.15,903,869.81
Apple Podcasts,Documentary,4.41,4344.01,1191,731.56
Apple Podcasts,News & Culture,4.25,4716.82,1009,419.01
Apple Podcasts,Comedy,5,4768.44,937,528.99
Apple Podcasts,News & Culture,4.05,4305.71,599,431.24
Apple Podcasts,Comedy,4.3,4590.61,756,567.37
Spotify,News & Culture,4.63,4275.83,1243,441.84
Apple Podcasts,Documentary,4.5,4464.88,1295,786.2
Apple Podcasts,Comedy,3.58,4669.45,845,571.85
Spotify,Documentary,4.58,4435.79,1077,653.34
Apple Podcasts,Documentary,4.54,4391.6,1007,588.44
Apple Podcasts,Documentary,4.47,4338.65,734,811.45
Apple Podcasts,News & Culture,4.07,4426.04,1064,221.23
Apple Podcasts,Comedy,4.75,4841.79,1083,581.87
YouTube,News & Culture,4.5,4468.51,705,419.73
Spotify,News & Culture,4.75,4471.17,886,394.5
Apple Podcasts,Comedy,4.68,4824.76,1002,614.57
Apple Podcasts,News & Culture,4.8,4560.37,809,639.85
Spotify,Documentary,4.52,4311.34,956,623.28
Apple Podcasts,Documentary,4.62,4310.29,957,720.68
Apple Podcasts,Comedy,3.74,4724.73,1060,594.46
Spotify,Documentary,4.14,4504.26,1345,840.65
BBC Sounds,Comedy,4.5,4592.78,935,301.67
Spotify,Comedy,4.57,4843.17,1255,672.93
Apple Podcasts,News & Culture,4.22,4588.66,875,540.2
Apple Podcasts,Documentary,4.7,4136.51,734,945.33
Apple Podcasts,News & Culture,4.65,4493.57,912,517.28
Spotify,Documentary,4.63,4457.47,1104,780.01
Spotify,Comedy,4.55,4909.18,895,773.25
Apple Podcasts,Documentary,4.16,4431.34,908,870.08
Apple Podcasts,Documentary,4.66,4455.76,954,817.81
Apple Podcasts,Documentary,4.38,4316.66,969,1027.81
BBC Sounds,Documentary,4.76,4150.69,1100,721.24
Apple Podcasts,Comedy,4.86,4728.39,909,819.81
Apple Podcasts,Comedy,4.81,4817.56,867,814.63
Apple Podcasts,Documentary,4.8,4441.24,1046,1148.28
Apple Podcasts,News & Culture,3.82,4354.38,852,586.07
Apple Podcasts,Comedy,4,4936.78,1237,570.42
YouTube,News & Culture,3.9,4636.84,985,411.21
Apple Podcasts,News & Culture,4.27,4570.74,1132,373.09
Apple Podcasts,Documentary,4.49,4273.58,931,829
Apple Podcasts,Comedy,4.74,4709.46,976,591.96
Apple Podcasts,News & Culture,3.84,4420.8,959,546.02
Apple Podcasts,Comedy,4.85,4603.27,951,536.52
Apple Podcasts,Comedy,5,4673.4,1099,698.46
Apple Podcasts,Documentary,4.58,4443.02,1028,802.99
Apple Podcasts,Documentary,3.96,4275.26,970,579.78
Apple Podcasts,Comedy,4.5,4612.67,1080,449.12
Spotify,Documentary,4.19,4348.79,1004,913.9
Apple Podcasts,News & Culture,4.3,4216.72,883,445.38
Apple Podcasts,Documentary,4.42,4371.43,839,749.21
Apple Podcasts,Comedy,4.44,4805.31,1076,527.11
Apple Podcasts,Comedy,4.61,4608.83,705,696.04
Apple Podcasts,Comedy,3.98,4821.38,947,659.09
Apple Podcasts,Documentary,5,4457.78,1175,682.56
Apple Podcasts,Documentary,4.7,4489.64,953,1145.82
YouTube,Comedy,4.71,4784.79,697,782.74
Apple Podcasts,Comedy,4.5,4561.89,964,474.68
Apple Podcasts,News & Culture,4.87,4178.92,838,475.33
Apple Podcasts,News & Culture,4.6,5065.2,1192,679.85
Spotify,Comedy,3.5,4704.72,886,712.19
YouTube,Documentary,4.41,4361.41,953,801.99
Spotify,News & Culture,4.48,4502.41,931,390.48
Spotify,Comedy,4,4653.11,1046,587.79
Apple Podcasts,Comedy,4.18,4822.72,964,418.98
Apple Podcasts,News & Culture,3.66,4207.24,774,328.43
Spotify,Documentary,4.44,4385.88,828,547.63
Spotify,News & Culture,4.34,4326.16,776,291.53
Apple Podcasts,Comedy,4.51,4968.8,1134,772.35
Apple Podcasts,News & Culture,4.49,4648.06,1233,657.92
Spotify,Documentary,4.17,4335.01,1360,686.82
Apple Podcasts,Comedy,5,4719.39,988,616.52
Apple Podcasts,Comedy,4,4526.57,921,539.83
Apple Podcasts,News & Culture,5,4535.03,803,527.43
Spotify,Documentary,4.87,4355.52,1315,491.34
Apple Podcasts,News & Culture,4.28,4755.33,1036,442.63
Apple Podcasts,Comedy,4.78,4721.74,1046,498.91
YouTube,Comedy,4.3,4693.48,1038,543.89
Apple Podcasts,Documentary,4.56,4491.38,1159,1098.27
Apple Podcasts,Documentary,5,4474.01,1034,790.93
Apple Podcasts,Documentary,5,4352.64,791,905.95
BBC Sounds,Comedy,4.3,4714.27,989,576.49
Spotify,News & Culture,4.85,4546.94,836,647.02
Apple Podcasts,Documentary,4.6,4372.53,837,900.87
Apple Podcasts,Documentary,4.87,4478.8,1197,928.05
Apple Podcasts,News & Culture,4.75,4594.53,854,621.09
Apple Podcasts,News & Culture,4.5,4407.44,799,490.53
Apple Podcasts,Documentary,100,4504.93,0,978.68
Apple Podcasts,Documentary,4.81,4340.56,1018,777.55
Apple Podcasts,Comedy,3.64,4734.63,1049,717.31
Apple Podcasts,News & Culture,4.59,4662.86,1378,383.78
YouTube,Comedy,4.64,4806.28,1230,618.15
Spotify,News & Culture,4.75,4501.28,1002,353.15
BBC Sounds,Documentary,4.4,4539.88,1215,1027.99
Apple Podcasts,News & Culture,4.64,4376.37,757,491.17
Apple Podcasts,Comedy,4.51,4591.14,821,702.17
YouTube,Comedy,4.64,4605.14,787,701.42
BBC Sounds,Comedy,5,4604.09,905,647.41
Apple Podcasts,Comedy,4.53,4706.31,1000,663.92
Apple Podcasts,News & Culture,4,4345.64,944,464.71
Apple Podcasts,Documentary,4.16,4324.91,970,691.89
Apple Podcasts,Comedy,4.85,4781.04,1095,468.48
Apple Podcasts,News & Culture,4.75,4347.5,668,571.83
Apple Podcasts,Documentary,4.62,4432.17,1052,1023.42
Apple Podcasts,Documentary,4.2,4444.41,1057,896.33
Apple Podcasts,Documentary,3.88,4284.56,852,929.73
Apple Podcasts,Comedy,4.39,4529.97,799,452.2
Apple Podcasts,Documentary,3.95,4527.13,1101,940.07
Apple Podcasts,Comedy,4.75,4831.02,905,363.67
Spotify,Documentary,4.25,4353.25,971,702.6
Apple Podcasts,News & Culture,4.57,4544.29,1082,407.23
BBC Sounds,Documentary,4.36,4280.63,1292,744.82
Apple Podcasts,Documentary,4.37,4299.15,1122,961.17
Apple Podcasts,News & Culture,4.48,4613.9,847,559.3
Apple Podcasts,Comedy,4.37,4767.74,1007,866.88
Spotify,Comedy,3.93,4713.36,1015,655.04
Spotify,Comedy,4.66,4616.71,1029,454.56
Apple Podcasts,Comedy,4.8,4788.01,1219,538.48
Apple Podcasts,Documentary,4.82,4287.53,1346,708.34
Apple Podcasts,News & Culture,3.92,4752.94,1169,493.27
Apple Podcasts,News & Culture,4.44,4399.31,1072,625.68
Apple Podcasts,News & Culture,4.8,4299.31,744,325.74
Apple Podcasts,News & Culture,4,4604.07,1126,355.09
Apple Podcasts,Comedy,4.8,4502.8,787,589.21
Apple Podcasts,Comedy,4.39,4989.85,1095,714.63
Apple Podcasts,Documentary,4.31,4237.41,1159,824.56
Apple Podcasts,Documentary,4.58,4581.73,1241,758.03
Spotify,Documentary,4.52,4281.78,967,827.95
Apple Podcasts,News & Culture,4.42,4575,733,522.84
Apple Podcasts,Documentary,3.88,4270.84,932,759.73
Apple Podcasts,News & Culture,4.04,4572.48,1011,334.3
Apple Podcasts,News & Culture,4.56,4470.3,974,604.26
Spotify,Comedy,3.37,4935.88,1325,420.68
YouTube,News & Culture,4.26,4639.76,1092,424.42
Apple Podcasts,Documentary,5,4373.37,1264,833.75
Apple Podcasts,Comedy,3.86,4825.72,938,475.55
Spotify,Comedy,4.76,4774.72,889,671.13
Apple Podcasts,Documentary,4.73,4276.06,973,696.5
Apple Podcasts,Comedy,4.27,4619.87,1187,440.27
Apple Podcasts,Documentary,3.36,4383.34,1040,799.74
Apple Podcasts,Documentary,4.11,4360.34,897,534.76
Apple Podcasts,Documentary,5,4275.12,1024,658.6
Spotify,Comedy,3.94,4574.19,922,686.97
Spotify,Comedy,4.56,4978.32,1326,546.69
Apple Podcasts,News & Culture,4.33,4370.34,930,306.22
Spotify,Comedy,4.5,4671.05,728,503.53
Apple Podcasts,News & Culture,4.84,4551.32,875,477.51
Apple Podcasts,News & Culture,4.75,4448.31,855,431.86
Apple Podcasts,Comedy,3.2,4936.35,1111,627.09
Spotify,News & Culture,4.61,4594.54,1124,290.63
Apple Podcasts,Comedy,4.38,4800.23,870,564.09
Spotify,News & Culture,4.84,4594.35,1006,543.77
Apple Podcasts,Documentary,4.73,4108.89,861,610.66
Apple Podcasts,Comedy,4.35,4784.13,958,592.72
Apple Podcasts,Comedy,4.4,4658.44,821,706.81
Apple Podcasts,News & Culture,4.41,4670.01,1089,653.39
Spotify,Documentary,3.95,4236.34,901,838.18
Apple Podcasts,News & Culture,4.61,4242.4,606,657.38
Apple Podcasts,Comedy,4.59,4942.33,1146,539.93
Apple Podcasts,Comedy,3.42,4945.73,1208,705.68
Apple Podcasts,News & Culture,2.85,4192.4,840,392.87
Spotify,News & Culture,4.91,4555.87,788,510.85
Apple Podcasts,Documentary,4,4434.68,842,981.49
Apple Podcasts,News & Culture,4.67,4252.01,822,298.11
Apple Podcasts,News & Culture,4.5,4495.94,939,254.2
Apple Podcasts,Documentary,4.09,4322.52,1208,755.84
Apple Podcasts,Documentary,4.67,4268.54,797,850
Apple Podcasts,News & Culture,4.5,4569.59,1021,475.21
Apple Podcasts,Documentary,3.21,4279.8,1096,468.78
YouTube,News & Culture,4.8,4452.06,674,513.85
Apple Podcasts,News & Culture,4.14,4507.76,828,513.68
Spotify,Comedy,4.04,4695.43,568,577
Apple Podcasts,Documentary,4.44,4446.68,1168,757.56
Spotify,Comedy,4.71,4489.79,724,600.11
Apple Podcasts,Documentary,4.56,4345.92,927,847.68
Apple Podcasts,Comedy,4.26,4623.85,683,629.55
YouTube,Documentary,5,4222.9,916,890.37
Apple Podcasts,Comedy,4.63,4505.82,768,549.36
Apple Podcasts,Comedy,4.2,4781.43,1157,709.83
Apple Podcasts,Comedy,4.47,4829.27,1131,705.15
Apple Podcasts,News & Culture,3.76,4627.4,976,575.73
Apple Podcasts,Documentary,4.27,4324.75,1015,723.82
Apple Podcasts,News & Culture,4.45,4299.67,887,460.23
Apple Podcasts,Comedy,4.39,4533.4,1043,379.9
Spotify,Documentary,4,4468.12,1231,748.56
Apple Podcasts,News & Culture,4.73,4488.73,829,435.36
Apple Podcasts,Comedy,4.73,4707.97,629,518.09
Apple Podcasts,News & Culture,4.75,4487.66,783,566.27
Apple Podcasts,Comedy,4.59,4630.66,783,667
Apple Podcasts,Documentary,4.25,4208.81,1139,764.28
Apple Podcasts,Documentary,4.47,4472.35,963,853.94
Apple Podcasts,Documentary,3.66,4132.23,635,726.37
Apple Podcasts,Comedy,4.64,4566.47,876,477.16
Apple Podcasts,Comedy,4.63,4687.35,940,490.28
Apple Podcasts,Documentary,4.58,4372.86,1172,656.53
Apple Podcasts,Comedy,4.25,4776.72,867,829.03
Apple Podcasts,Comedy,4.6,4756.02,1059,491.03
Apple Podcasts,Documentary,5,4322.08,974,753.88
Apple Podcasts,News & Culture,4.08,4474.37,933,347.97
Spotify,Comedy,4.56,4718.2,945,684.54
Apple Podcasts,Comedy,4.14,4839.63,923,814.7
Apple Podcasts,Comedy,4.32,4608.18,732,446.37
YouTube,News & Culture,4.4,4542.29,757,741.03
Apple Podcasts,Documentary,4.76,4354.27,852,869
Apple Podcasts,News & Culture,4.68,4715.61,893,701.56
Apple Podcasts,News & Culture,3.48,4414.66,674,457.95
Apple Podcasts,Documentary,4.25,4148.3,908,598.24
Spotify,Documentary,4.5,4382.06,1010,1030.25
Apple Podcasts,Comedy,4.56,4772,1183,531.5
Apple Podcasts,Documentary,5,4222.69,736,632.27
BBC Sounds,Documentary,4.15,4428.09,932,855.3
Spotify,News & Culture,4.21,4424.14,670,706.61
Apple Podcasts,Comedy,4,4822.4,1148,563.34
Spotify,Documentary,4.42,4347.62,940,889.05
Spotify,Documentary,4.35,4390.71,834,1008.36
Apple Podcasts,News & Culture,4.2,4598.73,905,343.75
Apple Podcasts,News & Culture,4.37,4358.86,810,593.62
Apple Podcasts,Documentary,5,4307.72,1023,679.76
YouTube,News & Culture,4.6,4542.59,896,591.32
Spotify,News & Culture,4,4366.21,968,275.39
Apple Podcasts,News & Culture,4.73,4528.93,924,442.54
Apple Podcasts,Comedy,4.31,4936.4,1341,447.88
Apple Podcasts,Comedy,4.17,4774.34,833,603.02
Apple Podcasts,Documentary,4.77,4450.19,1126,774.85
Spotify,News & Culture,4.02,4700.96,1148,500.75
Apple Podcasts,Comedy,4.8,4780.12,1307,339.7
Spotify,Comedy,4.53,4681.99,889,496.12
Apple Podcasts,News & Culture,4,4449.62,1129,278.76
Apple Podcasts,News & Culture,4.77,4505.08,893,545.03
Apple Podcasts,Comedy,3.81,4650.2,830,577.26
Apple Podcasts,News & Culture,3.72,4731.93,907,539.04
Apple Podcasts,News & Culture,4.78,4585.69,1018,409.39
Apple Podcasts,Comedy,4.35,4734.07,982,483.38
Apple Podcasts,Documentary,4.47,4242.02,944,781.61
Apple Podcasts,Documentary,4.5,4560.33,1155,935.62
Spotify,Comedy,4.69,4704.78,1041,609.7
Apple Podcasts,Comedy,3.75,4675.09,1038,299.79
Apple Podcasts,Documentary,4.12,4307.65,778,823.66
Apple Podcasts,Comedy,4.91,4704.1,643,727.57
Apple Podcasts,Comedy,4.25,4776.37,931,510.19
Apple Podcasts,News & Culture,4.33,4489.46,856,599.02
BBC Sounds,Documentary,4.74,4209.43,897,880.02
Apple Podcasts,News & Culture,4.12,4456.73,774,774.53
Apple Podcasts,Comedy,4.52,4688.69,836,455.37
Apple Podcasts,Documentary,4.8,4153.51,1064,604.81
Apple Podcasts,Documentary,4.71,4340.42,814,837.83
Apple Podcasts,News & Culture,4.18,4631.88,997,456.08
Apple Podcasts,News & Culture,4,4522.74,1081,542.21
Apple Podcasts,News & Culture,4.95,4427.69,637,656.46
Apple Podcasts,Comedy,5,4792.46,1132,598.02
YouTube,News & Culture,4.37,4415.36,827,680.73
Apple Podcasts,Documentary,4.69,4401.92,1039,849.58
YouTube,News & Culture,4.33,4440.88,1014,667.47
Apple Podcasts,Comedy,4.45,4822.76,758,668.24
Apple Podcasts,Comedy,4.1,4599.5,683,341.09
Apple Podcasts,Documentary,4.61,4550.21,1146,1015.03
Apple Podcasts,News & Culture,4.37,4551.54,1054,493.76
YouTube,Comedy,3.4,4726.63,1171,685.69
Apple Podcasts,Comedy,4.33,4828.99,937,692.41
Apple Podcasts,News & Culture,3.7,4559.54,1003,461
Apple Podcasts,Documentary,4.33,4522.08,1061,811.92
Apple Podcasts,News & Culture,4.7,4382.53,1091,359.55
YouTube,Comedy,5,4898.62,1060,729.69
Apple Podcasts,Documentary,4.72,4371.65,1239,634.63
Apple Podcasts,News & Culture,4.42,4413.95,800,593.05
Apple Podcasts,Comedy,4.32,4567.16,739,644.61
Apple Podcasts,Comedy,4.54,4735.49,1045,443.18
YouTube,Documentary,4.21,4550.39,1055,996.94
Apple Podcasts,Documentary,3.4,4389.14,1080,787.13
Apple Podcasts,Comedy,3.96,4716.26,954,610.73
YouTube,Comedy,4.52,4781.73,1040,610.4
Spotify,Comedy,3.93,4792.47,912,750.4
Apple Podcasts,News & Culture,4.66,4739.8,831,687.5
Spotify,Comedy,4.38,4899.23,1087,693.39
BBC Sounds,Comedy,4.82,4683.53,1002,710.1
YouTube,Documentary,3.6,4393.13,757,1014.04
Apple Podcasts,Comedy,5,4793.72,885,712.53
Apple Podcasts,Documentary,3.58,4255.28,1091,710.07
Apple Podcasts,Comedy,4.62,4895,935,660.62
Spotify,News & Culture,4.14,4201.56,738,462.1
Apple Podcasts,News & Culture,4.31,4692.87,1050,638.78
Spotify,Comedy,4.66,4863.63,1005,602.58
YouTube,News & Culture,4.84,4334.01,911,318.76
YouTube,Comedy,4.66,4603.02,846,380.81
Apple Podcasts,Documentary,4.15,4321.09,951,688.54
Apple Podcasts,Documentary,4.14,4338.84,870,750.37
YouTube,News & Culture,4.17,4191.25,987,379.2
Apple Podcasts,News & Culture,4.12,4447.19,810,381.09
Apple Podcasts,News & Culture,4.3,4355.03,788,406.59
Spotify,News & Culture,3.4,4510.15,1004,532.02
Spotify,Comedy,4.52,4528.88,913,687.37
Apple Podcasts,News & Culture,4.68,4564.98,931,247.43
Apple Podcasts,Documentary,4.25,4378.56,1180,784.78
Apple Podcasts,Documentary,4.72,4317.76,852,929.87
Apple Podcasts,Documentary,4.63,4356.5,1072,708.01
Spotify,News & Culture,4.44,4308.06,886,274.63
Apple Podcasts,Documentary,4.73,4569.05,1365,580
Spotify,Documentary,4.55,4372.29,966,986
Apple Podcasts,Documentary,3.91,4409.14,986,823.35
Spotify,Documentary,4.62,4266.37,984,625.13
Apple Podcasts,Comedy,4.2,4646.9,1223,621.76
Apple Podcasts,News & Culture,3.82,4497.61,829,547.07
Spotify,News & Culture,3.53,4552.34,1032,437.96
Apple Podcasts,News & Culture,3.5,4393.74,742,362.01
Apple Podcasts,News & Culture,4.32,4441.5,1018,465.55
Apple Podcasts,Comedy,3.6,4932.76,958,636.64
Spotify,Comedy,4.64,4860.61,893,468.54
Apple Podcasts,Comedy,5,4794.62,896,590.28
Apple Podcasts,News & Culture,4.66,4252.6,824,264.31
Apple Podcasts,Comedy,5,4717.54,859,511.54
Spotify,News & Culture,3.97,4345.97,729,630.41
Apple Podcasts,Comedy,4.5,4594.39,1186,522.79
Spotify,Documentary,4.84,4359.46,1095,897.94
Apple Podcasts,News & Culture,5,4662.95,726,460.03
BBC Sounds,Documentary,4.37,4469.88,1049,674.68
Apple Podcasts,Documentary,4.58,4166.93,832,897.64
Apple Podcasts,News & Culture,4.5,4497.04,1069,354.93
Spotify,Comedy,4.43,4803.64,980,596.88
Spotify,Comedy,4,4785.81,1104,622.79
Apple Podcasts,News & Culture,4.5,4469.18,849,375.84
Apple Podcasts,Documentary,4.21,4317.47,1058,693.37
Apple Podcasts,News & Culture,4.06,4504.43,860,388.85
Apple Podcasts,Documentary,4.75,4213.75,805,768.53
Apple Podcasts,Documentary,4.49,4415.42,866,930.79
Spotify,Comedy,4.37,4815.27,911,488.21
Apple Podcasts,Comedy,4.15,4834.47,1054,751
Apple Podcasts,Comedy,4.27,4545.3,987,560.52
Apple Podcasts,Comedy,4.1,4679.43,1049,464.39
Apple Podcasts,Comedy,4.16,4625.73,780,625.11
Apple Podcasts,News & Culture,3.87,4377.44,987,516.37
YouTube,Comedy,4.65,4752.33,812,483.61
Apple Podcasts,News & Culture,100,4501.25,0,520.42
Apple Podcasts,Comedy,4,4870.16,983,598.92
Apple Podcasts,Comedy,4.9,4840.53,1096,687.3
Apple Podcasts,News & Culture,4.59,4538.3,554,560.1
Apple Podcasts,Comedy,4.46,4733.13,831,479.34
Apple Podcasts,Documentary,4.49,4393.05,1046,657.74
Apple Podcasts,Documentary,5,4412.54,1049,950.77
Apple Podcasts,Documentary,4,4420.65,1167,871
Apple Podcasts,Documentary,4.5,4439.96,1170,964.95
Apple Podcasts,News & Culture,4.05,4500.84,952,690.68
Apple Podcasts,News & Culture,4.13,4553.87,961,661.54
Apple Podcasts,Documentary,4.36,4382.14,1094,809.59
Spotify,Comedy,4.34,4637.17,1041,698.07
Apple Podcasts,News & Culture,4.5,4523.95,713,627.99
Apple Podcasts,Comedy,3.96,4802.96,726,476.04
Apple Podcasts,News & Culture,4.76,4448.51,830,403.98
Apple Podcasts,Comedy,3.4,4657.08,836,589.27
BBC Sounds,News & Culture,3.5,4575.52,831,568.08
Apple Podcasts,News & Culture,4.2,4576.14,1055,420
Apple Podcasts,Comedy,3.66,4794.13,1068,567.06
Spotify,News & Culture,5,4283.14,1063,198
YouTube,News & Culture,4.19,4532.29,986,591.25
Apple Podcasts,News & Culture,4.46,4773.04,1150,534.59
Apple Podcasts,Documentary,3.4,4316.22,963,710.79
Apple Podcasts,Documentary,3.56,4299.56,1237,683.1
Apple Podcasts,Comedy,4.23,4837.68,1179,468.57
Apple Podcasts,News & Culture,5,4676.74,971,293.07
Apple Podcasts,News & Culture,4.54,4395.94,454,781.57
Apple Podcasts,Comedy,4.59,4725.77,994,534.31
Apple Podcasts,News & Culture,4.8,4848.05,1205,425.3
Apple Podcasts,News & Culture,4.69,4450.37,824,506.37
Apple Podcasts,Comedy,4.58,4788.54,804,704.2
Apple Podcasts,Documentary,3.92,4441.66,1075,931.89
Apple Podcasts,Comedy,4.29,4628.92,873,508.93
Apple Podcasts,Comedy,4.76,4786.22,1026,769.55
Spotify,Comedy,4.87,4581.82,814,443.22
Apple Podcasts,Comedy,4.68,4713.34,791,412.98
Apple Podcasts,Comedy,4.51,4568.45,645,654.63
Apple Podcasts,Documentary,4.1,4277.36,1013,978.83
Apple Podcasts,News & Culture,4.4,4587.23,898,481.55
Apple Podcasts,Comedy,5,4462.36,906,503.56
Spotify,Documentary,4.34,4473.62,869,787.56
Apple Podcasts,Comedy,3.94,4496.03,874,335.84
Spotify,Documentary,4.42,4290.32,1100,654.58
Apple Podcasts,Documentary,4.01,4365.1,1006,720.31
Spotify,Documentary,4.42,4247.27,780,943.73
Apple Podcasts,Documentary,4.09,4426.97,1037,830.06
Apple Podcasts,Comedy,4.37,4738.02,924,529.76
Apple Podcasts,Documentary,4.83,4484.99,1063,727.84
Apple Podcasts,Comedy,4.55,4895.28,952,1002.06
Apple Podcasts,News & Culture,4.63,4453.3,721,344.92
Apple Podcasts,Comedy,4.4,4543.28,648,441.3
Spotify,Comedy,4.64,4537.74,882,601.54
Apple Podcasts,Comedy,4.47,4714.45,1106,529.55
Apple Podcasts,Documentary,4.09,4429.94,822,927.38
Apple Podcasts,Documentary,3.57,4360.72,1181,482.03
Apple Podcasts,Documentary,4.08,4304.5,941,752.84
BBC Sounds,Documentary,3.7,4413.08,1021,995.86
Apple Podcasts,News & Culture,4.2,4600.09,919,382.68
Apple Podcasts,News & Culture,5,4602.55,1138,511.49
YouTube,Documentary,4.75,4360.55,1028,968.3
Spotify,Comedy,4.5,4499.14,1061,589.17
Apple Podcasts,News & Culture,4.87,4416.35,823,406.95
Apple Podcasts,Comedy,4.8,4643.4,1019,488.09
Spotify,Comedy,3.75,4614.33,698,519.16
Spotify,Documentary,4.54,4422.81,1106,905.59
Apple Podcasts,Documentary,4.5,4461.35,1097,715.86
Apple Podcasts,Documentary,4.7,4377.16,996,851.87
Apple Podcasts,Comedy,3.99,4718.89,879,571
Spotify,Documentary,3.6,4407.06,915,1001.09
Apple Podcasts,Documentary,4,4517.7,1131,914.88
BBC Sounds,Comedy,4.22,4699.33,488,695.82
Apple Podcasts,Comedy,4.31,4810.6,1012,585.03
Apple Podcasts,News & Culture,4.56,4387.66,956,300.49
Apple Podcasts,News & Culture,1.5,4269.93,879,443.62
Spotify,News & Culture,3.9,4297.67,883,782.77
Apple Podcasts,Comedy,4.46,4698.1,1044,342.68
Spotify,News & Culture,4.45,4344.79,792,498.92
Apple Podcasts,Documentary,4.22,4517.31,989,824.19
Apple Podcasts,Documentary,4.96,4299.69,988,889.12
Apple Podcasts,News & Culture,4.13,4574.86,814,859.34
YouTube,News & Culture,4.51,4469.9,578,444.96
Spotify,News & Culture,4.49,4289.31,1075,173.89
Apple Podcasts,Comedy,4.22,4681.93,1226,581.16
Apple Podcasts,News & Culture,4.26,4690.47,1002,703.64
Spotify,News & Culture,4.59,4603.86,1102,606.55
Apple Podcasts,Documentary,4.5,4163.58,856,753.62
Apple Podcasts,News & Culture,4.55,4518.45,973,237.63
YouTube,News & Culture,4.59,4509.94,804,310.11
Apple Podcasts,Comedy,4.34,4821.19,1105,493.16
Apple Podcasts,Documentary,3.89,4369.71,867,873.18
Apple Podcasts,Documentary,4.6,4331.54,1114,950.72
Apple Podcasts,Documentary,3.3,4208.9,1014,718.51
Spotify,Comedy,4.66,4831.53,1016,899.16
Apple Podcasts,News & Culture,4.66,4497.88,974,457.7
Apple Podcasts,News & Culture,4.76,4335.37,730,350.02
Apple Podcasts,News & Culture,4.54,4445.95,786,530.04
Apple Podcasts,News & Culture,4.57,4664.08,1080,653.57
Apple Podcasts,News & Culture,3.5,4515.82,900,408.95
Apple Podcasts,Comedy,4.32,4751.92,946,649.67
Apple Podcasts,News & Culture,3.2,4266.42,990,420.02
Apple Podcasts,Comedy,4.63,4447.19,727,593.95
Apple Podcasts,Documentary,4.5,4188.3,771,719.48
Apple Podcasts,Comedy,4.88,4638.25,764,685.71
Apple Podcasts,Comedy,4.62,4966.96,956,796.6
Apple Podcasts,Documentary,4.47,4405.18,1178,905.71
Apple Podcasts,Documentary,4.61,4305.36,918,997.87
Apple Podcasts,Comedy,4.04,4650.3,892,572.55
Apple Podcasts,News & Culture,4.8,4510.21,1048,582.3
Apple Podcasts,Documentary,4.63,4125.19,968,728.07
Apple Podcasts,Documentary,4.15,4370.54,843,922.45
BBC Sounds,Documentary,4.47,4491.55,1134,839.07
Apple Podcasts,Comedy,4.16,4661.91,858,710.49
Apple Podcasts,Comedy,4.24,4561.19,588,453.83
Apple Podcasts,Documentary,4.58,4382.83,911,939.03
Spotify,Documentary,4.37,4294.44,1004,758.84
Apple Podcasts,Comedy,4.37,4561.16,842,551.46
YouTube,News & Culture,3,4434.86,872,480.16
Apple Podcasts,Documentary,3.65,4405.52,1259,820.92
Apple Podcasts,Comedy,3.91,4909.88,897,703.87
Apple Podcasts,Comedy,4.66,4768.12,765,650.57
Spotify,Documentary,5,4401.03,983,978.16
Apple Podcasts,Comedy,3.39,4637.84,919,505.67
Apple Podcasts,Comedy,4.24,4731.28,1153,459.04
Spotify,Documentary,3.23,4231.02,854,869.96
Apple Podcasts,Comedy,4.05,4668.92,1028,512.43
Apple Podcasts,Comedy,4.7,4503.34,918,721.68
YouTube,Documentary,4.37,4394.33,845,854.07
BBC Sounds,Comedy,4.59,4783.53,1059,362.92
Apple Podcasts,Documentary,3.73,4234.2,980,735.46
YouTube,Comedy,4.58,4455.25,737,266.69
Apple Podcasts,Documentary,4.07,4351.73,1020,709.6
BBC Sounds,News & Culture,4.67,4594.96,820,360.66
BBC Sounds,News & Culture,4.16,4736.58,820,558.25
Apple Podcasts,Documentary,3.98,4343.06,709,786.11
YouTube,Documentary,5,4248.26,1063,740.29
Apple Podcasts,Comedy,4.54,4859.12,900,712.65
Apple Podcasts,News & Culture,4.76,4317.48,854,310.25
Spotify,News & Culture,4.68,4596.72,983,455.03
YouTube,Documentary,4.63,4237.66,947,908.42
Apple Podcasts,News & Culture,4.56,4643.17,1102,454.02
Apple Podcasts,Comedy,4.38,4893.39,1062,630.4
Apple Podcasts,News & Culture,4.7,4468.56,819,375.72
Apple Podcasts,Documentary,4.75,4460.47,1202,916.73
Apple Podcasts,News & Culture,4.34,4472.45,1060,444.7
Spotify,Documentary,4.06,4446.15,1041,736.6
Apple Podcasts,Documentary,4.47,4232.19,920,733.86
Spotify,News & Culture,4.37,4648.59,1033,590.07
Apple Podcasts,Comedy,4.36,4747.98,845,798.51
Apple Podcasts,Comedy,4.78,4730.25,890,633.3
YouTube,Documentary,4.33,4179.88,565,905.8
Apple Podcasts,News & Culture,4.76,4549.5,1039,455.68
Apple Podcasts,News & Culture,4.57,4290.61,783,579.45
Apple Podcasts,Documentary,2.62,4376.06,1083,881.42
Apple Podcasts,Documentary,4.57,4431.92,1113,791.6
Spotify,News & Culture,4.8,4268.95,909,366.7
BBC Sounds,Comedy,4.62,4854.44,1054,539
Apple Podcasts,Documentary,4.6,4381.48,1112,874.87
Apple Podcasts,Documentary,5,4625.94,1004,865.44
Apple Podcasts,Comedy,4.5,4904.37,984,855.49
Apple Podcasts,Documentary,4.27,4319.47,991,940.15
YouTube,Documentary,4.9,4344.34,1001,837.51
Apple Podcasts,Documentary,3.6,4344.04,979,916.46
Spotify,News & Culture,4.54,4468.85,994,694.66
Apple Podcasts,News & Culture,4.66,4312.63,843,583.62
Apple Podcasts,News & Culture,4.29,4493.95,865,508.99
Apple Podcasts,Comedy,4.67,4512.87,734,494.83
Apple Podcasts,Comedy,4.5,4676.8,725,622.28
Apple Podcasts,News & Culture,4.76,4568.66,1031,383.09
Apple Podcasts,News & Culture,5,4762.11,748,694.95
Apple Podcasts,Documentary,4.44,4429.72,933,827.93
Apple Podcasts,Documentary,3.53,4440.97,1040,1122.61
Apple Podcasts,News & Culture,4.48,4170.13,838,567.59
Apple Podcasts,News & Culture,4.53,4439.47,848,355.52
Apple Podcasts,Comedy,4.87,4789.62,1246,676.78
Spotify,News & Culture,4.25,4551.04,775,294.85
Apple Podcasts,Comedy,4.88,4662.96,955,534.79
Apple Podcasts,News & Culture,4.18,4478.46,883,292.79
Apple Podcasts,Documentary,4.61,4343.99,1024,814.92
Spotify,Documentary,4.56,4320.45,892,925.42
BBC Sounds,Comedy,4.92,4568.61,935,652.44
Apple Podcasts,Comedy,3.79,4530.25,882,599.75
Apple Podcasts,Comedy,4.55,4718.97,698,621.08
Apple Podcasts,News & Culture,4.38,4818.42,1094,531.94
Apple Podcasts,Comedy,3.22,4642.99,973,468.18
Spotify,Documentary,4.5,4074.14,851,630.5
Apple Podcasts,News & Culture,4.06,4262.9,848,377.63
Apple Podcasts,Comedy,4,4500.97,966,352.27
YouTube,Documentary,4.14,4359.15,842,786.39
Spotify,Documentary,4.22,4431,1186,624.14
Apple Podcasts,News & Culture,4.61,4466.49,857,329.38
YouTube,Comedy,4.31,4743.73,1320,434.96
Apple Podcasts,Documentary,4.12,4375.82,959,845.74
Apple Podcasts,News & Culture,4.35,4483.72,741,639.11
Apple Podcasts,News & Culture,0,4585.11,0,140.98
Apple Podcasts,Comedy,4.02,4718.94,1090,595.79
Apple Podcasts,Documentary,4.63,4316.02,971,866.14
Apple Podcasts,Documentary,4,4341.62,939,980.81
Apple Podcasts,Documentary,4.41,4280.94,1129,1021.45
Apple Podcasts,News & Culture,4.53,4474.53,979,638.3
Apple Podcasts,Comedy,4.53,4583.83,697,579.09
Apple Podcasts,Comedy,4.75,4858.14,1082,688.97
Apple Podcasts,Documentary,4.6,4327.54,1058,811.52
Apple Podcasts,Comedy,4.36,4671.71,1055,417.38
YouTube,Documentary,4.09,4300.52,1020,716.66
Apple Podcasts,Comedy,3.55,4581.63,768,526.25
Apple Podcasts,News & Culture,4.71,4505.58,839,686.13
Apple Podcasts,News & Culture,4.62,4458.77,906,480.18
Apple Podcasts,Documentary,3.52,4372.53,1055,1004.26
Apple Podcasts,Documentary,4.75,4426.99,845,979.83
Spotify,Comedy,3.81,4848.39,1006,712.6
YouTube,Comedy,4.5,4613.34,1170,518.89
Apple Podcasts,News & Culture,5,4415.53,1044,531.12
Apple Podcasts,Documentary,2.78,4283.55,935,654.31
Apple Podcasts,Comedy,4.83,4553.68,885,528.01
Apple Podcasts,News & Culture,4.43,4594.88,919,595.05
Apple Podcasts,News & Culture,4.52,4471.85,1005,449.24
Apple Podcasts,Documentary,3.85,4298.99,1022,839.06
Apple Podcasts,Comedy,4.46,4722.97,841,509.19
Apple Podcasts,News & Culture,4.64,4521.74,829,617.67
Apple Podcasts,Comedy,4.3,4822.52,773,687.89
Apple Podcasts,Documentary,4.13,4354.73,944,946.92
Apple Podcasts,Comedy,4.7,4564.93,853,506.88
Spotify,Comedy,4.8,4789.96,811,504.54
Apple Podcasts,Comedy,3.85,4737.02,1210,674.64
Apple Podcasts,Documentary,4.45,4133.31,1050,768.67
Apple Podcasts,News & Culture,3.07,4531.1,1171,341.12
BBC Sounds,News & Culture,5,4510.44,1055,522.91
Apple Podcasts,News & Culture,4.67,4568.4,858,433.92
YouTube,News & Culture,4.09,4527.63,1018,542.13
Apple Podcasts,News & Culture,4.89,4218.36,946,344.94
Apple Podcasts,News & Culture,4,4550.4,910,526.69
Apple Podcasts,News & Culture,5,4526.6,893,363.84
Apple Podcasts,Comedy,3.8,4677.16,883,582.18
Spotify,News & Culture,4.36,4477.62,988,693.15
Apple Podcasts,Documentary,4.38,4202.51,890,832.63
Apple Podcasts,Comedy,4.24,4664.42,1014,618.69
Apple Podcasts,News & Culture,4.64,4439.6,733,715.17
BBC Sounds,News & Culture,3.81,4398.81,866,504.31
Spotify,Documentary,3.41,4333.05,1135,838.5
Apple Podcasts,Comedy,4.46,4692.37,820,371.82
YouTube,Comedy,4.5,4791.02,929,688.79
Apple Podcasts,Comedy,5,4812.71,980,603.37
Apple Podcasts,News & Culture,4.58,4270.32,682,432.29
Apple Podcasts,Documentary,4.3,4326.08,772,792.46
Apple Podcasts,Comedy,5,4556.59,980,699.49
Apple Podcasts,News & Culture,4.09,4633.6,801,409.45
Apple Podcasts,News & Culture,3.8,4617.29,1230,327.14
Spotify,Comedy,4.52,4781.45,840,392.73
BBC Sounds,Documentary,4.5,4162.26,1009,448.21
Apple Podcasts,Documentary,3.63,4345.37,1050,713.34
Apple Podcasts,Comedy,4.3,4569.55,1058,544.71
Apple Podcasts,Comedy,4.67,4650.22,1204,295.14
Apple Podcasts,News & Culture,4.32,4243.7,447,276.03
Apple Podcasts,Documentary,4.66,4225.42,974,710.38
YouTube,Comedy,4,4831.53,1106,753.62
Apple Podcasts,Comedy,3.18,4503.9,728,386.93
Apple Podcasts,Comedy,5,4830.56,1156,472.03
Apple Podcasts,Documentary,3.85,4435.2,1352,936.68
Apple Podcasts,Documentary,4.59,4373.92,959,866.89
Apple Podcasts,Comedy,4.79,4631.14,914,664.84
Apple Podcasts,Comedy,4.61,4620.15,832,607.46
Spotify,Comedy,4.4,4656.62,1112,471.37
Apple Podcasts,Documentary,4.69,4432.49,1077,696.72
Apple Podcasts,Documentary,4.33,4244.74,887,810.25
Apple Podcasts,News & Culture,3.11,4346.59,967,547.99
Apple Podcasts,Comedy,4,4865.82,1041,498.99
Apple Podcasts,Documentary,3.71,4306.09,843,865.09
Apple Podcasts,News & Culture,4.15,4389.42,943,507.18
Apple Podcasts,Comedy,3.9,4828.28,795,825.79
Apple Podcasts,News & Culture,4.68,4171.74,742,277.89
Apple Podcasts,Comedy,4.31,4699.14,1059,416.29
YouTube,Comedy,4.56,4999.68,1172,632.43
Apple Podcasts,Documentary,4.4,4323.67,788,777.79
Apple Podcasts,Documentary,4.25,4269.19,819,715.56
Spotify,Comedy,4.82,4513.07,631,594.86
Apple Podcasts,Documentary,0,4282.61,0,747.84
Spotify,Documentary,3.66,4317.1,1038,755.32
Apple Podcasts,News & Culture,4.36,4540.29,641,628.3
Apple Podcasts,Documentary,3.88,4443.73,1040,864.11
Spotify,Documentary,4.76,4318.23,869,791.15
Apple Podcasts,Documentary,4.78,4288.8,990,727.57
Apple Podcasts,News & Culture,4.39,4647.35,1019,358.4
Apple Podcasts,News & Culture,3,4305.34,822,300.72
Apple Podcasts,News & Culture,4.67,4623.49,993,547.83
Apple Podcasts,Documentary,4.73,4214.09,853,556.35
YouTube,News & Culture,4.52,4467.78,970,526.93
YouTube,Comedy,4.6,4541.71,600,466.15
Apple Podcasts,News & Culture,3.5,4253.21,711,418.15
YouTube,Comedy,4.37,4809.87,1097,555.13
Apple Podcasts,Documentary,4.53,4389.88,815,908.52
Apple Podcasts,News & Culture,4.96,4537.34,972,386.75
Apple Podcasts,Comedy,4.88,4806.67,1106,726.7
Spotify,Comedy,4,4604.35,1032,743.27
Spotify,Documentary,4.25,4357.91,1051,767.74
Apple Podcasts,Comedy,4.47,4611,855,705.73
Spotify,News & Culture,4.3,4381.43,813,400.57
Apple Podcasts,Comedy,4.51,4574.04,885,567.53
Apple Podcasts,Comedy,4,4880.61,1014,547.57
Spotify,Documentary,4.43,4356.71,1073,964.51
Apple Podcasts,Comedy,4.59,4714.1,867,439.01
Apple Podcasts,Comedy,5,4635.5,1044,581.21
Spotify,Comedy,3.33,4890.28,725,699.64
Apple Podcasts,Documentary,4.48,4375.56,1031,800.9
Apple Podcasts,News & Culture,3.2,4656.51,1055,691.91
Apple Podcasts,Documentary,4.59,4083.45,702,792.66
Apple Podcasts,Documentary,4.33,4305.31,986,893.17
Apple Podcasts,Comedy,4.62,4634.25,879,626.97
YouTube,Comedy,3.96,4807.74,807,563.18
Apple Podcasts,Comedy,4.35,4445.6,1155,242.75
Apple Podcasts,News & Culture,4.52,4267.9,1018,469.96
Apple Podcasts,Documentary,4.47,4279.37,827,923.78
Apple Podcasts,News & Culture,5,4406.67,955,317.62
Apple Podcasts,Documentary,4.61,4162.67,998,691.2
YouTube,Comedy,4.05,4604.97,829,626.22
Spotify,Documentary,4.85,4390.91,961,961.57
Apple Podcasts,Documentary,4.5,4430.19,1148,797.68
Apple Podcasts,News & Culture,4.68,4452.13,679,591.79
Apple Podcasts,Documentary,4.5,4277.8,927,596.07
Spotify,Comedy,4.25,4591.46,960,487.08
Apple Podcasts,Documentary,4.37,4259.09,864,1009.29
Apple Podcasts,Documentary,3.82,4411.32,961,756.3
Spotify,Comedy,4.75,4716.91,555,659.2
Apple Podcasts,News & Culture,4.37,4419.63,1033,686.21
Apple Podcasts,News & Culture,4.44,4584.37,1056,662.89
Apple Podcasts,Documentary,4.64,4396.56,1037,1095.98
Spotify,Comedy,4.54,4563.68,903,504.59
BBC Sounds,Comedy,4.39,4632.81,944,615.14
Apple Podcasts,News & Culture,3.43,4641.89,1082,490.67
Apple Podcasts,Documentary,4.81,4428.93,1384,808.72
Spotify,Comedy,3.96,4612.56,887,368.67
Apple Podcasts,Documentary,4.61,4410.63,973,952.99
Spotify,Documentary,4.33,4490.9,907,762.44
Apple Podcasts,Documentary,4.28,4296.3,890,531.89
Apple Podcasts,News & Culture,4.62,4588.24,1133,624.88
Apple Podcasts,Comedy,4.67,4628.97,1001,374.78
Apple Podcasts,Documentary,4.63,4454.98,963,861.22
Apple Podcasts,News & Culture,4.87,4652.48,993,588.09
Apple Podcasts,Documentary,4.41,4294.24,1256,761.52
Apple Podcasts,News & Culture,3.9,4831.87,1244,535.26
Spotify,Comedy,4.57,4867.63,1119,497.48
Apple Podcasts,News & Culture,4.86,4583.73,1100,447.45
Apple Podcasts,News & Culture,3.85,4532.31,854,598.8
Apple Podcasts,News & Culture,4.36,4490.78,821,332.94
Apple Podcasts,Comedy,4.3,4638.75,947,461.37
Apple Podcasts,News & Culture,4.91,4639.03,842,572.25
YouTube,News & Culture,4.09,4661.04,1318,576.29
YouTube,Documentary,4.78,4503.74,1282,659.79
Spotify,News & Culture,5,4506.19,865,588.53
Apple Podcasts,Documentary,4.7,4474.66,1208,856.47
Apple Podcasts,Comedy,4.83,4768.49,1324,395.41
Apple Podcasts,News & Culture,4.56,4296.71,869,395.13
Apple Podcasts,News & Culture,4.2,4473.55,702,547.79
Apple Podcasts,News & Culture,4.64,4907.51,1300,597.85
Apple Podcasts,News & Culture,3.95,4435.81,643,410.49
Apple Podcasts,Documentary,3.86,4275.14,778,1051.39
Apple Podcasts,Comedy,4.93,4594.11,867,584.97
YouTube,News & Culture,4.53,4335.11,899,396.27
Apple Podcasts,News & Culture,3.75,4612.44,1062,470.84
Apple Podcasts,Documentary,4.58,4283.69,780,766.19
Apple Podcasts,News & Culture,4.72,4633.65,1079,380.92
Apple Podcasts,Documentary,4.18,4190.47,963,855.18
Spotify,Comedy,3.82,4651.38,1026,433.35
Apple Podcasts,News & Culture,4.57,4352.86,1023,401.02
Apple Podcasts,News & Culture,4.17,4478.5,1090,426.87
Apple Podcasts,Documentary,4.15,4171.37,1013,497.11
Apple Podcasts,News & Culture,5,4445.57,962,522.41
Apple Podcasts,News & Culture,4.33,4544.05,1168,265.47
Spotify,Documentary,4.46,4285.53,857,728.43
Spotify,Comedy,4.75,4882.21,989,912.93
YouTube,Documentary,4.57,4230.97,1098,626.07
Spotify,Documentary,4.9,4605.61,1281,964.61
Apple Podcasts,Documentary,3.02,4374.48,1037,694.18
Apple Podcasts,News & Culture,3.94,4663.38,838,531.15
Spotify,News & Culture,4.5,4643.53,809,653.56
Apple Podcasts,Documentary,4,4409.81,891,846.91
YouTube,Comedy,4.37,4775.48,1081,570.81
Apple Podcasts,News & Culture,3.5,4474.49,1013,510.67
Apple Podcasts,Documentary,4.51,4402.71,860,890.12
Apple Podcasts,Documentary,4.62,4297.16,1042,759.54
Apple Podcasts,Comedy,4.37,4964.82,1355,454.23
Apple Podcasts,Comedy,4.05,4735.79,742,531.78
Apple Podcasts,News & Culture,4.35,4419.38,783,456.11
Apple Podcasts,Documentary,3.25,4379.75,1041,863.66
Apple Podcasts,Documentary,4.27,4287.12,1059,755.38
Apple Podcasts,News & Culture,4.9,4552.53,989,478.07
Apple Podcasts,Documentary,3.6,4274.41,941,838.48
Apple Podcasts,News & Culture,4.22,4613.67,944,484
Apple Podcasts,Comedy,5,4861.76,1182,574.89
Apple Podcasts,Documentary,4.43,4357.29,855,726.38
BBC Sounds,Documentary,4.3,4377.2,1040,843.46
Spotify,News & Culture,4.29,4428.6,976,491.38
Apple Podcasts,News & Culture,4,4312.36,1126,329.43
Apple Podcasts,Comedy,4.84,4713.67,1055,498.41
BBC Sounds,Comedy,4.15,4662.72,1042,635.04
Apple Podcasts,News & Culture,4.87,4892.4,999,757.38
Apple Podcasts,Documentary,4.37,4332.11,1113,775.07
Apple Podcasts,News & Culture,4.93,4525.87,838,582.82
Spotify,News & Culture,4.46,4671.85,1039,638.07
Apple Podcasts,Documentary,4.89,4236.25,993,786.85
Apple Podcasts,News & Culture,4.25,4518.32,993,418.44
Apple Podcasts,News & Culture,4.53,4651.13,950,605.56
Spotify,News & Culture,4.45,4535.48,931,549.02
Apple Podcasts,Comedy,4.61,4618.43,727,709.99
Apple Podcasts,News & Culture,4.07,4401.38,1066,512.23
Apple Podcasts,News & Culture,4.49,4310.6,655,437.67
Apple Podcasts,Documentary,3.91,4240.82,805,541.47
YouTube,Documentary,3.8,4419.85,1131,947.83
Apple Podcasts,Documentary,5,4227.8,982,971.78
Apple Podcasts,Documentary,3.87,4397.42,727,778.79
BBC Sounds,News & Culture,4.66,4651.52,929,534.37
Spotify,News & Culture,3.55,4399.43,814,410.5
YouTube,Comedy,5,4569.27,1017,418.3
Apple Podcasts,Documentary,4.81,4326.36,966,1057.47
YouTube,Comedy,4,4847.58,1099,456.31
Apple Podcasts,Comedy,4.59,4885.63,1115,626.53
Spotify,News & Culture,4.12,4457.65,778,765.89
YouTube,News & Culture,4.32,4640,866,556.31
Spotify,Documentary,4.83,4517.84,1198,872.41
YouTube,Comedy,4.65,4718.02,1195,713.26
Apple Podcasts,Comedy,4.8,4778.59,1027,669.76
YouTube,Documentary,4.66,4379.01,1241,655
Apple Podcasts,Comedy,4.59,4681.37,1152,399.64
Apple Podcasts,Comedy,4.33,4544.67,1218,456.26
Spotify,Comedy,3.93,4613.15,852,734.37
Apple Podcasts,Comedy,4.11,4472.75,879,334.77
Apple Podcasts,Comedy,4.33,4866.81,983,663.27
Apple Podcasts,News & Culture,4.25,4558.46,875,708.51
Spotify,News & Culture,4.44,4535.34,990,356.37
YouTube,News & Culture,4.64,4426.78,846,455
Apple Podcasts,Documentary,4.86,4325.26,1145,833.62
Apple Podcasts,Documentary,3.9,4375.65,936,816.69
YouTube,News & Culture,4.42,4333.51,713,871.06
Apple Podcasts,Documentary,4.04,4361.83,947,815.47
Apple Podcasts,Documentary,4.08,4478.53,1237,891.13
Spotify,Comedy,4.11,4686.35,970,424.61
Apple Podcasts,News & Culture,4.96,4521.55,887,539.25
YouTube,Documentary,4.5,4516.32,1199,799.96
Apple Podcasts,News & Culture,4.46,4523.8,923,471.34
Apple Podcasts,Comedy,4.28,4958.33,1247,578.17
Apple Podcasts,Comedy,4.75,4607.76,972,548.14
Apple Podcasts,Documentary,3.9,4194.84,581,1072.22
Spotify,Comedy,4.35,4744.65,812,595.04
Apple Podcasts,Documentary,4.87,4314.96,786,900.79
Spotify,Documentary,4.28,4321.27,916,627.9
Apple Podcasts,Documentary,4.86,4199.13,812,736.59
Apple Podcasts,Comedy,4.2,4958.53,1158,472.33
Apple Podcasts,News & Culture,4.06,4528.02,1079,373.8
Apple Podcasts,Documentary,4.54,4308.44,1124,750.61
Apple Podcasts,Documentary,4.36,4299.44,779,793.46
Apple Podcasts,Comedy,4.57,4579.65,875,636.3
Apple Podcasts,Comedy,4.34,4682.6,651,658.79
Spotify,Documentary,5,4383.01,858,759.87
Apple Podcasts,News & Culture,4.15,4630.96,1048,521.9
Apple Podcasts,Documentary,4.75,4451.16,906,787.25
Apple Podcasts,Comedy,4.64,4838.26,1000,670.13
YouTube,News & Culture,4.15,4434.05,956,411.18
Apple Podcasts,News & Culture,4.33,4539.21,754,744.94
Apple Podcasts,Documentary,4.41,4510.35,1256,732.19
Apple Podcasts,Comedy,0,4434.1,0,433.61
Apple Podcasts,News & Culture,4.75,4552.42,1182,373.83
Apple Podcasts,News & Culture,4.43,4710.41,846,700.03
BBC Sounds,Comedy,3.66,4817.19,714,533.36
Spotify,News & Culture,5,4745.88,1168,485.35
Apple Podcasts,News & Culture,3.77,4502.01,837,527.23
Apple Podcasts,Documentary,4.33,4477.66,1225,813.99
Apple Podcasts,News & Culture,4.67,4491.19,930,365.32
Apple Podcasts,News & Culture,4.5,4364.96,665,655.08
Apple Podcasts,News & Culture,4.59,4385.94,879,502.36
Spotify,News & Culture,4.5,4601.86,1117,366.85
Spotify,Comedy,4.66,4618.69,723,640.23
Apple Podcasts,Documentary,4.67,4443.84,1016,994.61
Apple Podcasts,Documentary,4.62,4444.41,999,933.16
Apple Podcasts,News & Culture,4.21,4611.82,1050,465.48
Apple Podcasts,Documentary,4.69,4382.3,940,1101.93
YouTube,Documentary,4.25,4359.34,969,725.78
Apple Podcasts,Comedy,4.1,4736.36,849,552.8
Apple Podcasts,News & Culture,3.72,4692.15,844,663.08
Spotify,Documentary,4.65,4269.81,957,843.64
Apple Podcasts,Comedy,3.9,4725.79,1314,517.16
Apple Podcasts,Comedy,4.53,4802.73,992,380.89
Apple Podcasts,Comedy,0,4766.96,0,587.47
Apple Podcasts,Comedy,4.33,4585.88,543,538.24
Apple Podcasts,Comedy,4.66,4738.04,961,301.67
YouTube,Documentary,4.51,4256.89,814,708.83
Apple Podcasts,Documentary,3.75,4335.86,1015,619.14
Apple Podcasts,News & Culture,4.62,4560.48,962,572.54
Apple Podcasts,Comedy,3.69,4576.44,1034,636.07
Apple Podcasts,Documentary,4.23,4327.49,1142,671.15
Apple Podcasts,Comedy,3.97,4792.46,1008,743.76
BBC Sounds,Comedy,4.4,4642.69,687,634.06
Apple Podcasts,News & Culture,4.44,4563.45,865,375.14
Apple Podcasts,Comedy,4.2,4761.37,495,787.51
Spotify,Comedy,4.75,4692.4,878,536.66
Apple Podcasts,Comedy,4,4701.67,943,536.23
Spotify,Documentary,4.43,4406.59,1040,803.39
Apple Podcasts,News & Culture,4.75,4425,726,538.57
Apple Podcasts,Comedy,4.78,4803.97,1033,701.86
Apple Podcasts,News & Culture,4.14,4500.41,1001,395.08
Apple Podcasts,Documentary,4.92,4154.83,892,597.29
Apple Podcasts,News & Culture,4.9,4090.67,743,654.53
Spotify,Comedy,4.64,4612.14,864,609.01
Apple Podcasts,Comedy,4.3,4694.99,977,680.43
Apple Podcasts,Comedy,4,4439.01,769,462.21
Apple Podcasts,Comedy,4.16,4816.97,974,678.44
Apple Podcasts,Comedy,3.64,4778.83,920,570.36
Spotify,News & Culture,4,4522.56,951,488.32
Apple Podcasts,Documentary,4.86,4394.32,1031,634.56
Apple Podcasts,Documentary,4.57,4550.89,1294,889.45
YouTube,Comedy,3.72,4876.76,1281,598.02
Apple Podcasts,News & Culture,4.93,4632.22,841,617.55
Apple Podcasts,Documentary,3.83,4402.8,943,703.25
Apple Podcasts,News & Culture,5,4564.95,819,494.12
Apple Podcasts,Comedy,3.42,4894.35,1242,636.67
Apple Podcasts,News & Culture,5,4428.74,1032,518.94
Apple Podcasts,Documentary,4.7,4210.76,875,692.76
Spotify,News & Culture,3.74,4535.58,1016,607.38
Apple Podcasts,News & Culture,4.21,4672.91,741,758.27
Apple Podcasts,Documentary,4.72,4370.48,1268,650.55
Apple Podcasts,Documentary,4.6,4289.75,1108,724.96
Spotify,News & Culture,4.32,4254.03,1015,384.2
Apple Podcasts,Comedy,4.66,4724.92,1043,305.11
Apple Podcasts,News & Culture,5,4526.19,1076,399.4
Apple Podcasts,Comedy,3.48,4768.55,1016,599.71
Apple Podcasts,Documentary,3.67,4315.09,903,995.61
Apple Podcasts,Documentary,4.09,4427.09,984,970.26
BBC Sounds,News & Culture,4.43,4626.73,788,673.21
YouTube,News & Culture,5,4646.72,746,834.85
Apple Podcasts,News & Culture,4.03,4374.97,841,588.07
Spotify,Comedy,4.45,4610.16,866,481.82
Apple Podcasts,Comedy,5,4660.65,1090,690.61
Apple Podcasts,Documentary,4.76,4162.68,804,863.44
Apple Podcasts,News & Culture,3.95,4574.9,971,703.65
Apple Podcasts,News & Culture,4.31,4450.17,779,688.26
Apple Podcasts,Comedy,4.25,4921.08,987,743.23
Apple Podcasts,News & Culture,3.25,4744.75,1248,531.61
Apple Podcasts,Comedy,4.59,4554.99,770,555.54
Apple Podcasts,Documentary,3.81,4268.73,1015,818.06
Apple Podcasts,Documentary,4.22,4517.7,1029,828.76
Apple Podcasts,News & Culture,4,4548.71,791,539.74
Apple Podcasts,Documentary,4.44,4306.23,945,840.76
Spotify,Documentary,4.81,4425.73,1174,804.5
Apple Podcasts,Comedy,4.63,4786.44,1139,448.5
Apple Podcasts,Comedy,3.18,4600.3,775,657.05
Apple Podcasts,Documentary,4.73,4331.59,853,929.42
Apple Podcasts,Comedy,4.87,4854.56,1143,550.38
Apple Podcasts,Documentary,4.54,4386.24,1236,533.69
Apple Podcasts,Comedy,4.01,4679.74,914,544.93
Apple Podcasts,Documentary,4.14,4298.54,1063,877.17
Apple Podcasts,Comedy,4.73,4727.08,1095,340.64
Spotify,News & Culture,4.32,4228.64,786,405.22
Spotify,Documentary,4.12,4330.06,1028,622.43
Apple Podcasts,Comedy,4,4859.06,1163,700.92
Apple Podcasts,Documentary,0,4295.72,0,759.64
Apple Podcasts,Comedy,4.35,4781.93,1142,659.42
Apple Podcasts,Documentary,4.5,4359.72,824,994.06
Apple Podcasts,Comedy,4.66,4669.27,703,417.47
Spotify,Documentary,3.83,4371.52,837,848.36
Apple Podcasts,News & Culture,4.4,4946.73,953,597.42
YouTube,News & Culture,4.1,4611.06,928,748.2
YouTube,Comedy,4.93,4755.23,807,701.17
Apple Podcasts,Documentary,3.82,4357.61,1029,867.4
Apple Podcasts,Comedy,4.72,4796.22,1235,506.59
Apple Podcasts,Comedy,4.59,4576.58,992,446.39
Apple Podcasts,Documentary,3.42,4328.52,960,648.12
Apple Podcasts,Documentary,4.66,4403.64,1053,854.32
Apple Podcasts,Documentary,3.72,4251.37,765,723.69
Apple Podcasts,News & Culture,4.92,4467.74,1030,390.8
Spotify,News & Culture,4.56,4514.28,673,584.49
Apple Podcasts,Comedy,4.5,4793.07,914,666.75
YouTube,News & Culture,4.83,4722.7,919,372.73
Spotify,Documentary,4.43,4388.08,940,839.53
Apple Podcasts,Comedy,4.12,4571.76,850,516.05
Apple Podcasts,News & Culture,4.35,4599.16,1051,621.36
Apple Podcasts,Documentary,4.62,4340.47,980,778.13
Apple Podcasts,Documentary,4.58,4429.43,938,736.15
Spotify,Comedy,4.36,4506.52,701,458.29
Apple Podcasts,Documentary,4.88,4477.9,1046,830.02
Spotify,Comedy,4.28,4696.14,1236,515.84
YouTube,News & Culture,5,4564.21,989,645.77
Apple Podcasts,News & Culture,3.64,4452.06,871,475.08
Apple Podcasts,News & Culture,4.93,4408.04,881,419.16
Apple Podcasts,Documentary,4.59,4274.19,996,913.54
Apple Podcasts,News & Culture,3.43,4367.59,1123,439.26
Apple Podcasts,Comedy,4.4,4967.06,1166,687.42
BBC Sounds,News & Culture,4.45,4548.61,907,413.44
Apple Podcasts,News & Culture,4,4371.73,859,571.34
Apple Podcasts,Documentary,4.71,4399.58,934,877.82
Apple Podcasts,Comedy,3.78,4730.49,898,609.01
YouTube,Documentary,4.3,4414.09,1271,693.76
BBC Sounds,News & Culture,5,4587.9,762,661.64
Spotify,Comedy,4.66,4666.23,869,525.59
Spotify,Comedy,4.59,4844.06,960,580.22
Spotify,Comedy,4.65,4664.72,964,311.91
Spotify,Documentary,4.88,4329.38,1173,648.21
Apple Podcasts,News & Culture,4.71,4401.03,773,200.92
Apple Podcasts,Comedy,4.32,4639.01,1048,517.79
Spotify,Documentary,4.39,4469.52,1133,629.33
YouTube,Documentary,4.46,4354.11,1252,699.57
Apple Podcasts,News & Culture,4.75,4174.63,856,418.76
YouTube,Documentary,5,4190.52,893,878.63
Spotify,News & Culture,3.55,4603.79,1175,353.99
Apple Podcasts,Comedy,4.65,4565.46,985,395.6
Apple Podcasts,News & Culture,4.28,4356.08,810,554.26
Apple Podcasts,Comedy,4.63,4607.03,677,562.34
Spotify,News & Culture,3.65,4568.11,858,548.06
Spotify,Comedy,4.24,4696.58,871,518.18
Apple Podcasts,Documentary,4.75,4384.9,843,876.61
YouTube,Comedy,4.63,4815.55,869,654.1
Apple Podcasts,Documentary,4.56,4419.6,1110,725.12
YouTube,Comedy,4.51,4685.92,958,343.5
Spotify,News & Culture,4.51,4350.93,897,500.4
Apple Podcasts,Comedy,4.48,4788.64,1191,596.86
Apple Podcasts,Comedy,2.78,4609.86,950,426.21
Apple Podcasts,News & Culture,4.42,4448.11,986,513.95
Apple Podcasts,Documentary,4.5,4355.38,1019,824.35
Apple Podcasts,Documentary,4.35,4418.24,1024,864.62
Apple Podcasts,Comedy,4.67,4858.16,802,473.59
Apple Podcasts,Comedy,4.17,4823.98,1249,632.48
Apple Podcasts,Comedy,4,4653.03,593,536.45
Apple Podcasts,Documentary,4.58,4258.46,819,682.17
Apple Podcasts,Documentary,4.71,4393.66,948,952.94
YouTube,Comedy,3.54,4730.13,874,632.74
YouTube,Comedy,4.33,4779.55,1058,594.92
Spotify,Documentary,4.52,4487.46,1052,604.62
Apple Podcasts,Documentary,4.14,4470.98,894,744.75
Apple Podcasts,News & Culture,4.75,4479.95,826,573.84
Apple Podcasts,News & Culture,4.17,4565.97,1104,334.48
Apple Podcasts,Documentary,5,4540.77,1052,939.48
Apple Podcasts,News & Culture,4.38,4654.47,1025,443.84
Apple Podcasts,Comedy,4.11,4671.24,1048,502.42
Apple Podcasts,Documentary,5,4336.56,1144,685.91
Spotify,Comedy,4.82,4646.41,886,536.06
YouTube,News & Culture,4,4807.1,856,713.45
Apple Podcasts,Documentary,4.14,4505.83,990,935.66
BBC Sounds,Comedy,4.83,4526.4,898,598.34
Apple Podcasts,Comedy,4.2,4749.63,1058,720.67
Apple Podcasts,Documentary,4.6,4289.94,785,810.83
Apple Podcasts,News & Culture,4.85,4644.38,801,534.74
Apple Podcasts,Comedy,4.22,4637.73,848,555.75
Spotify,News & Culture,4.66,4610.29,1063,671.97
Apple Podcasts,Documentary,4.03,4276.84,930,977.27
Spotify,News & Culture,4.16,4456.77,740,711.27
Apple Podcasts,News & Culture,4.42,4565.92,958,394.59
Apple Podcasts,Comedy,3.95,4703.2,679,663.73
Apple Podcasts,Comedy,4.55,4572.04,910,615
Apple Podcasts,Documentary,4.75,4193.63,998,825.46
Spotify,Comedy,4.68,4627.96,614,440.54
Spotify,News & Culture,4.05,4549.25,908,453.57
Spotify,Comedy,4.55,4586.04,687,535.67
BBC Sounds,Comedy,3.77,4533.38,795,497.01
Apple Podcasts,Comedy,4.7,4621.94,1037,576.09
Apple Podcasts,Comedy,4.75,4791.54,815,493
Apple Podcasts,Comedy,4.67,4664.18,954,390.69
Apple Podcasts,Comedy,4.44,4953.55,1307,695.91
Apple Podcasts,Comedy,4.3,4696.6,805,523.06
Apple Podcasts,Comedy,4.61,4901.9,995,738.55
Apple Podcasts,Documentary,4.6,4294.13,1113,523.43
Spotify,News & Culture,4.07,4782.88,978,530.98
Apple Podcasts,Comedy,5,5104.25,1226,711.98
Spotify,Documentary,4.61,4460.37,939,961.47
Apple Podcasts,Documentary,4.46,4225.05,666,833.4
Spotify,Comedy,4.66,4725.95,955,443.5
Apple Podcasts,Comedy,3.9,4657.38,972,404.56
Apple Podcasts,Documentary,4.49,4333.95,1105,786.04
Apple Podcasts,Documentary,4.11,4416.09,1228,895.24
Apple Podcasts,Comedy,4.44,4737.85,1123,480.15
Apple Podcasts,News & Culture,4.87,4505.3,815,663.4
Apple Podcasts,News & Culture,4.38,4426.25,782,500.63
Apple Podcasts,Documentary,4.12,4288.57,812,984.95
Apple Podcasts,Documentary,4.45,4345.69,1129,764.71
Apple Podcasts,Comedy,3.96,4712.76,1032,537.27
Spotify,Comedy,3.64,4996.13,1172,544.24
Apple Podcasts,News & Culture,0,4733.87,0,777.31
Apple Podcasts,Comedy,5,4675.88,1144,427.26
Apple Podcasts,Comedy,3.72,4881.19,1091,575.79
Apple Podcasts,Comedy,3.41,4666.59,768,555.36
Apple Podcasts,Documentary,4.55,4328.58,855,898.64
Apple Podcasts,News & Culture,4.4,4462.78,795,563.77
Apple Podcasts,Comedy,4.13,4719.33,810,712.3
Apple Podcasts,Comedy,4.63,5122.28,1038,833.42
Apple Podcasts,Documentary,4.39,4621.97,862,1018.33
Spotify,Comedy,4.54,4705.98,854,820.65
Apple Podcasts,News & Culture,3.89,4448.5,1067,659.35
Apple Podcasts,News & Culture,4.69,4555.13,883,745.1
Apple Podcasts,Documentary,4.77,4264.73,844,822.21
Apple Podcasts,Comedy,3.76,4759.96,954,536.15
YouTube,Comedy,3.33,4844.5,856,863.2
Spotify,Documentary,3.83,4470.38,1283,840.71
Apple Podcasts,Documentary,4.17,4446.54,1080,912.79
Apple Podcasts,Documentary,4.63,4322.98,743,944.23
Apple Podcasts,News & Culture,4.31,4459.09,706,498.87
Spotify,Documentary,4.15,4444.94,923,860.23
Apple Podcasts,Documentary,4.42,4477.14,1074,898.06
Spotify,News & Culture,4.33,4591.1,963,444.43
Apple Podcasts,Comedy,4.32,4564.84,815,640.96
Apple Podcasts,Comedy,4.46,4697.07,1173,594.45
Apple Podcasts,News & Culture,4.32,4526.42,638,601.25
YouTube,Comedy,4.66,4612.43,941,537.92
Apple Podcasts,News & Culture,4.56,4568.3,964,413.83
Apple Podcasts,Documentary,4.07,4209.86,875,879.89
YouTube,News & Culture,4.43,4534.71,940,436.77
Apple Podcasts,News & Culture,4.07,4574.78,847,378.22
Apple Podcasts,Comedy,4.4,4832.48,987,644.21
Apple Podcasts,News & Culture,3.24,4515.94,973,624.37
Spotify,Comedy,4.45,4657.79,989,406.51
Spotify,Documentary,4.51,4306.38,1087,928.64
Spotify,Documentary,4.28,4523.5,1463,677.7
Apple Podcasts,Documentary,4.24,4391.41,1084,759.19
Apple Podcasts,Comedy,4.7,4748.92,975,818.39
Apple Podcasts,Comedy,4.48,4728.01,940,595.06
Apple Podcasts,News & Culture,5,4371.38,856,501.85
Spotify,Comedy,4.52,4717.74,748,625.33
Apple Podcasts,Comedy,3.37,4995.82,960,847.85
YouTube,News & Culture,4.57,4430.6,955,382.11
Apple Podcasts,Documentary,5,4390.23,907,1062.55
BBC Sounds,Comedy,4.82,4804.67,789,926.05
Apple Podcasts,Comedy,4.25,4738.11,846,628.66
Apple Podcasts,Comedy,4.25,4809.43,1218,632.21
YouTube,News & Culture,4.6,4387.78,893,378.87
BBC Sounds,Comedy,4.65,4678.31,913,622.09
Apple Podcasts,Comedy,3.71,4434.91,1056,384.07
Apple Podcasts,Documentary,4.16,4444.63,927,827.73
Apple Podcasts,Comedy,3.4,4764.03,917,509.03
Spotify,Comedy,3.75,4657.97,958,574.93
Apple Podcasts,News & Culture,3.62,4582.36,681,788.4
Apple Podcasts,Comedy,4.56,4588.81,794,556.32
Apple Podcasts,News & Culture,4.39,4430.72,1041,444.9
Apple Podcasts,News & Culture,3.5,4350.3,698,462.4
Apple Podcasts,Documentary,4.19,4487.82,1250,596.19
Spotify,News & Culture,3.75,4278.9,983,371.83
YouTube,News & Culture,4.22,4473.19,778,611.72
YouTube,Documentary,4.86,4343.92,1052,715.88
Apple Podcasts,News & Culture,4.4,4869.01,1284,655.32
Apple Podcasts,Documentary,5,4287.14,846,772.25
Apple Podcasts,Comedy,4,4644.44,881,583.94
YouTube,News & Culture,4.85,4661.7,1058,602.94
Apple Podcasts,Documentary,4.35,4236.15,852,815.11
Apple Podcasts,News & Culture,4.36,4557.22,906,476.4
Apple Podcasts,Comedy,4.3,4743.26,832,627.64
YouTube,News & Culture,4.34,4498.19,1140,621.43
Apple Podcasts,Comedy,4.66,4663.16,1031,563.47
Apple Podcasts,Documentary,3.53,4406.57,1202,747.87
Apple Podcasts,Comedy,4.44,4772.69,1271,636.95
Apple Podcasts,Comedy,4.39,4737.98,1049,322.14
Apple Podcasts,News & Culture,4.34,4744.06,863,740.51
Apple Podcasts,News & Culture,4.14,4648.22,992,763.42
Apple Podcasts,Documentary,4.55,4500.62,913,713.63
Apple Podcasts,Comedy,4.64,4545.18,995,320.15
Spotify,News & Culture,4.59,4343.18,797,429.19
Apple Podcasts,Documentary,4.77,4400.1,1173,958.23
Apple Podcasts,Comedy,3.82,4982.36,961,854.43
Apple Podcasts,News & Culture,4.11,4371.86,751,280.78
Spotify,Comedy,4.75,4615.15,871,462.48
Apple Podcasts,Comedy,4.53,4883.6,1140,531.87
Apple Podcasts,News & Culture,4.72,4386.51,1112,370.92
Apple Podcasts,News & Culture,4.5,4502.16,969,309.06
YouTube,Documentary,4.8,4159.9,775,717.41
Apple Podcasts,Comedy,4.86,4760.57,1044,718.28
Apple Podcasts,Documentary,4.43,4393.1,1164,672.16
Apple Podcasts,News & Culture,4.09,4672.74,879,653.23
Apple Podcasts,News & Culture,3.53,4532.55,864,561.51
Spotify,News & Culture,4.81,4563.55,764,578.75
Apple Podcasts,Documentary,3.44,4404.19,920,837.66
YouTube,Comedy,3.88,4706.36,1065,480.93
Spotify,News & Culture,4.73,4599.57,910,542.77
Apple Podcasts,Documentary,4.69,4283.86,895,791.66
YouTube,News & Culture,4.35,4288.24,697,429.68
Apple Podcasts,Comedy,4.41,4980.71,915,702.94
Apple Podcasts,News & Culture,4.36,4066.74,765,529.16
Apple Podcasts,News & Culture,4.44,4377.79,891,245.43
YouTube,News & Culture,4.53,4664.93,1179,351.09
Apple Podcasts,Documentary,4.2,4545.78,1193,917.55
Apple Podcasts,Documentary,4.38,4414.64,675,822.31
Apple Podcasts,Documentary,3.6,4540.13,1020,766.11
Spotify,Documentary,4,4482.36,1198,773.16
Spotify,Documentary,4.38,4294.87,996,696.46
YouTube,News & Culture,4.41,4518.62,763,886.96
YouTube,Comedy,4.72,4547.08,818,633.57
Apple Podcasts,News & Culture,4.46,4202.04,787,442.6
Apple Podcasts,Comedy,4.4,4819.77,974,602.79
Apple Podcasts,News & Culture,4.47,4386.85,1011,534.71
Spotify,Comedy,5,4692.47,725,563.96
Apple Podcasts,Documentary,4,4475.41,966,639.5
Apple Podcasts,Documentary,4.33,4384.13,1029,863.7
YouTube,Documentary,3.61,4286.02,1005,700.31
Apple Podcasts,Documentary,4.38,4447.13,1112,722.69
Apple Podcasts,Documentary,100,4540.21,0,681.18
Apple Podcasts,Documentary,4.01,4304.57,1145,721.48
Apple Podcasts,News & Culture,4.59,4700.86,978,547.14
Apple Podcasts,Documentary,5,4550.57,1211,726.43
Apple Podcasts,Comedy,4,4405.8,568,554.58
Apple Podcasts,News & Culture,4.42,4641.21,808,758.55
Apple Podcasts,Documentary,4.14,4456.16,954,946.91
Apple Podcasts,News & Culture,4.52,4537.62,1020,518.59
Apple Podcasts,Comedy,4.5,4788.89,1203,427.55
Apple Podcasts,Comedy,4.4,4913.24,897,608.89
Apple Podcasts,News & Culture,4.56,4381.38,1084,261.45
Apple Podcasts,Documentary,4.04,4334.43,950,846.62
Apple Podcasts,Documentary,4.48,4328.95,890,958.18
Apple Podcasts,Comedy,4.57,4749.39,1010,535.91
Spotify,Documentary,4.66,4406.16,940,677.39
Apple Podcasts,Comedy,4.58,4945.62,1241,659.48
BBC Sounds,News & Culture,4.82,4438.98,1034,449.82
Apple Podcasts,News & Culture,4.61,4452.04,870,536.71
YouTube,News & Culture,4.58,4492.07,1234,293.99
Apple Podcasts,Documentary,3.57,4409.83,822,805.83
Apple Podcasts,Comedy,4.52,4791.25,1002,580.09
Apple Podcasts,News & Culture,100,4496.54,0,523.07
Apple Podcasts,Comedy,4.51,4781.91,1105,582.28
Apple Podcasts,News & Culture,4.68,4552.74,1045,588.07
Apple Podcasts,Documentary,4.2,4451.24,855,873.25
Apple Podcasts,Documentary,4.5,4403.56,1036,955.75
Apple Podcasts,News & Culture,4.68,4499.65,774,608.68
Apple Podcasts,News & Culture,5,4515.84,1021,773.29
Spotify,Comedy,4.93,4881.3,1217,489.25
Apple Podcasts,News & Culture,4.81,4780.52,1047,470.03
Apple Podcasts,Comedy,4.57,4687.36,977,609.39
Apple Podcasts,News & Culture,4,4439.52,1110,490.88
BBC Sounds,Comedy,4.04,4873.52,1336,821.97
YouTube,News & Culture,4.51,4263.3,703,432.36
Apple Podcasts,Comedy,3.93,4640.65,871,680.79
Apple Podcasts,Comedy,4.5,4757.08,692,807.71
Apple Podcasts,Documentary,3.6,4444.86,759,949.43
Apple Podcasts,News & Culture,4.61,4569.33,1257,405.79
Apple Podcasts,Comedy,4.28,4721.18,805,499.03
YouTube,Documentary,4.66,4432.72,1154,788.68
Apple Podcasts,Documentary,4.12,4408.65,1112,864.43
Apple Podcasts,News & Culture,4.57,4503.44,1106,419.6
Apple Podcasts,Comedy,4,4643.66,839,616.73
Apple Podcasts,Documentary,4.3,4342.46,1064,775.94
Apple Podcasts,Documentary,3.42,4390.5,1106,842.19
Apple Podcasts,Comedy,4.87,4792.01,1271,475.23
Apple Podcasts,Documentary,2.92,4282.52,994,673.73
YouTube,News & Culture,4.55,4564.23,804,703.21
YouTube,News & Culture,4.28,4323.33,863,559.59
Apple Podcasts,News & Culture,4.34,4368.59,1018,701.91
Apple Podcasts,Documentary,4.55,4233.93,691,733.95
Spotify,Comedy,4.6,4637.92,711,406.05
Apple Podcasts,Comedy,4.78,4574.95,905,696.77
BBC Sounds,News & Culture,4,4509.83,849,703.33
Apple Podcasts,News & Culture,4.5,4376.27,1175,584.96
Apple Podcasts,News & Culture,4.33,4506.94,927,654.26
YouTube,News & Culture,4.84,4493.62,1063,485.14
BBC Sounds,News & Culture,5,4604.44,872,682.04
Apple Podcasts,News & Culture,4.48,4519.51,932,372.07
Apple Podcasts,Comedy,4.37,4819.84,889,748.42
BBC Sounds,Documentary,4.57,4576.03,1204,894.21
Spotify,Comedy,4.54,4996.21,1272,564.79
Apple Podcasts,Comedy,4.57,4693.39,837,358.49
BBC Sounds,News & Culture,4.67,4793.36,990,661.71
Spotify,Documentary,4.9,4479.86,946,1098.76
Apple Podcasts,Comedy,3.5,4724.88,1050,462.9
YouTube,News & Culture,4.19,4680.99,999,673.52
Spotify,News & Culture,4.75,4510.05,961,394.53
Apple Podcasts,Documentary,4.43,4266.72,1073,857.24
Apple Podcasts,News & Culture,4.16,4369.49,892,485.57
Apple Podcasts,Documentary,4.96,4327.73,822,917.47
Apple Podcasts,Comedy,4.83,4668.36,1007,675.95
Apple Podcasts,Comedy,4.71,4788.58,998,441.71
Apple Podcasts,Documentary,4.58,4092.05,828,747.75
Apple Podcasts,News & Culture,3.66,4444.62,1174,484.77
Apple Podcasts,Documentary,4.3,4313.34,792,815.24
YouTube,News & Culture,4.08,4396.04,881,483.99
Apple Podcasts,Documentary,4.27,4405.59,992,568.66
Apple Podcasts,Comedy,4.5,4525.89,799,506.57
Apple Podcasts,Comedy,4.58,4601.17,632,602.58
Apple Podcasts,Documentary,5,4473.06,1294,666.5
Apple Podcasts,News & Culture,4.59,4415.84,1028,560.18
Apple Podcasts,Comedy,5,4900.09,1148,739.91
Apple Podcasts,Documentary,4.5,4213.17,881,663.14
Apple Podcasts,News & Culture,4.04,4412.93,842,491.58
Spotify,Documentary,3.95,4490.1,1065,849.47
Apple Podcasts,Comedy,3.59,4692,1035,277.14
Apple Podcasts,Documentary,4.78,4380.75,1071,673.5
Apple Podcasts,Documentary,4.38,4443.31,954,782.86
Apple Podcasts,News & Culture,3.12,4477.19,1006,393.22
YouTube,News & Culture,4.68,4578.84,937,645.02
Spotify,Documentary,4.26,4374.56,1229,655.63
Apple Podcasts,News & Culture,4.75,4515.19,772,682.02
Apple Podcasts,Comedy,4.8,4739.33,814,623.37
Apple Podcasts,Documentary,4.08,4481.42,996,740.55
Apple Podcasts,News & Culture,4.56,4507.97,1061,417.09
Apple Podcasts,Comedy,3.96,4835.64,929,507.84
BBC Sounds,News & Culture,4.57,4661.19,948,725.24
Apple Podcasts,Documentary,4.67,4062.96,917,812.28
Apple Podcasts,News & Culture,4.5,4457.77,853,407.34
Apple Podcasts,News & Culture,4.51,4512.43,984,422.81
Apple Podcasts,News & Culture,4.17,4424.54,747,371.49
Apple Podcasts,Comedy,4.07,4939.22,984,553.7
Apple Podcasts,Comedy,4.62,4426.82,792,557.33
Spotify,Comedy,3.84,4658.55,1067,499.16
Apple Podcasts,Comedy,4.77,4785.15,1065,361.57
Apple Podcasts,News & Culture,4.68,4959.98,1095,648.31
Spotify,News & Culture,3.78,4552.59,877,614.21
Spotify,Comedy,3.98,4822.48,1149,626.01
Apple Podcasts,Documentary,3.73,4230.56,714,882.3
Apple Podcasts,News & Culture,4.12,4577.91,886,663.09
Apple Podcasts,Documentary,4.43,4368.24,1033,984.97
Apple Podcasts,News & Culture,4.06,4674.56,952,490.67
Apple Podcasts,Comedy,4.73,4710.36,1390,469.74
Apple Podcasts,Documentary,4.66,4399.02,1175,825.46
YouTube,Comedy,4.32,4678.29,912,630.63
Spotify,Documentary,4.38,4229.59,1073,833.72
Apple Podcasts,News & Culture,4.37,4744.39,1001,674.26
Apple Podcasts,Comedy,4.66,4701.81,1144,468.33
Spotify,Comedy,3,4514.01,866,297.29
Apple Podcasts,Documentary,3.75,4298.16,878,826.58
Apple Podcasts,News & Culture,3.99,4558.92,999,499.38
Spotify,News & Culture,4.44,4479.66,1156,684.6
Apple Podcasts,Comedy,4.37,4748.64,850,441.33
Apple Podcasts,Comedy,3.98,4713.46,1223,461.76
Apple Podcasts,Documentary,5,4320.28,962,631.62
Apple Podcasts,Comedy,4.69,4854.71,1016,564.34
Apple Podcasts,Comedy,4.11,4651.46,936,440.62
Apple Podcasts,Documentary,4.14,4462.79,1136,857.53
Apple Podcasts,News & Culture,4.66,4292.59,733,461.08
Apple Podcasts,News & Culture,5,4420.25,1150,388.27
Apple Podcasts,Documentary,4.7,4396.53,921,952.95
Apple Podcasts,Comedy,4.12,4782.13,1100,258.84
Apple Podcasts,Documentary,4.29,4358.84,819,847.3
Spotify,Documentary,5,4542.61,1132,887.81
Apple Podcasts,Comedy,4.51,4744.21,732,594.77
Spotify,Comedy,4.23,4524.73,1093,377.42
YouTube,News & Culture,4.68,4554.35,1075,530.81
Apple Podcasts,Comedy,4.56,4796.53,1163,657.88
Apple Podcasts,Documentary,4.67,4346.8,880,765.62
Apple Podcasts,Comedy,4.12,4606.98,791,528.01
Apple Podcasts,News & Culture,4,4435.57,716,691.02
Spotify,News & Culture,3.37,4420.9,835,479.74
Apple Podcasts,Documentary,3.29,4309.46,958,979.23
Apple Podcasts,Documentary,4.29,4129.31,846,709.92
Apple Podcasts,News & Culture,4.82,4421.57,764,636.67
Apple Podcasts,News & Culture,4.47,4485.21,993,537.38
Apple Podcasts,Documentary,3.91,4219.6,1076,504.48
Spotify,News & Culture,4.2,4573.92,1113,381.59
Apple Podcasts,Comedy,4,4572.29,480,575.88
Spotify,Comedy,4.18,4605.63,980,344.95
Apple Podcasts,Documentary,4.24,4172.65,998,651.07
Apple Podcasts,News & Culture,4.24,4768.74,1033,592.15
Apple Podcasts,Documentary,4.65,4352.62,953,632.73
Apple Podcasts,Documentary,2.97,4396.77,1092,947.8
Apple Podcasts,News & Culture,4.36,4440.09,767,368.19
BBC Sounds,News & Culture,4.83,4226.8,927,477.62
Apple Podcasts,News & Culture,4.62,4293.22,777,586.73
Apple Podcasts,Documentary,4.57,4542.41,1367,766.98
Spotify,Comedy,4.15,4575.73,1031,395.02
Apple Podcasts,News & Culture,4.7,4669.02,1046,407.49
Apple Podcasts,Comedy,3.95,4740.19,1101,419.92
Apple Podcasts,Documentary,4.66,4301.75,962,662.01
Apple Podcasts,Documentary,4.04,4295,1025,738.41
Apple Podcasts,Documentary,4.53,4207.51,1002,489.94
Apple Podcasts,Documentary,4.83,4564.51,1163,842.54
Apple Podcasts,Comedy,4.52,4678.48,1035,359.3
Apple Podcasts,Documentary,4.5,4503.95,1129,667.06
Apple Podcasts,Comedy,5,4689.49,896,648.59
Apple Podcasts,Documentary,4.75,4158.18,747,712.98
Apple Podcasts,Comedy,4.52,4794.59,876,611.23
Spotify,Documentary,3,4429.62,846,762.13
Apple Podcasts,News & Culture,4.5,4201.64,949,526.52
Apple Podcasts,Comedy,4.32,4796.89,1185,565.01
BBC Sounds,News & Culture,4.49,4459.33,1105,554.91
Spotify,Documentary,4.59,4374.37,674,771.48
Spotify,News & Culture,4.36,4593.12,656,733.75
Apple Podcasts,Documentary,4.58,4409.77,1228,654.98
Apple Podcasts,News & Culture,4.62,4385.25,815,448.88
Spotify,Comedy,4.58,4765.59,993,385.86
Apple Podcasts,Comedy,4.91,4611.45,819,466.18
Apple Podcasts,Comedy,3.92,4628.26,838,556.65
Apple Podcasts,Comedy,3.36,4732.74,1105,598.98
Apple Podcasts,Comedy,4.78,4688.87,1011,510.76
Apple Podcasts,Comedy,5,4684.19,926,540.67
Apple Podcasts,Comedy,4.57,4729.95,1262,455.53
Apple Podcasts,Comedy,4.09,4973.37,1091,635.58
Apple Podcasts,News & Culture,4.67,4524.06,916,538.63
Apple Podcasts,Documentary,4.24,4261.99,820,815.62
Apple Podcasts,Comedy,4.09,4726.71,678,772.04
Apple Podcasts,News & Culture,5,4272.84,842,562.48
Spotify,News & Culture,4.6,4446.61,883,333.92
Apple Podcasts,Documentary,4.66,4358.26,814,981.65
Apple Podcasts,News & Culture,4.35,4635.76,904,538.16
Apple Podcasts,Documentary,4.4,4369.81,896,690.85
YouTube,Comedy,4.4,4772.49,926,529.12
Apple Podcasts,Comedy,5,4686.32,1142,334.31
Apple Podcasts,Comedy,4.61,4778.49,1185,624.37
Apple Podcasts,Comedy,4.62,4993.59,970,844.44
Apple Podcasts,Comedy,4.14,4778.78,853,607.05
Spotify,News & Culture,3.53,4375,717,615.49
Apple Podcasts,Comedy,4.08,4643.5,964,508.3
Spotify,News & Culture,4.58,4402.89,1022,524.11
Apple Podcasts,Comedy,3.62,4737.62,1071,536.09
Apple Podcasts,News & Culture,4.83,4355.99,979,394.99
Apple Podcasts,Comedy,4.42,4733.16,937,711.6
YouTube,Documentary,4.36,4381.97,981,782.46
Apple Podcasts,Documentary,4.43,4399.13,1142,824.96
Apple Podcasts,News & Culture,4.02,4483.46,950,441.23
Apple Podcasts,Comedy,4.7,4598.72,775,365.9
Spotify,Documentary,4.44,4415.63,872,763.14
Apple Podcasts,Documentary,4,4421.14,1241,825.7
Apple Podcasts,Documentary,4.62,4439.77,1030,975.25
YouTube,Comedy,3,4693.55,896,593.4
Apple Podcasts,Comedy,4.48,4672.43,1035,404.54
Apple Podcasts,News & Culture,4.42,4381.93,731,751.35
Apple Podcasts,Documentary,3.5,4487.63,1251,938.49
Apple Podcasts,News & Culture,4.23,4669.62,1079,428.15
Apple Podcasts,Comedy,4.27,4585.07,948,611.9
Apple Podcasts,News & Culture,4.55,4510.58,1012,331.76
Apple Podcasts,Documentary,4.01,4290.24,1085,845.81
YouTube,Documentary,2.91,4467.85,1022,664.76
Apple Podcasts,News & Culture,4.14,4173.43,653,570.46
Apple Podcasts,News & Culture,5,4378.61,1167,386.96
Apple Podcasts,News & Culture,4.27,4496.47,721,617.94
Apple Podcasts,Documentary,4.59,4146.05,863,684.17
Apple Podcasts,Documentary,4.29,4427.52,1308,773.55
Apple Podcasts,News & Culture,4.81,4520.69,849,318.21
Apple Podcasts,News & Culture,4.17,4586.07,699,429.22
Apple Podcasts,Documentary,4.71,4244.06,893,816.89
Apple Podcasts,Comedy,4.11,4640.15,975,634.92
Spotify,Documentary,3.86,4397.8,887,807.93
Apple Podcasts,News & Culture,3,4762.48,788,608.15
Apple Podcasts,Documentary,4.72,4348.74,1015,718.59
Apple Podcasts,Comedy,4.68,4800.6,1106,657.54
Apple Podcasts,Documentary,4.58,4340.42,766,678.62
Apple Podcasts,Comedy,4.4,4635.1,1039,447.52
Spotify,Comedy,4.12,4786.85,1221,530.05
Apple Podcasts,News & Culture,4.66,4521.83,877,696.39
Apple Podcasts,News & Culture,4.79,4346.95,1026,527.35
Apple Podcasts,Comedy,4.57,4818.61,1201,496.65
Apple Podcasts,News & Culture,4.69,4550.54,1044,468.16
Apple Podcasts,Documentary,3.82,4319.01,875,943.4
Apple Podcasts,Documentary,5,4408.57,1003,884.07
Spotify,Comedy,4.26,4600.31,806,821.77
Spotify,Documentary,4.85,4600.49,780,979.42
YouTube,News & Culture,4,4312.14,590,460.39
YouTube,Comedy,4.85,4767.73,904,504.91
Apple Podcasts,Documentary,3.77,4315.76,1027,954.87
Spotify,Documentary,4.39,4191.76,770,683.6
Apple Podcasts,Documentary,4.15,4348.66,893,838.28
Apple Podcasts,News & Culture,3.66,4303.87,980,446.35
Apple Podcasts,Documentary,4.18,4327.15,1004,670.56
Apple Podcasts,Comedy,4.5,4533.71,826,514.09
Apple Podcasts,Comedy,4.34,4615.1,675,621.44
Apple Podcasts,News & Culture,4.83,4437.74,869,504.27
Apple Podcasts,Comedy,4.23,4653.7,810,527.85
Apple Podcasts,News & Culture,4.91,4591.63,1073,436.75
Apple Podcasts,Comedy,4.52,4655.79,854,404.55
Apple Podcasts,Documentary,5,4310.2,1134,639.92
Apple Podcasts,Comedy,4.82,4683.79,900,563.86
Apple Podcasts,Documentary,4.2,4302.06,1066,942.07
Apple Podcasts,Comedy,4.83,4787.79,1272,490.47
Apple Podcasts,Comedy,4.59,4703.11,753,544.53
Apple Podcasts,Documentary,4.42,4388.38,1000,749.99
BBC Sounds,News & Culture,4.18,4775.73,1068,416.56
Apple Podcasts,Documentary,4.47,4327.42,1070,767.19
Apple Podcasts,Comedy,4.25,4597.52,1016,354.58
Apple Podcasts,News & Culture,4.6,4412.83,1024,395.22
Apple Podcasts,News & Culture,4.46,4393.49,646,819.51
YouTube,News & Culture,4.05,4614.38,925,798.11
Apple Podcasts,News & Culture,4.25,4426.24,864,401.97
Apple Podcasts,Comedy,3.64,4569.18,898,412.44
Apple Podcasts,Comedy,4.29,4667.46,989,206.23
Spotify,Comedy,4.21,4533.1,851,635.43
Spotify,Documentary,4.5,4358.82,1136,1034.94
Apple Podcasts,Documentary,4.09,4363.11,891,830.35
Apple Podcasts,News & Culture,4.2,4602.05,903,438.71
Apple Podcasts,Documentary,4.35,4386.23,1186,786.18
Apple Podcasts,Documentary,4.93,4201.48,888,663.01
Spotify,Comedy,3.88,4814.53,993,594.33
Apple Podcasts,Documentary,4.67,4362.14,906,1026.82
Apple Podcasts,Documentary,4.16,4439.3,1246,905.81
Apple Podcasts,News & Culture,4.25,4462.17,759,590.55
Apple Podcasts,Documentary,4.84,4276.25,889,722.99
Apple Podcasts,Documentary,4.05,4356.06,993,772.87
Apple Podcasts,News & Culture,4.4,4452.99,1212,384.98
Apple Podcasts,News & Culture,4.62,4357.24,1027,487.11
Apple Podcasts,Comedy,4.15,4690.42,846,537.89
Apple Podcasts,Comedy,4.9,4721.4,944,515.96
Apple Podcasts,Documentary,4.67,4477.61,1107,690.84
Apple Podcasts,Documentary,4.75,4445.85,1128,896.3
YouTube,News & Culture,4.14,4547.5,1052,378.79
Apple Podcasts,Comedy,3.91,4696.04,920,629.5
Apple Podcasts,Comedy,4.22,4633.35,1097,474.2
BBC Sounds,Documentary,5,4333.43,956,896.7
Apple Podcasts,Comedy,4.17,4399.43,925,398.33
Apple Podcasts,News & Culture,4.75,4591.46,1218,457.89
Apple Podcasts,Documentary,3.98,4424.08,1369,738.84
Apple Podcasts,Documentary,4.5,4355.93,993,666.92
YouTube,Documentary,4.39,4272.25,1153,597.54
Apple Podcasts,News & Culture,4.32,4683.79,1139,570.13
Apple Podcasts,News & Culture,5,4230.98,878,439.67
Apple Podcasts,Comedy,4.66,4878.93,1068,566.54
Apple Podcasts,News & Culture,4.37,4757.58,1193,393.6
Apple Podcasts,Documentary,3,4181.73,714,773.41
Spotify,News & Culture,4.18,4426.77,863,555.54
Apple Podcasts,Documentary,4.8,4463.68,1195,684.86
YouTube,Documentary,5,4483.92,1008,855.76
Apple Podcasts,Documentary,3.91,4376,822,1013.15
Apple Podcasts,News & Culture,4.77,4355.35,772,428.15
Apple Podcasts,Comedy,4.69,4652.47,1285,394.86
Apple Podcasts,Comedy,2.61,4546.26,970,562.41
Spotify,News & Culture,5,4210.67,665,380.01
Apple Podcasts,Documentary,4.45,4445.85,1014,910.12
Apple Podcasts,News & Culture,5,4395.55,820,560.39
BBC Sounds,News & Culture,4.5,4742.1,1041,584.49
Spotify,Comedy,4.9,4560.46,690,426.14
Apple Podcasts,Documentary,4.38,4292.06,938,626.32
Spotify,News & Culture,4.06,4613.04,955,489.75
Apple Podcasts,News & Culture,4.71,4416.57,1052,255
YouTube,News & Culture,4.8,4481.34,687,397.64
Apple Podcasts,Comedy,4.74,4669.31,907,469.54
YouTube,News & Culture,4.16,4713.74,885,621.95
Apple Podcasts,News & Culture,4.79,4651.01,954,622.94
Apple Podcasts,Documentary,4.05,4166.31,1056,614.58
YouTube,Documentary,4.24,4178.4,854,788.72
Apple Podcasts,Comedy,3.91,4865.97,1284,537.02
Apple Podcasts,Documentary,4.44,4226.57,1150,594.44
YouTube,Comedy,4.04,4614.75,687,559.15
Apple Podcasts,News & Culture,3.59,4697.35,918,526.59
YouTube,Documentary,4.71,4396.67,1081,517.57
Apple Podcasts,Comedy,4.59,4791.9,936,489.96
Apple Podcasts,Comedy,4.46,4903.01,1164,614.1
Apple Podcasts,Documentary,4.8,4425.28,1209,700.48
Apple Podcasts,Comedy,5,4832.61,1244,494.85
Apple Podcasts,Comedy,4.85,4641.58,913,661.95
Apple Podcasts,Documentary,4.59,4403.65,978,879.37
Apple Podcasts,Comedy,4.14,4701.35,862,462.63
Apple Podcasts,Comedy,4.66,4693.25,1045,332.24
Apple Podcasts,Documentary,4.5,4318.19,1094,750.87
Spotify,News & Culture,4.95,4620.11,897,434.71
Apple Podcasts,Documentary,4.65,4290.13,913,792.15
Apple Podcasts,News & Culture,5,4476.5,805,426.14
Apple Podcasts,Comedy,3.7,4732.23,990,557.93
Spotify,News & Culture,3.54,4639.54,1160,432.87
Apple Podcasts,Documentary,4.5,4449.04,1085,853.63
Spotify,Comedy,4.22,4719.39,956,525.09
Apple Podcasts,News & Culture,4.15,4471.09,650,423.24
Apple Podcasts,News & Culture,5,4366.24,693,583.24
Apple Podcasts,Comedy,4.27,4688.26,668,523.2
Apple Podcasts,Documentary,4,4233.46,887,764.97
Apple Podcasts,News & Culture,4.53,4728.77,907,845.94
Apple Podcasts,News & Culture,4.18,4474.39,658,617.89
Apple Podcasts,Documentary,4.88,4298.31,1016,879.44
Apple Podcasts,Documentary,4.64,4265.85,920,878.32
YouTube,Documentary,4.24,4373.82,875,1058.26
Spotify,News & Culture,5,4543.03,1150,380.14
Apple Podcasts,News & Culture,5,4546.43,966,727.27
Spotify,Comedy,4.15,4659.29,921,544.29
Spotify,Documentary,3,4094.94,1014,579.68
Apple Podcasts,Comedy,4.18,4650.87,945,666.16
Apple Podcasts,Documentary,4.37,4083.73,944,652.26
Spotify,Documentary,4.66,4463.76,1037,1082.52
YouTube,News & Culture,3.68,4466.05,807,328.01
Apple Podcasts,News & Culture,4.28,4452.19,806,651.4
Apple Podcasts,Documentary,5,4307.86,1034,667.72
Spotify,News & Culture,4.35,4523.07,907,437.72
Apple Podcasts,Documentary,4.46,4191.12,985,699.76
Apple Podcasts,Documentary,4.2,4384.89,1174,694.44
Apple Podcasts,News & Culture,4.83,4591.45,1041,705.02
Apple Podcasts,Documentary,4.71,4319.58,805,1028.17
Apple Podcasts,Documentary,4.37,4374.98,855,1047.24
Apple Podcasts,News & Culture,4.8,4555.66,1064,487.29
YouTube,Comedy,4.46,4566.31,784,639.32
Apple Podcasts,Comedy,4.36,4672.27,731,692.85
Apple Podcasts,Documentary,4.5,4530.46,1108,959.84
Apple Podcasts,Documentary,3.92,4252.61,978,771.08
Apple Podcasts,News & Culture,5,4626.01,1036,509.01
Apple Podcasts,News & Culture,4.64,4292.81,518,601.25
YouTube,Documentary,4.28,4404.84,912,740.01
Apple Podcasts,Comedy,2,4579.25,1081,419.25
Apple Podcasts,Documentary,5,4303.27,1217,755.27
Apple Podcasts,Documentary,4.14,4394.07,1125,822.29
Apple Podcasts,Comedy,4.36,4566.6,629,846.65
Apple Podcasts,News & Culture,4.65,4575.34,1235,378.45
Apple Podcasts,Documentary,4.69,4344.51,1322,710.06
Spotify,Documentary,4.63,4471.11,901,770.63
Apple Podcasts,Comedy,4.5,4830.4,1221,380.99
Apple Podcasts,Documentary,3.5,4492.38,1121,628.27
Apple Podcasts,Comedy,4.87,4852.17,873,649.91
Spotify,Documentary,4,4189.94,960,917.6
Apple Podcasts,Documentary,4.13,4310.87,991,761.01
Apple Podcasts,News & Culture,4.86,4516.19,1050,587.25
Apple Podcasts,News & Culture,4.84,4721.16,979,636.13
Apple Podcasts,News & Culture,4.4,4470.49,1068,431.54
Apple Podcasts,Comedy,4.59,4788.9,1116,577.72
Spotify,Comedy,4.73,4760.36,1300,444.12
Apple Podcasts,Comedy,4.2,4592,1110,539.15
Apple Podcasts,Comedy,4.66,4602.36,837,476.11
Spotify,Documentary,4.37,4360.97,1094,982.36
Apple Podcasts,Documentary,4.07,4563.24,1299,725.19
Spotify,News & Culture,4.16,4370.67,852,334.66
Apple Podcasts,Comedy,4.73,4603.06,1194,434.72
Apple Podcasts,News & Culture,4.66,4726.68,1103,480.38
Apple Podcasts,Comedy,4.71,4798.95,907,586.12
Apple Podcasts,News & Culture,4.63,4546.42,828,640.74
Apple Podcasts,Documentary,4.59,4296.62,1026,694.42
Apple Podcasts,Documentary,4.72,4284.93,1139,793.46
Apple Podcasts,Documentary,4.2,4371.46,1018,858.6
Apple Podcasts,Comedy,5,4674.99,1048,532.82
Apple Podcasts,Comedy,4.5,4927.78,1208,541.95
BBC Sounds,News & Culture,4.73,4632.48,1060,824.13
Apple Podcasts,Documentary,4.36,4242.33,1215,547.22
YouTube,News & Culture,4.82,4486.16,990,543.75
YouTube,News & Culture,4.09,4442.02,732,593.91
Apple Podcasts,Documentary,4.33,4406.41,1250,524.62
Apple Podcasts,Comedy,4.7,4702.62,1108,414.67
Spotify,Documentary,4.28,4408.27,1097,1020.27
Apple Podcasts,Comedy,4.78,4646.4,700,647.65
Apple Podcasts,Documentary,4.73,4459.62,1025,715.86
Apple Podcasts,News & Culture,3,4553.6,1019,453.9
Spotify,News & Culture,4.56,4539.77,1118,558.11
Apple Podcasts,Comedy,4.68,4897.59,1104,549.69
Apple Podcasts,Comedy,4.12,4714.58,971,538.84
YouTube,News & Culture,4.56,4392.36,758,669.62
YouTube,News & Culture,4.81,4214.15,699,540.4
Apple Podcasts,Documentary,4.9,4265.33,1057,713.62
Apple Podcasts,News & Culture,4.73,4426.4,939,557.67
Spotify,Comedy,4.52,4513.14,940,621.84
Apple Podcasts,News & Culture,4.85,4602.98,934,645.8
Apple Podcasts,Documentary,4,4352.99,746,1027.86
Apple Podcasts,Comedy,4.53,4687.36,834,752.04
Apple Podcasts,Comedy,4.29,4886.65,902,669.15
Spotify,Comedy,4.66,4735.76,890,607.71
Spotify,Comedy,5,4599.45,736,592.6
Apple Podcasts,Documentary,3.5,4272.17,932,727.59
Apple Podcasts,News & Culture,3.17,4540.26,1080,705.99
Apple Podcasts,News & Culture,4.29,4464.07,835,542.4
Apple Podcasts,Comedy,4.23,4491.18,958,563.06
Apple Podcasts,Documentary,4.45,4320.25,975,833.67
Apple Podcasts,Documentary,4.35,4474.6,1233,834.41
Apple Podcasts,Documentary,4.65,4289.3,961,763.57
Apple Podcasts,Documentary,4.09,4464.9,1021,895.44
Apple Podcasts,News & Culture,4.66,4465.5,919,459.46
Apple Podcasts,Documentary,3.88,4450.17,1040,875.48
Apple Podcasts,Comedy,4.1,4833.61,1260,504.95
Apple Podcasts,Comedy,4.4,4598.96,1221,458.68
Apple Podcasts,Comedy,4.85,4719.07,843,435.17
Apple Podcasts,News & Culture,4.5,4538.25,1133,294.88
Apple Podcasts,Comedy,100,4693.18,0,661.94
Apple Podcasts,Documentary,4.3,4292.53,915,712.42
Apple Podcasts,Documentary,4.62,4302.2,903,802.41
Spotify,Comedy,4.35,4666.44,1099,489.66
Apple Podcasts,News & Culture,4.14,4456.64,541,619.06
Spotify,Documentary,4.36,4251.69,902,595.48
Apple Podcasts,News & Culture,4.25,4632.95,1043,446.53
Spotify,Comedy,4.48,4786.57,1047,509.58
Spotify,Comedy,4.12,4700.37,935,578.79
Apple Podcasts,Comedy,4.59,4567.81,739,493.83
Apple Podcasts,Comedy,4.75,4500.27,990,314.09
Apple Podcasts,Comedy,4,4696.69,1147,642.77
Spotify,News & Culture,5,4582.39,960,541.47
BBC Sounds,Comedy,4.6,4735.47,773,600.11
Spotify,News & Culture,4.75,4422.17,777,427.03
Apple Podcasts,News & Culture,4,4430.26,813,586.38
Apple Podcasts,Documentary,4.69,4199.5,756,731.68
Apple Podcasts,Documentary,5,4434.28,1049,891.04
YouTube,Comedy,4.5,4849.19,1106,694.32
Apple Podcasts,Comedy,4.56,4552.3,801,494.69
Apple Podcasts,Documentary,4.6,4315.92,790,1106.81
Apple Podcasts,Documentary,4.11,4191.11,1226,838.02
Apple Podcasts,Comedy,3.73,4708,1226,667.78
Apple Podcasts,Documentary,3.98,4432.05,1285,769.61
Apple Podcasts,Documentary,3.6,4408.58,1016,708.2
Apple Podcasts,News & Culture,4.69,4576.87,922,526.02
Apple Podcasts,Documentary,4.72,4323.05,822,799.16
Apple Podcasts,Comedy,4.4,4813.82,935,596.69
Apple Podcasts,Comedy,4.3,4569.3,834,811.05
Apple Podcasts,Comedy,4.07,4441.69,839,416.75
Spotify,News & Culture,3.97,4553.53,976,484.97
Spotify,Comedy,4.71,4689.85,916,679.36
Apple Podcasts,Documentary,3.68,4273.21,939,774.16
Apple Podcasts,Documentary,3.93,4291.08,1185,628.14
Apple Podcasts,Documentary,4.2,4094.45,696,655.77
YouTube,Comedy,4,4665.99,945,369.05
Apple Podcasts,News & Culture,4.33,4497.94,803,413.37
Apple Podcasts,Documentary,4.83,4523.51,1448,756.67
Spotify,News & Culture,4.7,4491.17,866,536.08
Apple Podcasts,Documentary,3.9,4316.72,1000,1174.99
Apple Podcasts,Documentary,4.54,4216.27,927,778.94
Apple Podcasts,Documentary,4.52,4388.41,1036,692.66
Apple Podcasts,News & Culture,4.18,4489,790,529.95
Apple Podcasts,Comedy,4.8,4660.98,881,322.1
Apple Podcasts,Comedy,4.7,4600.32,803,572.46
Spotify,Documentary,4.2,4191.26,1067,608.05
Apple Podcasts,Documentary,4.24,4455.49,1166,855.33
Apple Podcasts,Documentary,4.28,4212.38,940,792.67
YouTube,News & Culture,4.22,4469.7,971,545.73
Spotify,News & Culture,4.74,4501.97,886,773.77
Apple Podcasts,Comedy,4.26,4635.19,969,450.43
Apple Podcasts,Documentary,4.7,4219.71,849,690.71
Apple Podcasts,Comedy,4.89,4903.97,987,828.98
Apple Podcasts,Documentary,4.75,4424.54,826,759.83
YouTube,Comedy,3.92,4793.34,923,759.19
Spotify,Documentary,4.51,4336.63,1043,795.55
Apple Podcasts,Comedy,4.55,4805.25,863,573.46
Spotify,News & Culture,4.71,4330.57,1051,589.77
Apple Podcasts,Documentary,4.66,4326.98,1012,676.34
Apple Podcasts,News & Culture,4.35,4493.52,897,776.62
Spotify,Documentary,4.4,4311.2,1034,666.2
Apple Podcasts,Comedy,4.4,4714.2,801,635.44
YouTube,Documentary,4.12,4404.71,903,912.89
Apple Podcasts,Documentary,5,4299.25,789,868.06
Apple Podcasts,News & Culture,4.66,4496.91,873,622.07
YouTube,Documentary,4.41,4346.61,1092,869.6
Apple Podcasts,Documentary,4.5,4389.84,932,974.58
Apple Podcasts,Comedy,4.28,4593.83,1018,498.5
Apple Podcasts,Comedy,4.73,4652.17,823,636.5
Spotify,News & Culture,4.66,4289.63,443,505.29
Apple Podcasts,Documentary,4.62,4404.55,1242,784.88
Spotify,Documentary,4.51,4417.27,1138,805.83
Spotify,News & Culture,3.67,4365.51,660,701.7
Apple Podcasts,Comedy,4.76,4489.78,666,419.3
YouTube,Comedy,3.55,4531.98,943,543.71
Apple Podcasts,News & Culture,3.43,4500.72,940,501.52
Apple Podcasts,Comedy,4.54,4636.78,725,685.2
Apple Podcasts,Documentary,4.38,4384.01,908,699.16
Spotify,Comedy,4.53,4660.26,866,472.12
Apple Podcasts,News & Culture,0,4542.37,0,261.16
Apple Podcasts,Documentary,3.25,4402.03,1155,996.27
Apple Podcasts,News & Culture,4.35,4260.94,1172,234.26
Spotify,News & Culture,4.49,4557.83,980,662.68
Apple Podcasts,Documentary,3.63,4277.02,1127,752.32
Apple Podcasts,Documentary,4.74,4447.85,919,785.93
Apple Podcasts,News & Culture,4.64,4384.42,956,708.77
Spotify,Comedy,4.7,4638.76,1034,539.21
Apple Podcasts,Documentary,4.42,4388.15,961,762.01
Apple Podcasts,Documentary,4.27,4168.45,806,613.98
Apple Podcasts,Comedy,4.42,4723.15,722,729.04
Apple Podcasts,News & Culture,2.5,4616.79,1092,587.64
Apple Podcasts,Comedy,3.81,4763.22,1200,582.24
Apple Podcasts,Documentary,4.36,4335.1,958,697.2
YouTube,Documentary,4.38,4416.06,1193,519.61
Apple Podcasts,News & Culture,4.71,4397.28,739,558.98
BBC Sounds,News & Culture,4.5,4209.51,688,412.17
Spotify,News & Culture,4.35,4694.44,1228,510.8
Apple Podcasts,News & Culture,4.19,4533.75,834,480.02
Apple Podcasts,News & Culture,4.64,4647.55,1228,352.96
Apple Podcasts,Comedy,4.64,4475.44,663,664.2
Spotify,Documentary,4.81,4166.9,1076,599.77
Apple Podcasts,Comedy,4.87,4548.61,725,448.14
Apple Podcasts,News & Culture,4.8,4719.85,1074,628.82
Apple Podcasts,News & Culture,4.27,4665.74,1175,436.13
Apple Podcasts,Comedy,4.38,4745.6,1015,511.39
Spotify,News & Culture,4.71,4418.75,870,434.98
Apple Podcasts,Documentary,4.7,4407.4,978,888.27
BBC Sounds,Comedy,4.59,4756.12,854,439.97
YouTube,Documentary,4,4222.64,783,870.6
Apple Podcasts,Comedy,3.5,4538.2,852,473.03
Apple Podcasts,Documentary,0,4389.76,0,829.28
BBC Sounds,News & Culture,4.67,4587.34,989,420.09
Apple Podcasts,News & Culture,4.13,4533.61,593,615.14
Apple Podcasts,News & Culture,4.44,4957.78,1245,727.54
Apple Podcasts,Documentary,4.77,4588.83,1000,884.93
Apple Podcasts,Documentary,4.47,4259.61,927,905.23
Apple Podcasts,News & Culture,4.5,4508.48,583,577.31
Apple Podcasts,News & Culture,4.74,4516.06,1089,232.76
YouTube,Documentary,4.69,4359.54,889,777.8
Spotify,News & Culture,5,4546.38,635,606.83
Spotify,Documentary,4.35,4459.49,1146,841.43
YouTube,Comedy,4.81,4652.54,932,595.48
Apple Podcasts,Documentary,4,4347.75,1113,981.03
Spotify,Comedy,4.52,4713.73,1030,560.07
Spotify,Documentary,5,4240.06,1281,470.97
YouTube,News & Culture,4.07,4634.12,782,772.74
Apple Podcasts,Documentary,4.58,4241.18,908,872.21
YouTube,News & Culture,4.34,4367.58,849,623.76
Spotify,Documentary,3.76,4301.56,984,815.22
Apple Podcasts,Documentary,4.26,4438.69,1208,680.17
Apple Podcasts,News & Culture,4.16,4495.21,1111,389.52
BBC Sounds,Documentary,4.76,4247.77,1048,726.19
Apple Podcasts,Documentary,3.03,4355.1,934,687.92
Apple Podcasts,News & Culture,4.82,4408.11,751,255.31
Apple Podcasts,Documentary,4.07,4219.22,722,1004.11
YouTube,Comedy,4.75,4643,972,213.63
Spotify,News & Culture,4.6,4554.59,973,553.83
Apple Podcasts,Comedy,4.6,4673.06,907,669.84
Apple Podcasts,Comedy,3.81,4625.5,1028,344.99
Apple Podcasts,Documentary,3.66,4354.04,931,1019.54
YouTube,News & Culture,4.45,4436.03,684,524.65
Apple Podcasts,Comedy,4.68,4813.9,1057,599.73
Apple Podcasts,Documentary,3.8,4338.66,669,821.22
Apple Podcasts,Documentary,5,4303.57,1012,769.74
Apple Podcasts,News & Culture,4.61,4457.29,1006,405.54
Apple Podcasts,Documentary,4.58,4403.34,984,936.05
Apple Podcasts,Documentary,5,4393.14,950,907.54
Apple Podcasts,Comedy,4.19,4661.82,731,433.01
Apple Podcasts,News & Culture,4.58,4620.49,1029,511.04
Apple Podcasts,News & Culture,3.51,4558.49,826,437.25
Apple Podcasts,Comedy,3.79,4512.94,886,606.44
Spotify,Documentary,4.15,4532.62,955,960.08
Apple Podcasts,News & Culture,4.32,4737.06,907,690.47
Apple Podcasts,Documentary,5,4383.26,932,753.62
Apple Podcasts,Comedy,3.93,4794.38,833,641.64
Apple Podcasts,News & Culture,4,4366.24,857,382.74
YouTube,Comedy,4.41,4849.63,1049,637.97
Apple Podcasts,Documentary,5,4201.53,706,826.2
Spotify,News & Culture,4.66,4132.49,741,375.39
Apple Podcasts,News & Culture,4.45,4266.15,1035,464.26
Apple Podcasts,Comedy,4.61,4889.96,658,566.41
Apple Podcasts,Documentary,4.14,4399.27,1024,958
Apple Podcasts,News & Culture,4.54,4612.55,1212,535.82
Spotify,Comedy,4.41,4844.51,1017,485.16
Apple Podcasts,Comedy,4.7,4690.09,681,681.41
Apple Podcasts,Documentary,4.3,4406.89,1158,660.75
Apple Podcasts,News & Culture,4.64,4417.21,960,438.68
YouTube,Comedy,4.46,4518.01,881,335.03
Apple Podcasts,News & Culture,2.85,4533.87,757,561.3
Spotify,Comedy,5,4792.81,1055,673.51
Apple Podcasts,Documentary,4.24,4292.87,1015,815.24
Spotify,Documentary,4.57,4541.92,975,868.48
Spotify,News & Culture,4.33,4393.92,909,301.38
Apple Podcasts,Comedy,3.97,4869.21,936,746.95
YouTube,Comedy,4.53,4942.26,970,535.23
Apple Podcasts,News & Culture,4.06,4085.31,944,251.33
Apple Podcasts,Comedy,4.16,4788.77,1125,598.71
Apple Podcasts,News & Culture,3.48,4409.86,936,407.86
Apple Podcasts,Comedy,4.56,4643.29,581,594.71
Spotify,Documentary,4.79,4331.99,643,991.57
Apple Podcasts,Comedy,4.69,4779.72,1035,378.47
Apple Podcasts,Documentary,3.8,4194.47,927,759.87
Apple Podcasts,Comedy,3.91,4647.46,951,584.61
Apple Podcasts,Documentary,4.24,4418.81,1158,1005.93
Apple Podcasts,Documentary,5,4388.93,1169,940.16
Apple Podcasts,Documentary,3.83,4416.24,1179,966.86
YouTube,News & Culture,4.82,4752.59,794,698.36
Spotify,News & Culture,4.16,4456.72,837,497.65
Apple Podcasts,News & Culture,3.84,4257.14,724,289.36
Spotify,Comedy,4.66,4665.2,1084,640.47
Apple Podcasts,Comedy,3.75,4817.49,1169,586.66
Apple Podcasts,Comedy,4,4605.08,989,451.28
Apple Podcasts,Documentary,2.94,4419.36,964,856.44
Apple Podcasts,News & Culture,4.3,4210.62,960,594.8
YouTube,Comedy,4.44,4822,957,336.09
Apple Podcasts,Documentary,4.11,4338.37,1151,781.84
Apple Podcasts,News & Culture,4.16,4384.7,1021,395.44
Spotify,Comedy,4.4,4648.98,835,512.57
YouTube,Documentary,5,4540.46,1029,932.16
YouTube,News & Culture,4,4480.44,868,637.32
Apple Podcasts,News & Culture,4.67,4674.28,1000,661.93
Apple Podcasts,Documentary,4.61,4251.82,743,714.59
Apple Podcasts,Comedy,4.36,4901.43,1200,414.41
Spotify,Documentary,4.62,4403.11,1114,796.81
Apple Podcasts,News & Culture,4.06,4724.28,1177,679.61
Apple Podcasts,Documentary,4.24,4352.8,1169,667.16
Apple Podcasts,Documentary,4.76,4283.44,932,673.8
Apple Podcasts,Documentary,4.31,4470.91,1107,873.55
Apple Podcasts,Comedy,4.83,4808.73,1040,577.55
Apple Podcasts,News & Culture,4.44,4497.9,913,408.83
Apple Podcasts,Documentary,4.58,4327.42,905,957.36
Apple Podcasts,Comedy,5,4716.64,812,680.83
Apple Podcasts,News & Culture,4.6,4798.78,1162,652.86
Apple Podcasts,News & Culture,3.86,4554.37,1165,479.41
YouTube,Comedy,4.63,4899.1,1017,595
BBC Sounds,Documentary,4.27,4343.23,908,780.18
Spotify,News & Culture,4.26,4632.29,830,486
BBC Sounds,News & Culture,4.75,4698.38,1122,520.97
Apple Podcasts,Comedy,4.43,4793.8,1203,632.3
Apple Podcasts,News & Culture,4.1,4367.58,1122,493.63
YouTube,Comedy,4.28,4591.86,804,570.01
Apple Podcasts,News & Culture,4.02,4166.91,841,293.31
YouTube,News & Culture,4.45,4337.44,799,568.43
Apple Podcasts,Documentary,5,4400.1,1278,762.7
Apple Podcasts,News & Culture,4.33,4632.45,964,515.42
YouTube,Documentary,4.75,4246.92,880,659.12
Apple Podcasts,Documentary,4.16,4229.1,938,547.23
Apple Podcasts,News & Culture,4.11,4307.99,686,547.89
Spotify,Documentary,4.5,4328.88,1015,744.52
Spotify,Comedy,3.73,4699.37,1114,281.2
Apple Podcasts,Documentary,5,4428.34,1096,561.28
YouTube,News & Culture,4.66,4484.02,467,837.79
Apple Podcasts,Documentary,4.13,4408.94,947,1139.8
Apple Podcasts,News & Culture,4.66,4797.43,1247,869.5
Apple Podcasts,Documentary,3.78,4458.38,1034,880.43
Apple Podcasts,Documentary,4.47,4438.17,916,1079.15
Spotify,News & Culture,4.09,4598.25,1022,742.47
Spotify,Documentary,4.32,4533.22,1145,893.6
Apple Podcasts,Comedy,4.38,4838.16,936,542.12
Apple Podcasts,News & Culture,4.75,4519.88,1119,671.36
Apple Podcasts,Comedy,4.23,4815.8,999,505.83
Apple Podcasts,News & Culture,4.82,4239.92,704,398.83
Apple Podcasts,Comedy,5,4673.75,1230,693.38
Apple Podcasts,Comedy,4.43,4886.13,871,604.55
Apple Podcasts,News & Culture,4.55,4447.23,910,465.96
Apple Podcasts,Documentary,4.57,4433.97,1239,787.87
Apple Podcasts,Comedy,4.17,4683.69,713,486.76
Apple Podcasts,Documentary,4.07,4199.11,956,768.57
Apple Podcasts,Comedy,4.61,4617.63,802,637.78
Apple Podcasts,Documentary,4.14,4372.08,1106,640.74
Apple Podcasts,Comedy,4.06,4923.83,934,774.62
Apple Podcasts,News & Culture,3.66,4467.35,828,468.3
Apple Podcasts,Documentary,4.9,4244.88,806,487.79
Spotify,Documentary,4.61,4245.29,1196,636.09
Apple Podcasts,News & Culture,4.3,4625.58,1217,415.36
YouTube,Documentary,3.41,4449.95,1223,670.44
Apple Podcasts,Comedy,4.37,4782.15,1020,684.62
YouTube,News & Culture,4.38,4462.58,1189,536.7
Spotify,Comedy,3.43,4678.98,885,444.16
Spotify,News & Culture,4.49,4517.06,870,478.28
Apple Podcasts,News & Culture,4.39,4654.92,1233,513.12
Apple Podcasts,News & Culture,4.35,4440.08,905,262.7
Spotify,Documentary,4.57,4359.13,971,731.54
Spotify,Documentary,4.19,4341.14,991,901.84
YouTube,Documentary,4.75,4287.08,1153,890.6
Apple Podcasts,Comedy,4.79,4640.39,845,668.31
Apple Podcasts,Comedy,4.26,4593.66,900,560.98
Apple Podcasts,News & Culture,4.8,4378.96,858,522.87
Apple Podcasts,Documentary,4.14,4442.71,949,1135.57
Apple Podcasts,News & Culture,4.71,4740.86,1076,479.68
Apple Podcasts,News & Culture,4.42,4442.94,996,392.39
Apple Podcasts,Documentary,4.81,4156.9,841,585.47
Apple Podcasts,News & Culture,4.68,4678.18,1115,486.91
Apple Podcasts,Comedy,5,4568.31,568,544.68
Apple Podcasts,Documentary,3.97,4360.88,1110,666.66
Apple Podcasts,News & Culture,3.33,4563.6,992,356.71
Apple Podcasts,News & Culture,3.98,4388.83,955,603.44
Apple Podcasts,Comedy,3.55,4961.48,1119,613.78
Spotify,Documentary,4.18,4370.36,1285,777.65
Apple Podcasts,News & Culture,4.36,4538.6,815,451.39
Apple Podcasts,News & Culture,4.25,4545.46,818,293.15
Spotify,News & Culture,4.3,4383.91,589,543.39
Apple Podcasts,Documentary,4.11,4179.99,1126,760.54
Apple Podcasts,Documentary,4.53,4380.99,954,923.21
Apple Podcasts,Documentary,4.78,4481.19,1120,963.24
Apple Podcasts,Comedy,4,4784.29,1097,652.95
YouTube,News & Culture,4.68,4477.85,960,407.58
Spotify,Documentary,4.62,4300.26,838,673.25
Apple Podcasts,Comedy,4.93,4846.25,801,754.52
YouTube,Comedy,4.29,4839.3,1073,396.77
Apple Podcasts,Comedy,4.59,4727.41,1069,485.23
Apple Podcasts,Documentary,4.61,4317.84,957,772.26
YouTube,News & Culture,4.58,4689.38,928,562.58
Apple Podcasts,Documentary,3.83,4367.51,959,781.99
Apple Podcasts,Comedy,4.16,4724.01,854,659.84
YouTube,Comedy,4.26,4857.61,1021,540.37
Apple Podcasts,News & Culture,3.89,4282.39,1108,453.16
YouTube,Documentary,4.52,4280.07,964,721.46
BBC Sounds,Documentary,4.27,4191.17,842,813.88
Apple Podcasts,News & Culture,4.39,4727.41,918,742.57
Apple Podcasts,Documentary,100,4315.14,0,1018.47
Apple Podcasts,News & Culture,5,4580.32,990,365.21
Spotify,Documentary,4.48,4233.99,982,910.72
Apple Podcasts,Documentary,4.65,4603.75,1290,1104.65
Apple Podcasts,News & Culture,4.59,4082.89,763,255.93
Apple Podcasts,Comedy,4.65,4554.57,672,568.98
Spotify,Documentary,4.19,4368.81,955,866.12
Apple Podcasts,Documentary,4.34,4244.59,981,668.78
Apple Podcasts,Comedy,4.97,4496.89,864,491.24
YouTube,News & Culture,4.65,4477.47,881,533.21
BBC Sounds,Documentary,4.3,4391.51,846,1114.8
Apple Podcasts,Documentary,4.75,4383.66,1003,1033.1
BBC Sounds,Documentary,2.67,4249.41,1010,870.97
BBC Sounds,Comedy,4.44,4743.12,815,621.75
YouTube,Comedy,4.17,4629.05,946,710.93
Apple Podcasts,News & Culture,100,4380.97,0,536.21
Apple Podcasts,News & Culture,4.71,4335.6,928,586.03
BBC Sounds,Documentary,4.29,4173.02,830,715.11
YouTube,Comedy,4.57,4623.79,846,441.16
Apple Podcasts,Comedy,4.33,4657.35,828,572.89
Apple Podcasts,News & Culture,4,4394.81,931,545.67
Spotify,News & Culture,2.39,4812.82,1013,913.18
Spotify,Comedy,4.35,4672.87,973,528.11
Apple Podcasts,Documentary,4.81,4406.44,1159,717.76
Apple Podcasts,News & Culture,4.38,4728.55,935,536.83
Apple Podcasts,Documentary,4.16,4353.2,876,847.37
YouTube,Documentary,4.33,4278.22,1159,758.41
Apple Podcasts,News & Culture,4.38,4513.27,694,676.95
Spotify,Comedy,4.33,4843,1040,628.26
Apple Podcasts,Documentary,4.43,4211.97,1094,757.57
Apple Podcasts,Comedy,4.33,4488.12,720,568.43
Apple Podcasts,Comedy,4.66,4616.26,872,404.31
Apple Podcasts,Comedy,4.66,4633.81,820,571.15
Apple Podcasts,News & Culture,5,4492.98,1311,400.08
Apple Podcasts,Comedy,4.39,4727.32,1263,466.45
Spotify,Documentary,4.22,4418.91,949,807.61
Apple Podcasts,Comedy,3.78,4658.44,870,641.32
Apple Podcasts,Comedy,4,4624.71,1077,482.33
Apple Podcasts,News & Culture,3.94,4741.9,863,800.1
Apple Podcasts,News & Culture,4.29,4492.98,615,558.57
Apple Podcasts,Comedy,5,4623.9,1022,586.07
Spotify,News & Culture,4.38,4497.37,958,303.79
Apple Podcasts,Comedy,4.57,4566.17,1021,560.25
YouTube,Comedy,4.52,4460.33,429,590.74
Spotify,Documentary,4.83,4251.23,951,635.61
Spotify,Comedy,4.43,4560.54,884,551.89
Apple Podcasts,News & Culture,4.4,4272.42,759,566.73
Spotify,News & Culture,4.66,4380.11,800,652.63
Apple Podcasts,Comedy,4.12,4593.32,725,573.56
Apple Podcasts,Comedy,4.11,4695.68,959,368.2
Apple Podcasts,Documentary,4.39,4374.61,1087,764.91
YouTube,Documentary,4.05,4365.17,1225,655.16
Spotify,Comedy,4.13,4672.04,1046,532.88
Apple Podcasts,Comedy,4.36,4589.3,1057,583.49
Apple Podcasts,News & Culture,3.16,4556.46,750,488.9
Apple Podcasts,News & Culture,4,4686.27,956,526.55
Apple Podcasts,Documentary,4.54,4463.48,1224,825.76
Apple Podcasts,News & Culture,4.37,4594.51,1031,642.9
Apple Podcasts,Comedy,4.76,4663.63,995,515.38
Spotify,News & Culture,4.33,4465.54,1020,627.58
Apple Podcasts,Comedy,4.52,4690.54,885,684.63
Apple Podcasts,Documentary,0,4351.83,0,776.2
Apple Podcasts,Documentary,4.23,4377.05,818,684.3
Apple Podcasts,Documentary,3.97,4294.31,1005,838.52
Apple Podcasts,Comedy,3.48,4777.36,884,451.37
Apple Podcasts,Documentary,4.12,4265.62,1059,838.28
Apple Podcasts,Documentary,4.83,4448.92,849,974.94
Apple Podcasts,Comedy,4.5,4731.19,898,1014.67
BBC Sounds,Documentary,3.93,4128.41,793,783.86
Apple Podcasts,Documentary,4.64,4411.99,1261,961.33
Apple Podcasts,Comedy,4.58,4675.01,966,440.29
YouTube,Documentary,4.6,4390.84,1106,713.8
YouTube,Comedy,4.16,4772.79,1207,502.94
Apple Podcasts,Documentary,4.11,4386.96,1242,934.19
Apple Podcasts,Comedy,4.25,4735.5,619,537.6
Apple Podcasts,News & Culture,4.14,4639.65,829,803.74
Apple Podcasts,News & Culture,4.54,4677.66,1063,484.32
Apple Podcasts,Documentary,4.07,4594.85,1089,1088.01
Apple Podcasts,Documentary,4.5,4474.02,1133,1068.88
Apple Podcasts,Comedy,4.88,4956.05,940,593.38
Apple Podcasts,News & Culture,4.38,4456.54,1063,344.78
Apple Podcasts,Documentary,4.4,4565.53,1110,885.23
Apple Podcasts,News & Culture,4.68,4524.91,1149,473.7
Apple Podcasts,Documentary,4.42,4254.09,1189,882.52
Apple Podcasts,News & Culture,4.83,4074.62,574,390.82
Apple Podcasts,Documentary,4,4297.22,1102,779.39
YouTube,Documentary,3.57,4259.34,844,744.53
Apple Podcasts,News & Culture,4.85,4516.03,793,489.96
Apple Podcasts,Comedy,5,4726.15,957,423.29
Apple Podcasts,News & Culture,4.42,4458.94,930,617.85
Apple Podcasts,Documentary,5,4347.05,922,918.15
Apple Podcasts,Comedy,4.25,4565.74,805,468.83
Apple Podcasts,Comedy,4.1,4827,892,499.8
YouTube,News & Culture,4.63,4792.41,1025,618.53
Apple Podcasts,Comedy,4.72,4803.61,1118,539.82
Apple Podcasts,News & Culture,4.3,4582.16,860,614.53
YouTube,Comedy,5,4852.89,1237,353.59
Apple Podcasts,Documentary,1.66,4431.4,973,912.01
Apple Podcasts,News & Culture,4.34,4741.92,1127,499.37
Apple Podcasts,Comedy,4.66,4543.88,922,513.51
Apple Podcasts,Documentary,4.78,4227.61,936,1041.37
Apple Podcasts,Documentary,4.71,4353.84,1047,797.84
Spotify,Documentary,4.59,4391.37,1104,900.94
BBC Sounds,News & Culture,4.55,4637.07,1127,497.25
Apple Podcasts,Documentary,4.42,4223.66,849,754.12
Apple Podcasts,Documentary,4.64,4454.67,898,725.61
Apple Podcasts,Comedy,100,4519.9,0,405.97
Apple Podcasts,Documentary,4.41,4345.91,958,596.58
Spotify,Documentary,4.59,4307.13,1150,1005.62
Apple Podcasts,News & Culture,4,4652.94,858,523.16
Spotify,News & Culture,4.59,4544.14,902,743.46
Apple Podcasts,News & Culture,5,4163.72,1046,289.99
Apple Podcasts,Documentary,4.25,4391.37,1027,907.88
Apple Podcasts,News & Culture,3.86,4654.52,878,703.02
Apple Podcasts,Comedy,4.19,4882.23,517,781.55
Apple Podcasts,Comedy,3.75,4854.83,1188,573.94
Spotify,Comedy,4.67,4502.25,818,460.72
YouTube,Documentary,4.42,4174.56,829,678.83
Apple Podcasts,News & Culture,4.45,4134.86,408,481.23
Spotify,Comedy,4.38,5056.87,1222,752.19
Apple Podcasts,Documentary,4.66,4412.9,1023,916.59
Apple Podcasts,Comedy,4,4613.34,643,494.07
Apple Podcasts,News & Culture,4.5,4352.64,891,688.11
Apple Podcasts,Comedy,4.67,4789.82,897,491.29
Spotify,Comedy,4.71,4822.42,844,559.61
Apple Podcasts,News & Culture,4.69,4641.62,728,655.64
Apple Podcasts,Documentary,4.75,4434.61,1016,826.33
Spotify,Comedy,3.89,4708.25,748,638.46
Apple Podcasts,Comedy,4.36,4802.55,859,546.84
YouTube,News & Culture,4.57,4386.65,887,427.29
YouTube,Comedy,5,4497.43,1027,654.36
Apple Podcasts,Documentary,4.32,4405.66,1063,857.66
Spotify,News & Culture,4.5,4205.06,647,362.95
Apple Podcasts,Documentary,4.19,4422.55,1162,850.22
Spotify,News & Culture,4,4447.2,885,435.65
BBC Sounds,Documentary,4.58,4460.06,889,792.73
Apple Podcasts,Comedy,2,4572.56,757,518.8
Apple Podcasts,Documentary,4.88,4411.29,1231,792.54
Apple Podcasts,Documentary,4.92,4420.97,1176,781.44
Spotify,News & Culture,5,4531.63,693,436.89
Apple Podcasts,Comedy,4.58,4896.31,1024,645.37
YouTube,Documentary,4.12,4368.84,1112,761.76
Apple Podcasts,Comedy,4.23,4798.33,665,757.43
Apple Podcasts,Comedy,4.69,4790.23,1136,672.75
Apple Podcasts,News & Culture,4.67,4589.68,922,558.08
Apple Podcasts,Documentary,4.84,4420.99,1070,837.03
Spotify,Documentary,4.4,4206.36,1142,706.21
Apple Podcasts,Comedy,4.62,4780.8,1117,668.23
Apple Podcasts,Documentary,4.21,4589.95,1268,950.08
Apple Podcasts,News & Culture,4.21,4520.94,791,723.35
Spotify,Comedy,4.37,4497.57,706,348.6
BBC Sounds,Documentary,4.26,4367.27,1121,788.67
Spotify,Comedy,4.55,4783.05,1124,605.55
Apple Podcasts,Documentary,4.36,4256.96,1045,710.28
Apple Podcasts,News & Culture,4.4,4338.88,927,551.2
Apple Podcasts,Documentary,4.42,4243.48,1184,754.23
Apple Podcasts,News & Culture,4.57,4358.58,1137,355.85
YouTube,Comedy,4.87,4798.97,999,796.15
Apple Podcasts,News & Culture,4.5,4540.37,657,446.69
YouTube,Documentary,4.39,4296.19,780,822.65
Apple Podcasts,News & Culture,3.81,4245.16,791,679.02
YouTube,Documentary,4.34,4315.3,896,992.67
YouTube,Documentary,3.73,4304.47,1116,671.92
Spotify,News & Culture,4.5,4386.77,1054,228.44
Spotify,Documentary,3.8,4477.03,1191,874.09
Apple Podcasts,News & Culture,4.23,4758.95,1157,586.34
Apple Podcasts,Documentary,2.75,4273.49,903,708.1
Apple Podcasts,Comedy,4.5,4806.91,783,576.81
Apple Podcasts,Comedy,3.8,4711.14,848,431.3
BBC Sounds,News & Culture,5,4456.52,1059,372.87
Apple Podcasts,Documentary,4.09,4360.78,1159,791.67
Apple Podcasts,Documentary,4.34,4396.05,1076,708.2
Apple Podcasts,News & Culture,4.94,4785.47,1047,589.3
Apple Podcasts,Documentary,4.78,4377.5,997,654.36
Apple Podcasts,Documentary,4.33,4329.02,997,755.77
Apple Podcasts,Documentary,5,4343.14,1011,653.03
YouTube,Documentary,4.7,4342.73,922,790.86
YouTube,Comedy,4.92,4633.62,815,556.99
Apple Podcasts,Comedy,4.5,4746.51,927,677.57
Apple Podcasts,Documentary,4.34,4320.93,863,887.93
Apple Podcasts,Comedy,4.45,4614.24,1003,391.27
Apple Podcasts,Documentary,3.72,4440.94,983,912.73
Apple Podcasts,Documentary,4.46,4456.74,980,878.28
Spotify,Comedy,4,4607.95,1028,303.47
Apple Podcasts,News & Culture,3.69,4442.04,999,599.4
YouTube,Comedy,4.58,4755.97,1109,640.43
Apple Podcasts,News & Culture,3.8,4406.45,724,382.51
Apple Podcasts,Comedy,4.42,4831.72,1024,854.72
Apple Podcasts,News & Culture,5,4325.52,921,402.48
Apple Podcasts,Documentary,4.79,4444.36,1169,932.97
Apple Podcasts,Documentary,3.33,4286.45,815,611.8
Apple Podcasts,News & Culture,4.02,4511.39,766,459.59
Spotify,News & Culture,3.93,4739.22,1064,630.9
Apple Podcasts,News & Culture,3.96,4543.16,1083,649.5
Apple Podcasts,News & Culture,4.86,4334.18,868,384.97
Apple Podcasts,Documentary,4.47,4242.73,1133,821.92
Spotify,Documentary,4.89,4224.25,978,623.63
Apple Podcasts,News & Culture,3.84,4645.67,945,385.76
Apple Podcasts,News & Culture,5,4632.58,719,928.2
Apple Podcasts,Comedy,4.61,4749.27,949,642.21
YouTube,Documentary,4.76,4553.24,1352,735.62
Apple Podcasts,News & Culture,4.5,4628.31,893,442.83
Apple Podcasts,Documentary,4.3,4379.71,1200,696.69
Apple Podcasts,Documentary,4.05,4558.45,1112,997.88
Spotify,News & Culture,4.77,4524.22,886,652.94
Apple Podcasts,Documentary,4.51,4298.56,1083,722.8
Apple Podcasts,News & Culture,4.6,4599.94,786,824.38
Spotify,News & Culture,3.46,4363.2,942,546.02
Apple Podcasts,Documentary,5,4396.47,1049,624.82
YouTube,Comedy,4.63,4762.96,979,557.37
BBC Sounds,News & Culture,3.66,4550.22,1016,697.5
Apple Podcasts,News & Culture,3.46,4545.81,1005,749.78
Apple Podcasts,Comedy,3.89,4831.2,891,614.77
BBC Sounds,Documentary,4.81,4424.7,1115,906.95
Apple Podcasts,Comedy,3.63,4718.79,972,502.04
Apple Podcasts,Documentary,4.66,4421.67,1146,1050.79
Apple Podcasts,Documentary,4.59,4345.09,874,859.88
Apple Podcasts,News & Culture,4.5,4438.32,1004,347.72
Apple Podcasts,News & Culture,4.37,4377.33,938,457.27
Apple Podcasts,Comedy,4.08,4644.21,769,548.76
Apple Podcasts,Comedy,4.3,4637.87,893,514.09
Apple Podcasts,Comedy,4.59,4809.17,829,496.24
Apple Podcasts,Documentary,2.6,4194.02,896,653.73
Apple Podcasts,News & Culture,4.61,4701.21,930,721.68
Apple Podcasts,Comedy,4.52,4773.27,701,830.48
Apple Podcasts,Documentary,4.32,4495.53,1074,1063.63
Apple Podcasts,News & Culture,4.42,4363.33,829,373.31
Apple Podcasts,Comedy,4.42,4708.27,1064,488.35
YouTube,Comedy,4.05,4937.24,1077,493.57
Apple Podcasts,News & Culture,4,4585.63,1226,310.7
Apple Podcasts,Comedy,4.48,4599.28,926,413.48
Apple Podcasts,Comedy,4.77,4616.14,1054,529.69
BBC Sounds,Comedy,4.78,4747.63,1246,414.85
Apple Podcasts,News & Culture,4.81,4391.33,803,678.68
Spotify,Documentary,4.6,4392.78,776,936.4
Apple Podcasts,News & Culture,4.41,4447.25,994,504.51
Apple Podcasts,News & Culture,4.9,4495.2,917,672.47
Apple Podcasts,Comedy,4.56,4615.92,901,538.72
Apple Podcasts,Documentary,3.73,4382.11,1223,971.54
Spotify,Documentary,4.06,4246.71,742,974.1
YouTube,News & Culture,5,4639,831,732.64
Apple Podcasts,Comedy,4.76,4866.52,962,592.46
Apple Podcasts,Comedy,4,4452.29,888,480.4
Spotify,News & Culture,4.64,4528.51,910,523.68
Apple Podcasts,Comedy,4.48,4820.98,932,897.64
Apple Podcasts,News & Culture,4.32,4651.94,1105,497.48
Apple Podcasts,Comedy,4.27,4575.85,1039,397.23
Apple Podcasts,News & Culture,4.33,4385.26,908,499.66
Apple Podcasts,Comedy,4.85,4903.09,1171,718.72
YouTube,Documentary,3.77,4377.23,1114,885.52
Apple Podcasts,Documentary,4.58,4389.84,831,741.09
YouTube,News & Culture,4.36,4373.81,727,505.68
Apple Podcasts,News & Culture,4.52,4523.27,1169,596.33
Apple Podcasts,Documentary,100,4255.42,0,838.91
Apple Podcasts,Comedy,4.63,4720.86,1084,392.52
Apple Podcasts,Comedy,3.91,4706.63,1024,498.56
Spotify,News & Culture,4.33,4574.83,1038,696.11
Apple Podcasts,Comedy,4.22,4847.67,798,494.05
Apple Podcasts,Comedy,3.43,4556.32,922,689.72
Spotify,Comedy,5,4980.68,1449,584.51
BBC Sounds,News & Culture,4.42,4589.51,1002,491.28
Spotify,Documentary,4.02,4370.12,1190,763.86
Apple Podcasts,News & Culture,4.3,4527.39,909,350.58
Apple Podcasts,Documentary,4.51,4426.33,1253,861.88
Apple Podcasts,Comedy,4.36,4522.05,770,555.11
YouTube,Documentary,4.14,4404.94,1068,826.47
Apple Podcasts,Documentary,4.71,4382.5,775,867.16
Apple Podcasts,News & Culture,4.4,4589.49,969,702.71
Apple Podcasts,Comedy,4.7,4624.77,1162,591.05
Apple Podcasts,Comedy,4.2,4630.37,891,395.7
Apple Podcasts,Comedy,4.66,4510.86,824,542.89
Spotify,Comedy,4.13,4642.75,798,403.22
YouTube,News & Culture,3.73,4485.18,1055,494.19
Apple Podcasts,Documentary,4.19,4196.49,913,592.29
Apple Podcasts,Comedy,4.56,4760.19,1023,430.37
Apple Podcasts,Documentary,3.84,4527.51,1260,711.87
Apple Podcasts,News & Culture,4.58,4589.06,669,510.46
Spotify,News & Culture,4.64,4540.76,837,572.05
Apple Podcasts,News & Culture,4,4358.7,976,402.29
Apple Podcasts,News & Culture,4.33,4204.93,728,572.43
Apple Podcasts,News & Culture,4.26,4344.73,848,558.33
Apple Podcasts,News & Culture,4.02,4282.14,758,409.88
Apple Podcasts,Comedy,4.33,4608.04,842,498.29
YouTube,Documentary,4.64,4264.76,1203,821.27
Spotify,Comedy,4,4682.31,1209,565.71
Apple Podcasts,Comedy,4.46,4814.66,1054,522.6
Apple Podcasts,News & Culture,3,4389.84,764,684.98
Apple Podcasts,Comedy,3.86,4708.39,1069,732.23
Apple Podcasts,Documentary,4.17,4255.13,863,750.02
Spotify,News & Culture,4.71,4683.3,1133,601.09
Apple Podcasts,Comedy,4.12,4646.67,985,588.6
Apple Podcasts,Comedy,4.35,4740.7,1091,470.54
Spotify,Documentary,3.88,4469.22,1087,949.42
Apple Podcasts,News & Culture,4.65,4973.67,1101,597.28
Apple Podcasts,Comedy,3.97,4710.83,929,527.84
YouTube,Documentary,4.74,4437.66,1102,558.26
Apple Podcasts,News & Culture,4.62,4337.04,865,495.91
Apple Podcasts,Documentary,4.74,4469.95,1218,989.31
Apple Podcasts,News & Culture,4.33,4607.7,781,721.43
Spotify,News & Culture,3.8,4390.46,863,301.74
Apple Podcasts,Documentary,4.12,4339.84,935,725.05
Apple Podcasts,Documentary,4.19,4425.45,984,1038.09
Apple Podcasts,Comedy,4.73,4498.31,1011,672.09
Apple Podcasts,Comedy,3.82,4562.82,1212,591.56
YouTube,News & Culture,4.52,4718.14,991,530.75
Apple Podcasts,News & Culture,4.73,4502.21,734,297.47
Apple Podcasts,News & Culture,3.43,4590.99,940,617.6
Apple Podcasts,Comedy,3.64,4556.48,839,465.42
Apple Podcasts,Comedy,3.61,4532.46,954,584.28
Apple Podcasts,News & Culture,4.62,4542.25,1136,286.42
Apple Podcasts,News & Culture,4.49,4447.77,968,549.4
Apple Podcasts,News & Culture,3.79,4746.73,792,531.53
Spotify,Documentary,4.16,4448.79,933,1086.32
Apple Podcasts,News & Culture,4.3,4786.66,1097,496.78
Apple Podcasts,Comedy,4.87,4523.62,883,351.45
Apple Podcasts,Comedy,4.54,4760.29,1207,540.01
Apple Podcasts,Documentary,4.14,4317.05,1099,620.63
Apple Podcasts,Documentary,4,4444.65,995,1014.66
Apple Podcasts,News & Culture,4.68,4362.64,853,535.55
Apple Podcasts,Documentary,3.9,4356.55,863,714.01
YouTube,Documentary,4.4,4270.57,911,890.51
YouTube,Comedy,5,4633.66,702,749.08
Spotify,News & Culture,4.42,4559.65,1074,578.98
Apple Podcasts,News & Culture,4.42,4517.68,1028,488.98
YouTube,News & Culture,3.93,4653,1094,422.82
Apple Podcasts,Documentary,4.35,4311.46,1109,808.45
Apple Podcasts,Comedy,4.5,4618.66,950,535.72
Apple Podcasts,Comedy,0,4581.94,0,380.43
Apple Podcasts,News & Culture,4.42,4374.44,916,528.99
Apple Podcasts,Comedy,4,4490.89,829,571.69
Apple Podcasts,Documentary,4.66,4459.76,929,975.91
Spotify,News & Culture,4.45,4154.96,559,530.44
Apple Podcasts,News & Culture,4.25,4630.09,958,518.91
Apple Podcasts,News & Culture,5,4296.02,643,440.12
Apple Podcasts,Comedy,4.73,4660.09,1099,402.49
Apple Podcasts,Comedy,4.25,4577.7,776,887.13
Apple Podcasts,Documentary,4.21,4400.7,1026,990.51
Apple Podcasts,Documentary,3.95,4360.78,1002,819.42
Apple Podcasts,News & Culture,4.01,4521.1,1090,569.97
Apple Podcasts,News & Culture,4.78,4463.04,955,394.21
Apple Podcasts,News & Culture,3.53,4311.21,666,494.05
Spotify,Comedy,3.89,4817.06,921,587.63
Spotify,News & Culture,3.45,3951.37,848,572.53
Apple Podcasts,News & Culture,4.23,4468.83,1066,172.92
Spotify,News & Culture,4.7,4428.81,851,561.67
YouTube,Comedy,4.42,4610.31,943,312.09
Apple Podcasts,News & Culture,4.73,4196.95,960,116.72
YouTube,Documentary,4.55,4308.84,883,635.49
YouTube,Documentary,4.96,4298.45,870,796.82
Apple Podcasts,Comedy,4.18,4418.67,819,473.64
Apple Podcasts,Documentary,100,4307.36,0,663.9
Apple Podcasts,Comedy,3.78,4915.13,1059,709.06
Apple Podcasts,Documentary,4.73,4320.68,989,582.05
Spotify,Documentary,4.53,4307.39,975,900.02
Apple Podcasts,News & Culture,4.3,4246.53,574,770.51
YouTube,News & Culture,0,4908.43,0,569.96
Apple Podcasts,News & Culture,4.68,4276.29,902,184.22
Apple Podcasts,News & Culture,5,4537.43,956,525.08
YouTube,Documentary,5,4344.1,1162,733.81
YouTube,Comedy,4.48,4958.27,1091,472.44
Apple Podcasts,Comedy,4.45,4689.06,1157,531.71
Apple Podcasts,Comedy,4.04,4920.58,1259,570.09
Apple Podcasts,News & Culture,4.33,4438.89,974,524.28
Spotify,Documentary,4.95,4304.36,1106,970.33
BBC Sounds,Comedy,4.87,4570.94,752,597.26
Apple Podcasts,Comedy,2.73,4828.57,1106,648.25
Apple Podcasts,Documentary,4.76,4406.36,976,1014.47
Apple Podcasts,News & Culture,3,4476.3,775,397.55
Spotify,News & Culture,4.19,4590.07,746,545.6
YouTube,Documentary,3.51,4489.71,790,766.1
Apple Podcasts,News & Culture,4.44,4664.86,698,698.39
Apple Podcasts,Comedy,4.8,4596.37,871,572.87
Apple Podcasts,Documentary,4.1,4396.81,941,868.76
Apple Podcasts,News & Culture,4.48,4503.07,866,533.1
Apple Podcasts,Documentary,4.66,4281.63,1201,647.15
BBC Sounds,Comedy,3.76,4606.42,668,572.75
YouTube,Comedy,4.05,4530.72,874,419.67
Apple Podcasts,News & Culture,4.57,4747.71,934,504.99
YouTube,Documentary,4.12,4306.64,1016,867.44
Apple Podcasts,Comedy,4.54,4657.63,912,520.46
Apple Podcasts,News & Culture,4.4,4568.91,1120,391.01
YouTube,Documentary,3.75,4353.31,915,1117.79
Spotify,Comedy,5,4806.45,850,608.05
Apple Podcasts,Comedy,4.54,4743.56,826,822.85
Spotify,News & Culture,4.75,4351.37,772,645.85
BBC Sounds,Documentary,4.34,4347.92,1045,832.01
Apple Podcasts,Comedy,1,4655.23,1071,490.51
Apple Podcasts,Comedy,4,4734.49,964,416.9
Apple Podcasts,Comedy,5,4669.86,1032,308.57
Apple Podcasts,News & Culture,4.81,4622.16,737,693.17
Apple Podcasts,News & Culture,4.84,4393.03,894,605.54
YouTube,Comedy,4.05,4764.21,1143,513.38
Apple Podcasts,Comedy,5,4586.92,795,594.63
Apple Podcasts,News & Culture,4.51,4687.25,879,464.39
Apple Podcasts,Documentary,4.27,4345.35,842,659.59
Apple Podcasts,Comedy,4.63,4781.58,973,768.79
Apple Podcasts,Comedy,3.92,4775.8,910,754.78
Apple Podcasts,Documentary,4.34,4402.1,1004,808.47
Apple Podcasts,News & Culture,4.23,4379.12,873,313.49
Apple Podcasts,News & Culture,4.56,4523.65,695,615.93
Apple Podcasts,Comedy,4.62,4613.1,786,429.31
Apple Podcasts,Documentary,4.09,4360.03,915,718.76
Apple Podcasts,Comedy,4.33,4870.16,1105,706.15
Apple Podcasts,Documentary,4.56,4300.98,842,667.76
BBC Sounds,Comedy,3.17,4500.93,1104,528.28
Spotify,Comedy,3.66,4789.73,1150,717.67
Apple Podcasts,Documentary,4.24,4390.45,755,1029.95
Apple Podcasts,Documentary,4.27,4323.96,883,724.51
Apple Podcasts,News & Culture,4.49,4363.66,579,507.46
Apple Podcasts,Comedy,3.54,4575.17,932,518.08
Apple Podcasts,News & Culture,4.81,4720.53,1252,471.2
Apple Podcasts,News & Culture,4.27,4663.67,796,513
YouTube,Comedy,4.19,4674.54,997,427.19
Spotify,Comedy,3.87,4752.19,1055,419.92
Apple Podcasts,News & Culture,4.37,4576.28,725,500.49
Apple Podcasts,News & Culture,4.31,4444.43,623,765.7
Apple Podcasts,Documentary,4.76,4427.77,1084,1015.21
Apple Podcasts,Documentary,4.86,4531.12,1076,1060.8
Spotify,Documentary,4.2,4448.74,1206,754.02
Apple Podcasts,Comedy,4.73,4791.11,917,527.47
Apple Podcasts,Documentary,4.61,4584.42,1272,701.98
Spotify,Comedy,4.44,4691,958,704.4
Apple Podcasts,Documentary,100,4274.44,0,879.78
Spotify,Comedy,0,4748.2,0,515.94
Apple Podcasts,News & Culture,4.5,4552.44,965,627.75
Apple Podcasts,News & Culture,4.37,4725.96,1007,488.72
Apple Podcasts,News & Culture,3.71,4485.94,1109,353.37
Apple Podcasts,Documentary,4.6,4310.11,1177,743.2
Apple Podcasts,Documentary,3.91,4272.07,1046,860.9
Apple Podcasts,Comedy,4.47,4603.31,794,727.22
Spotify,Documentary,4.51,4243.5,1013,700.12
Apple Podcasts,News & Culture,100,4463.23,0,525.64
Apple Podcasts,News & Culture,4.66,4359.34,940,513.33
Spotify,Comedy,4.42,4679.97,913,360.66
Apple Podcasts,News & Culture,5,4349.56,798,251.61
BBC Sounds,News & Culture,4.82,4767.29,925,639.44
Apple Podcasts,News & Culture,4.55,4788.86,1277,636.69
Apple Podcasts,Comedy,4.3,4716.91,732,696.81
Spotify,Comedy,4.97,4750.93,1164,518.96
Apple Podcasts,News & Culture,4.7,4289.55,958,449.61
Apple Podcasts,Documentary,4.71,4314,730,687.3
Apple Podcasts,News & Culture,4,4374.62,944,516.59
Spotify,Comedy,3.6,4639.11,975,600.07
Spotify,News & Culture,4.36,4492.99,933,591.32
Apple Podcasts,Documentary,4.84,4365.55,1250,631
Apple Podcasts,Comedy,4.09,4594.46,744,434.49
Apple Podcasts,Comedy,4.12,4857.69,997,381.83
Apple Podcasts,News & Culture,4.44,4384.21,964,294.34
Apple Podcasts,Documentary,4.13,4307.14,852,665.89
Spotify,Documentary,4.58,4490.64,1060,876.28
Apple Podcasts,Comedy,4.21,4816.3,1171,592.04
Apple Podcasts,News & Culture,4.2,4566.74,922,543.74
YouTube,Comedy,4.4,4742.14,995,593.43
Apple Podcasts,Documentary,4.51,4588.06,1327,710.69
Spotify,Documentary,4.93,4259.85,1046,712.28
Apple Podcasts,Comedy,5,4493.32,825,620.42
Apple Podcasts,Comedy,4.22,4699.24,891,664.1
Spotify,Documentary,3.97,4396.09,1105,1014.14
Apple Podcasts,Comedy,4.49,4861.54,1186,452.06
Apple Podcasts,News & Culture,4.53,4696.42,937,477.88
Apple Podcasts,News & Culture,4.33,4418.79,750,512.98
Apple Podcasts,Documentary,4.37,4478.89,778,974.4
Apple Podcasts,Comedy,4.4,5093.86,1187,800.98
Apple Podcasts,Comedy,4.36,4643.88,932,642.32
Apple Podcasts,Documentary,3.6,4433.44,919,1008.55
Apple Podcasts,Documentary,4.64,4198.48,737,846.26
Apple Podcasts,Documentary,4.7,4279.82,1043,849.74
YouTube,Comedy,4.4,4713.6,909,625.97
Spotify,Comedy,4.87,4713.06,1080,646.77
Apple Podcasts,Documentary,4.72,4353.05,946,789.45
Apple Podcasts,Documentary,4.45,4363.68,1276,912.79
Apple Podcasts,Comedy,4.82,4712.21,1219,284.69
Apple Podcasts,News & Culture,3,4595.06,735,658.78
Spotify,Comedy,3.6,4790.93,983,557.42
Apple Podcasts,Comedy,4.62,4575.21,845,726.42
YouTube,Comedy,4.2,4616.09,822,684.06
Apple Podcasts,Documentary,4.34,4378.35,1273,738.93
Apple Podcasts,Comedy,4.75,4823.42,1278,574.43
Apple Podcasts,Documentary,4.18,4328.56,992,781.15
Apple Podcasts,Documentary,4.25,4387.78,1223,962.74
Apple Podcasts,Documentary,3.87,4316.84,1060,761.91
YouTube,News & Culture,4.53,4317.31,912,292.85
Apple Podcasts,News & Culture,4.41,4435.5,741,396.28
Spotify,News & Culture,4.77,4627.89,980,455.13
Spotify,Comedy,5,4793.04,1019,470.41
Apple Podcasts,Documentary,4.25,4443.47,1237,899.54
Apple Podcasts,News & Culture,4.05,4342.49,868,444.3
Apple Podcasts,News & Culture,4.71,4420.34,553,551.18
Apple Podcasts,Documentary,4.34,4346.7,988,779.17
Apple Podcasts,News & Culture,4,4632.28,1122,673.03
Apple Podcasts,Comedy,4.44,4632.56,963,457.01
YouTube,Documentary,5,4356.34,1011,761.06
Apple Podcasts,Documentary,4.52,4226.17,1026,668.27
Apple Podcasts,Documentary,3.9,4348.78,1030,632.46
Spotify,News & Culture,4.35,4433.8,964,517.56
Apple Podcasts,Documentary,5,4259.23,854,850.68
YouTube,Comedy,3.64,4600.15,863,668.77
YouTube,Comedy,3.77,4485.48,888,358.38
Apple Podcasts,News & Culture,3.73,4275.53,703,529.96
Apple Podcasts,News & Culture,4.35,4436.73,884,686.55
YouTube,Documentary,4.42,4449.34,1113,884.9
Spotify,Comedy,4.42,4547.05,733,542.62
Apple Podcasts,Documentary,4.33,4400.01,916,693.05
Apple Podcasts,Comedy,5,4721.3,758,551.92
Apple Podcasts,Comedy,4.35,4815.51,924,652.32
Apple Podcasts,Comedy,3.84,4634.53,831,483.94
Apple Podcasts,News & Culture,4.9,4576.37,792,655.69
Apple Podcasts,Documentary,4.88,4319.13,1174,703
Apple Podcasts,Documentary,3.92,4377.05,997,966.03
YouTube,News & Culture,4.6,4456.79,966,390.92
Apple Podcasts,News & Culture,4.6,4382.72,841,610.25
Apple Podcasts,Documentary,4.18,4294.98,920,741.57
Apple Podcasts,News & Culture,4.59,4579.49,1168,446.72
Apple Podcasts,Documentary,5,4342.63,1190,578.24
BBC Sounds,News & Culture,4.03,4361.12,894,239.08
Apple Podcasts,News & Culture,4.5,4618.67,837,578.67
YouTube,News & Culture,4.31,4379.95,839,431.49
Apple Podcasts,Comedy,4.79,4959.96,1100,639.34
Spotify,News & Culture,3.84,4461.89,1158,421.52
Apple Podcasts,News & Culture,3.25,4516.6,761,420.54
Apple Podcasts,Comedy,3.41,4673.79,1093,662.15
Apple Podcasts,Documentary,4.43,4374.55,1062,883.92
Spotify,News & Culture,4,4602.66,870,606.34
Apple Podcasts,News & Culture,3.5,4311.16,1074,356.07
YouTube,News & Culture,4.29,4470.67,1119,416.23
Spotify,Comedy,5,4736.46,939,645.31
Spotify,Comedy,4.9,4731.14,871,552.56
Apple Podcasts,Comedy,4.39,4722.79,1167,512.18
YouTube,Documentary,5,4260.74,1145,672.63
BBC Sounds,News & Culture,4.5,4589.99,1049,488.34
Apple Podcasts,Comedy,4.22,4664.53,1092,519.47
Apple Podcasts,Comedy,4.44,4770.72,1153,590.58
Apple Podcasts,Comedy,4.56,4554.49,836,734.81
Apple Podcasts,Comedy,4.61,4728.18,947,568.14
Apple Podcasts,Comedy,4.5,4654.52,692,428.51
Apple Podcasts,Documentary,4.64,4529.72,1308,796.23
Apple Podcasts,Documentary,4.66,4207.71,849,659.79
Apple Podcasts,Documentary,3.67,4219.69,690,895.32
BBC Sounds,Documentary,5,4250.55,1076,845.96
Apple Podcasts,Documentary,4.66,4295.71,1095,846.44
Spotify,News & Culture,3.5,4403.11,1021,483.54
Spotify,News & Culture,4.17,4403.55,699,675.21
Apple Podcasts,Documentary,4.27,4300.58,889,909.03
Apple Podcasts,News & Culture,4.61,4598.53,803,677.82
YouTube,Comedy,4.58,4494.69,837,439.76
Apple Podcasts,News & Culture,4.69,4507.99,927,606.23
Apple Podcasts,News & Culture,5,4280.72,821,506.45
Apple Podcasts,News & Culture,3.85,4568.03,859,741.58
Apple Podcasts,Comedy,4.38,4625.12,859,594.51
Apple Podcasts,News & Culture,4.6,4369.12,859,342.62
Apple Podcasts,News & Culture,0,4293.16,0,277.83
YouTube,Comedy,3.8,4746.17,710,546.45
Apple Podcasts,News & Culture,4.55,4585.51,1071,581.36
Spotify,News & Culture,4.65,4274.78,581,411.66
Apple Podcasts,News & Culture,3.98,4564.71,956,641.2
Apple Podcasts,Comedy,4.8,4718.52,931,696.87
Apple Podcasts,Documentary,4.8,4346.34,1106,944.28
Apple Podcasts,News & Culture,4.58,4346.17,1064,304.7
Spotify,Documentary,4.42,4338.32,1047,970.95
YouTube,News & Culture,4.42,4400.7,872,501.84
YouTube,News & Culture,4.5,4386.02,882,641.3
Spotify,Comedy,4.03,4587.01,875,332.93
Apple Podcasts,News & Culture,3.77,4453.32,717,531.57
Apple Podcasts,Comedy,4.13,4632.68,850,303.72
Apple Podcasts,News & Culture,4.23,4662.26,851,648.27
Apple Podcasts,Documentary,4.54,4435.01,972,705.13
Spotify,Documentary,4.92,4269.85,938,765.98
YouTube,News & Culture,4.63,4631.19,1124,381.92
YouTube,News & Culture,4.45,4538.99,981,343.67
Apple Podcasts,News & Culture,4.9,4326.35,931,446.68
Apple Podcasts,Documentary,4.19,4420.68,1052,648.36
Apple Podcasts,Comedy,4.01,4643.5,915,777.9
Spotify,Comedy,4.43,4560.02,891,681.17
Apple Podcasts,Documentary,4,4431.58,979,961.02
Spotify,Documentary,3.95,4327.18,1108,789.52
Apple Podcasts,News & Culture,3.64,4574.62,906,448.75
Apple Podcasts,Documentary,3.79,4371.54,1131,659.2
Apple Podcasts,Documentary,4.03,4413.66,1065,758.81
Apple Podcasts,Comedy,3.78,4674.06,966,488.83
Apple Podcasts,Documentary,4.8,4358.11,876,586.58
Apple Podcasts,News & Culture,4.34,4425.94,1131,467.2
Apple Podcasts,Documentary,4.7,4409.28,1047,926.56
Apple Podcasts,Documentary,4.45,4353.85,1054,841.15
Spotify,Comedy,4.56,4765.23,1019,772.62
Apple Podcasts,Comedy,4.82,4829.81,1246,508.56
Apple Podcasts,News & Culture,4.35,4577.63,934,815.04
YouTube,News & Culture,4.32,4495.77,764,656.48
Apple Podcasts,Comedy,4.08,4599.63,857,294.98
Apple Podcasts,News & Culture,5,4509.49,1094,614.71
Apple Podcasts,Documentary,4.48,4508.16,1134,888
Apple Podcasts,Comedy,3.95,4850.85,897,638.57
Apple Podcasts,Comedy,4.5,4713.15,1074,627.19
Apple Podcasts,Comedy,4.41,4563.82,563,546.03
Apple Podcasts,Comedy,5,4734.16,855,766.07
Spotify,Comedy,3.75,4462.92,1273,238.3
Apple Podcasts,Comedy,5,4711.48,914,495.06
Apple Podcasts,Documentary,4.51,4428.7,1109,662.02
Apple Podcasts,Documentary,4.27,4080.42,478,947.87
Apple Podcasts,Comedy,5,4564.24,628,568.28
Apple Podcasts,Comedy,4.15,4833.04,1103,304.72
Apple Podcasts,Documentary,4.48,4199.82,929,948.5
Apple Podcasts,Comedy,4.3,4595.42,1076,388.52
Apple Podcasts,News & Culture,4.17,4657.62,944,440.48
Apple Podcasts,Comedy,4.14,4699.83,871,612.27
Apple Podcasts,Documentary,4.52,4279.67,880,702.3
Apple Podcasts,News & Culture,4.63,4518.02,936,493.83
Spotify,Comedy,4.45,4759.43,939,604.54
Apple Podcasts,News & Culture,5,4526.65,1030,546.91
BBC Sounds,Comedy,4.5,4774.27,1072,629.07
Apple Podcasts,Comedy,4.37,4778.94,771,519
Apple Podcasts,Comedy,4.52,4583.97,721,541.28
Apple Podcasts,News & Culture,4.5,4406.6,909,440.57
Apple Podcasts,News & Culture,4.44,4359.66,702,379.55
BBC Sounds,Comedy,4.18,4854.28,1189,665.67
Apple Podcasts,Comedy,4.29,4708.36,726,659.72
BBC Sounds,Documentary,4.65,4251.73,824,653.73
Apple Podcasts,News & Culture,4.77,4688.42,898,559.28
Spotify,Comedy,4.45,4571.48,766,314.2
Apple Podcasts,Comedy,4.58,4575.41,933,681.7
Spotify,Documentary,4.03,4222.06,1068,622.52
Apple Podcasts,Comedy,3.38,4739.9,1033,591.36
Apple Podcasts,News & Culture,4.49,4236.33,812,373.93
Apple Podcasts,News & Culture,3.33,4832.87,1173,642.39
Apple Podcasts,Comedy,4.57,4602.91,946,744.31
Spotify,Documentary,4.34,4353,891,877.77
Apple Podcasts,Documentary,4.1,4363.04,968,1007.72
Apple Podcasts,News & Culture,5,4587.16,1098,559.89
Apple Podcasts,Documentary,4.28,4311.22,1236,594.41
BBC Sounds,Documentary,4.17,4218.97,645,755.51
Apple Podcasts,Comedy,4.75,4587.53,903,400.24
Spotify,News & Culture,4.76,4561.78,831,534.98
Apple Podcasts,News & Culture,5,4297.27,953,640.3
Apple Podcasts,Comedy,4.26,4704.62,1012,267.49
Apple Podcasts,Comedy,4.66,4729.43,1088,537.72
Apple Podcasts,Comedy,4,4771.93,919,653.42
Spotify,News & Culture,4.61,4644.63,1117,544.46
Apple Podcasts,Documentary,4.71,4275.63,1234,711.21
Apple Podcasts,News & Culture,4.85,4408.79,900,497.57
Apple Podcasts,Comedy,3.82,4380.24,1011,320.51
Apple Podcasts,News & Culture,4.16,4407.13,918,438.7
Apple Podcasts,Documentary,4,4345.7,1032,704.72
Apple Podcasts,News & Culture,4.4,4551.53,1000,266.22
Apple Podcasts,News & Culture,4.84,4551.56,880,479.11
Apple Podcasts,Comedy,4.39,4680.47,995,256.59
YouTube,News & Culture,3.8,4654.38,933,363.77
Apple Podcasts,Documentary,4.81,4328.72,913,840.13
Apple Podcasts,News & Culture,4.33,4627.55,1025,578.39
Apple Podcasts,News & Culture,4.71,4454.81,881,510.75
Apple Podcasts,Comedy,4.7,4756.57,886,706.9
Apple Podcasts,News & Culture,3.8,4305.61,866,670.19
Spotify,News & Culture,2.96,4435.07,911,282.42
Spotify,News & Culture,4.73,4454.5,817,576.88
Apple Podcasts,News & Culture,4.6,4128.07,1000,275.26
Spotify,News & Culture,4.13,4673.19,1057,633.25
Apple Podcasts,News & Culture,4.25,4393.05,739,571.8
Apple Podcasts,Documentary,4.65,4191.02,736,781.79
Apple Podcasts,News & Culture,4.2,4684.25,961,637.57
YouTube,News & Culture,4.4,4447.82,858,519.6
Apple Podcasts,News & Culture,4.65,4486.33,828,602.08
Spotify,Comedy,4.86,4588.22,945,327.09
Apple Podcasts,Documentary,4.7,4404.03,1052,789.85
Apple Podcasts,Documentary,4.57,4304.48,950,860.02
Apple Podcasts,Documentary,4,4410.26,986,1001.74
Apple Podcasts,Comedy,4.43,4705.07,764,495.44
Apple Podcasts,Documentary,2,4413.88,1013,640.55
Apple Podcasts,Documentary,4.71,4178.01,1074,806.02
Apple Podcasts,Comedy,4.58,4734.62,831,733.6
Spotify,Documentary,4.05,4384.67,1048,927.82
Apple Podcasts,Comedy,4.72,4750.4,990,644.28
Apple Podcasts,News & Culture,4.31,4406.27,692,347.86
Spotify,Comedy,4.56,4825.01,1105,564.63
Apple Podcasts,News & Culture,4.25,4716.26,827,853.75
YouTube,News & Culture,4.18,4411.93,1146,491.54
Apple Podcasts,Documentary,4.73,4529.02,984,873.23
Apple Podcasts,Comedy,4.06,4589.47,1204,349.75
Spotify,Comedy,4.25,4777.5,886,535.79
Apple Podcasts,Comedy,4.28,4688.72,1000,520.48
YouTube,News & Culture,4.25,4632.23,971,701.28
Spotify,Comedy,4.72,4804.01,992,541.61
Apple Podcasts,News & Culture,4,4600.66,936,801.14
Apple Podcasts,Comedy,3.65,4756.84,894,621.21
Apple Podcasts,Comedy,4.02,4659.07,983,466.33
Spotify,News & Culture,4.52,4193.01,714,566.92
Spotify,Comedy,4.84,4664.59,927,648.62
Apple Podcasts,Comedy,3.57,4407.24,771,572.41
YouTube,Comedy,4.74,4722.28,737,848.46
Spotify,Documentary,4.28,4360.08,933,891.8
Apple Podcasts,Documentary,5,4212.09,999,775.23
Apple Podcasts,News & Culture,4.7,4598.93,991,742.63
Apple Podcasts,News & Culture,4.28,4336.05,931,506.31
Spotify,Comedy,4.17,4864.36,887,622.48
Apple Podcasts,Documentary,4.88,4201.89,1177,535.64
Apple Podcasts,Comedy,4.52,4696.85,993,555.34
BBC Sounds,Comedy,4.64,4777.09,1273,521.29
Apple Podcasts,Comedy,4.31,4521.06,874,592.17
Apple Podcasts,Comedy,4.55,4726.66,823,427.06
Apple Podcasts,Documentary,4.53,4403.02,969,884.68
Apple Podcasts,Comedy,4.53,4648.17,804,396.23
YouTube,Documentary,4.45,4397.17,1191,877.87
Apple Podcasts,Documentary,4.86,4198.59,1053,563.11
Apple Podcasts,Documentary,3.79,4403.87,1031,870.48
Spotify,Comedy,100,4480.87,0,300.49
Apple Podcasts,Documentary,4.5,4250.96,773,785.46
YouTube,Documentary,4.22,4240.59,1068,740.57
YouTube,Comedy,4.62,4743.18,977,539.33
YouTube,Comedy,4.33,4756.85,968,501.44
Apple Podcasts,Documentary,4.36,4462.91,1165,1068.56
Apple Podcasts,Comedy,4.61,4834.04,728,536.14
Apple Podcasts,News & Culture,4.26,4418.4,654,610.97
Apple Podcasts,Comedy,4.4,4828.46,990,518.51
Spotify,News & Culture,3.81,4615.25,900,515.62
Apple Podcasts,Comedy,2.33,4752.28,1050,608.46
Spotify,Comedy,3.42,4657.84,795,590.98
Apple Podcasts,Comedy,4.16,4564.61,923,679.92
Apple Podcasts,Comedy,4.73,4756.21,1109,602.61
BBC Sounds,News & Culture,3.76,4449.86,936,296.22
YouTube,Documentary,4.84,4386.69,937,1027.53
Apple Podcasts,Documentary,4.36,4355.94,772,1050.46
Apple Podcasts,News & Culture,2.47,4444.23,893,368.87
Apple Podcasts,Comedy,4.63,4585.37,929,377.14
Apple Podcasts,Comedy,4.69,4603.75,855,578.19
Spotify,Comedy,4.44,4434.52,736,638.98
Apple Podcasts,Comedy,4,4564.2,1137,418.08
Apple Podcasts,Comedy,5,4682.31,1002,543.66
Spotify,Comedy,4.61,4572.03,966,424.46
Apple Podcasts,Documentary,4.3,4363.69,1304,684.92
Apple Podcasts,News & Culture,4.43,4617.87,1097,793.56
Apple Podcasts,Documentary,4.25,4358.74,1212,1065.83
Spotify,News & Culture,4.81,4460.67,992,560.54
Apple Podcasts,Documentary,4.67,4279.46,949,702.48
Apple Podcasts,News & Culture,4.4,4537.35,878,557.44
Apple Podcasts,News & Culture,5,4630.92,1250,351.15
Apple Podcasts,Documentary,4.9,4301,887,814.42
Apple Podcasts,Comedy,4.39,4641.09,1106,516.84
Apple Podcasts,News & Culture,5,4340.02,974,558.18
Apple Podcasts,News & Culture,4.41,4539.37,1235,404.86
YouTube,Documentary,4.11,4213.23,976,834.79
Apple Podcasts,Documentary,4.34,4326.39,1199,903.8
Apple Podcasts,Comedy,4.41,4420.19,833,333.86
Spotify,News & Culture,4.4,4399.96,1001,387.79
YouTube,News & Culture,4.94,4102.89,959,389.55
Apple Podcasts,Comedy,4.88,4791.56,935,557.22
Apple Podcasts,Documentary,4.78,4389.2,1030,930.25
Apple Podcasts,News & Culture,4.24,4529.17,817,461.83
Spotify,Comedy,4.33,4684.17,776,380.64
Apple Podcasts,News & Culture,4.5,4480.19,1088,407.08
Apple Podcasts,News & Culture,4.4,4617.62,894,526.92
Apple Podcasts,News & Culture,3.71,4387.04,1044,332.02
Apple Podcasts,Comedy,4.21,5027.07,1046,785.48
Apple Podcasts,News & Culture,4.69,4529.32,1004,346.76
YouTube,Documentary,4.32,4222.98,768,791.77
Apple Podcasts,Documentary,2.57,4323.31,813,799.56
Apple Podcasts,Comedy,5,4558.75,1003,455.4
Apple Podcasts,News & Culture,3.82,4525.78,1255,427.97
Apple Podcasts,Comedy,4.72,4780.61,872,513.28
YouTube,Documentary,4.13,4525.09,871,1067.39
YouTube,Comedy,4.78,4694.55,1038,646.61
Apple Podcasts,News & Culture,4.35,4583.87,843,574.97
YouTube,Documentary,4.68,4479.25,1139,774.08
Apple Podcasts,Documentary,4.22,4350.99,1191,541.63
YouTube,Comedy,4.52,4850.9,1015,644.4
Apple Podcasts,News & Culture,4.3,4596.54,1042,588.76
Apple Podcasts,Comedy,4.03,4761.69,829,400.79
Apple Podcasts,Comedy,4.85,4668.37,846,460.99
Apple Podcasts,Documentary,4.79,4310.72,883,777.82
Apple Podcasts,Documentary,4.8,4481.35,1283,785.26
Apple Podcasts,Comedy,4.34,4662.28,966,595.39
Apple Podcasts,News & Culture,4.75,4817.14,971,692.59
Spotify,News & Culture,4.28,4561.8,931,557.87
Apple Podcasts,Documentary,3.87,4433.21,932,773.48
YouTube,News & Culture,4.5,4473.14,923,705.67
Apple Podcasts,Documentary,5,4464.57,1075,916.29
Apple Podcasts,Documentary,4.28,4184.5,802,734.25
Apple Podcasts,Comedy,4.31,4659.19,1266,507.23
Apple Podcasts,Documentary,4.8,4286.29,1097,865.62
YouTube,Documentary,4.53,4245.85,607,784.39
YouTube,Comedy,4.34,4394.86,755,463.52
Apple Podcasts,Comedy,4.25,4658.23,1020,524.19
Apple Podcasts,Documentary,4.43,4533.71,1155,843.36
Spotify,News & Culture,4.15,4504.15,899,714.88
Apple Podcasts,News & Culture,4.32,4630.35,1016,736.46
Apple Podcasts,News & Culture,4,4514.52,702,679.26
Apple Podcasts,Documentary,4.75,4430.4,1233,671.19
Apple Podcasts,Documentary,4.5,4303.7,1046,594.17
Apple Podcasts,Documentary,4.52,4343.98,825,866.16
Apple Podcasts,News & Culture,4.64,4221.67,1118,417.83
Apple Podcasts,News & Culture,4.14,4709.73,1078,668.16
Apple Podcasts,Comedy,4.58,4384.84,712,404.27
Spotify,News & Culture,5,4626.11,867,641.15
YouTube,Comedy,4.76,4656.75,879,659.35
YouTube,News & Culture,4.54,4376.02,811,431.39
Apple Podcasts,Documentary,4.53,4298.86,939,739.86
Apple Podcasts,News & Culture,4.65,4604.04,913,598.66
Spotify,Comedy,4.18,4700.6,987,545.76
YouTube,Comedy,4.88,4652.84,880,610.42
Apple Podcasts,Comedy,4.09,4877.61,1238,623.69
Apple Podcasts,Documentary,4.79,4417.96,1122,879.06
Apple Podcasts,Documentary,4.49,4305.14,858,616.98
Apple Podcasts,Comedy,4.15,4652.99,1004,508.87
